anatomical_site_index	anatomical_site_label	cluster_index	character_index	character_label	ref	var	var_read_prob	site_category
0	Primary, right lower calf	6	0	COL6A3	311	99	0.5	primary
1	Locoregional skin metastasis 1, right calf	6	0	COL6A3	211	130	0.5	metastasis
2	Locoregional skin metastasis 2, right mid-calf	6	0	COL6A3	320	96	0.5	metastasis
0	Primary, right lower calf	1	1	ARHGEF10L	526	146	0.5	primary
1	Locoregional skin metastasis 1, right calf	1	1	ARHGEF10L	359	208	0.5	metastasis
2	Locoregional skin metastasis 2, right mid-calf	1	1	ARHGEF10L	515	149	0.5	metastasis
0	Primary, right lower calf	6	2	C18orf34	81	29	0.5	primary
1	Locoregional skin metastasis 1, right calf	6	2	C18orf34	68	28	0.5	metastasis
2	Locoregional skin metastasis 2, right mid-calf	6	2	C18orf34	104	21	0.5	metastasis
0	Primary, right lower calf	4	3	CLIP4	294	40	0.5	primary
1	Locoregional skin metastasis 1, right calf	4	3	CLIP4	229	136	0.5	metastasis
2	Locoregional skin metastasis 2, right mid-calf	4	3	CLIP4	360	121	0.5	metastasis
0	Primary, right lower calf	6	4	ATP11A	102	34	0.5	primary
1	Locoregional skin metastasis 1, right calf	6	4	ATP11A	98	58	0.5	metastasis
2	Locoregional skin metastasis 2, right mid-calf	6	4	ATP11A	157	32	0.5	metastasis
0	Primary, right lower calf	6	5	CREB3L2	151	57	0.5	primary
1	Locoregional skin metastasis 1, right calf	6	5	CREB3L2	149	79	0.5	metastasis
2	Locoregional skin metastasis 2, right mid-calf	6	5	CREB3L2	168	65	0.5	metastasis
0	Primary, right lower calf	2	6	NEXN	31	4	0.5	primary
1	Locoregional skin metastasis 1, right calf	2	6	NEXN	35	0	0.5	metastasis
2	Locoregional skin metastasis 2, right mid-calf	2	6	NEXN	36	0	0.5	metastasis
0	Primary, right lower calf	6	7	GPC6	241	81	0.5	primary
1	Locoregional skin metastasis 1, right calf	6	7	GPC6	159	132	0.5	metastasis
2	Locoregional skin metastasis 2, right mid-calf	6	7	GPC6	255	111	0.5	metastasis
0	Primary, right lower calf	6	8	NETO2	149	74	0.5	primary
1	Locoregional skin metastasis 1, right calf	6	8	NETO2	131	98	0.5	metastasis
2	Locoregional skin metastasis 2, right mid-calf	6	8	NETO2	187	69	0.5	metastasis
0	Primary, right lower calf	6	9	ATP9A	214	87	0.5	primary
1	Locoregional skin metastasis 1, right calf	6	9	ATP9A	140	100	0.5	metastasis
2	Locoregional skin metastasis 2, right mid-calf	6	9	ATP9A	226	78	0.5	metastasis
0	Primary, right lower calf	6	10	MRGPRX1	20	5	0.5	primary
1	Locoregional skin metastasis 1, right calf	6	10	MRGPRX1	17	15	0.5	metastasis
2	Locoregional skin metastasis 2, right mid-calf	6	10	MRGPRX1	26	6	0.5	metastasis
0	Primary, right lower calf	6	11	SLITRK1	346	110	0.5	primary
1	Locoregional skin metastasis 1, right calf	6	11	SLITRK1	287	172	0.5	metastasis
2	Locoregional skin metastasis 2, right mid-calf	6	11	SLITRK1	384	124	0.5	metastasis
0	Primary, right lower calf	6	12	MYH15	160	48	0.5	primary
1	Locoregional skin metastasis 1, right calf	6	12	MYH15	115	105	0.5	metastasis
2	Locoregional skin metastasis 2, right mid-calf	6	12	MYH15	222	85	0.5	metastasis
0	Primary, right lower calf	1	13	FNDC3A	118	34	0.5	primary
1	Locoregional skin metastasis 1, right calf	1	13	FNDC3A	96	54	0.5	metastasis
2	Locoregional skin metastasis 2, right mid-calf	1	13	FNDC3A	163	52	0.5	metastasis
0	Primary, right lower calf	6	14	ARHGAP29	79	38	0.5	primary
1	Locoregional skin metastasis 1, right calf	6	14	ARHGAP29	81	65	0.5	metastasis
2	Locoregional skin metastasis 2, right mid-calf	6	14	ARHGAP29	118	32	0.5	metastasis
0	Primary, right lower calf	6	15	GRIN2A	278	87	0.5	primary
1	Locoregional skin metastasis 1, right calf	6	15	GRIN2A	174	109	0.5	metastasis
2	Locoregional skin metastasis 2, right mid-calf	6	15	GRIN2A	288	86	0.5	metastasis
0	Primary, right lower calf	4	16	SNCAIP	497	58	0.5	primary
1	Locoregional skin metastasis 1, right calf	4	16	SNCAIP	311	182	0.5	metastasis
2	Locoregional skin metastasis 2, right mid-calf	4	16	SNCAIP	470	107	0.5	metastasis
0	Primary, right lower calf	6	17	ZNF791	86	29	0.5	primary
1	Locoregional skin metastasis 1, right calf	6	17	ZNF791	54	34	0.5	metastasis
2	Locoregional skin metastasis 2, right mid-calf	6	17	ZNF791	110	21	0.5	metastasis
0	Primary, right lower calf	6	18	CACNA1B	150	68	0.5	primary
1	Locoregional skin metastasis 1, right calf	6	18	CACNA1B	125	102	0.5	metastasis
2	Locoregional skin metastasis 2, right mid-calf	6	18	CACNA1B	170	46	0.5	metastasis
0	Primary, right lower calf	6	19	SERPINB4	191	80	0.5	primary
1	Locoregional skin metastasis 1, right calf	6	19	SERPINB4	160	75	0.5	metastasis
2	Locoregional skin metastasis 2, right mid-calf	6	19	SERPINB4	221	50	0.5	metastasis
0	Primary, right lower calf	6	20	APBA2	69	23	0.5	primary
1	Locoregional skin metastasis 1, right calf	6	20	APBA2	35	19	0.5	metastasis
2	Locoregional skin metastasis 2, right mid-calf	6	20	APBA2	53	21	0.5	metastasis
0	Primary, right lower calf	1	21	PPHLN1	70	14	0.5	primary
1	Locoregional skin metastasis 1, right calf	1	21	PPHLN1	62	28	0.5	metastasis
2	Locoregional skin metastasis 2, right mid-calf	1	21	PPHLN1	93	22	0.5	metastasis
0	Primary, right lower calf	6	22	C16orf95	49	12	0.5	primary
1	Locoregional skin metastasis 1, right calf	6	22	C16orf95	37	35	0.5	metastasis
2	Locoregional skin metastasis 2, right mid-calf	6	22	C16orf95	46	18	0.5	metastasis
0	Primary, right lower calf	6	23	MUC16	136	59	0.5	primary
1	Locoregional skin metastasis 1, right calf	6	23	MUC16	98	69	0.5	metastasis
2	Locoregional skin metastasis 2, right mid-calf	6	23	MUC16	173	59	0.5	metastasis
0	Primary, right lower calf	1	24	RGS7	483	93	0.5	primary
1	Locoregional skin metastasis 1, right calf	1	24	RGS7	299	225	0.5	metastasis
2	Locoregional skin metastasis 2, right mid-calf	1	24	RGS7	416	113	0.5	metastasis
0	Primary, right lower calf	1	25	OR10X1	200	51	0.5	primary
1	Locoregional skin metastasis 1, right calf	1	25	OR10X1	143	80	0.5	metastasis
2	Locoregional skin metastasis 2, right mid-calf	1	25	OR10X1	232	52	0.5	metastasis
0	Primary, right lower calf	6	26	C2orf89	146	56	0.5	primary
1	Locoregional skin metastasis 1, right calf	6	26	C2orf89	121	73	0.5	metastasis
2	Locoregional skin metastasis 2, right mid-calf	6	26	C2orf89	205	37	0.5	metastasis
0	Primary, right lower calf	6	27	CELF1	16	11	0.5	primary
1	Locoregional skin metastasis 1, right calf	6	27	CELF1	18	16	0.5	metastasis
2	Locoregional skin metastasis 2, right mid-calf	6	27	CELF1	31	5	0.5	metastasis
0	Primary, right lower calf	1	28	SORL1	91	23	0.5	primary
1	Locoregional skin metastasis 1, right calf	1	28	SORL1	53	33	0.5	metastasis
2	Locoregional skin metastasis 2, right mid-calf	1	28	SORL1	94	37	0.5	metastasis
0	Primary, right lower calf	4	29	CSMD2	111	12	0.5	primary
1	Locoregional skin metastasis 1, right calf	4	29	CSMD2	70	53	0.5	metastasis
2	Locoregional skin metastasis 2, right mid-calf	4	29	CSMD2	125	33	0.5	metastasis
0	Primary, right lower calf	6	30	SLAMF6	53	19	0.5	primary
1	Locoregional skin metastasis 1, right calf	6	30	SLAMF6	43	18	0.5	metastasis
2	Locoregional skin metastasis 2, right mid-calf	6	30	SLAMF6	62	15	0.5	metastasis
0	Primary, right lower calf	6	31	NUDC	39	18	0.5	primary
1	Locoregional skin metastasis 1, right calf	6	31	NUDC	36	24	0.5	metastasis
2	Locoregional skin metastasis 2, right mid-calf	6	31	NUDC	42	9	0.5	metastasis
0	Primary, right lower calf	6	32	YTHDC2	301	110	0.5	primary
1	Locoregional skin metastasis 1, right calf	6	32	YTHDC2	212	146	0.5	metastasis
2	Locoregional skin metastasis 2, right mid-calf	6	32	YTHDC2	335	119	0.5	metastasis
0	Primary, right lower calf	6	33	CCKAR	264	114	0.5	primary
1	Locoregional skin metastasis 1, right calf	6	33	CCKAR	185	139	0.5	metastasis
2	Locoregional skin metastasis 2, right mid-calf	6	33	CCKAR	282	82	0.5	metastasis
0	Primary, right lower calf	2	34	TTN	1210	12	0.5	primary
1	Locoregional skin metastasis 1, right calf	2	34	TTN	1105	0	0.5	metastasis
2	Locoregional skin metastasis 2, right mid-calf	2	34	TTN	1305	303	0.5	metastasis
0	Primary, right lower calf	1	35	ATP8B2	117	26	0.5	primary
1	Locoregional skin metastasis 1, right calf	1	35	ATP8B2	90	48	0.5	metastasis
2	Locoregional skin metastasis 2, right mid-calf	1	35	ATP8B2	85	29	0.5	metastasis
0	Primary, right lower calf	6	36	ATF3	308	117	0.5	primary
1	Locoregional skin metastasis 1, right calf	6	36	ATF3	222	162	0.5	metastasis
2	Locoregional skin metastasis 2, right mid-calf	6	36	ATF3	298	93	0.5	metastasis
0	Primary, right lower calf	6	37	CCDC130	287	120	0.5	primary
1	Locoregional skin metastasis 1, right calf	6	37	CCDC130	232	147	0.5	metastasis
2	Locoregional skin metastasis 2, right mid-calf	6	37	CCDC130	263	78	0.5	metastasis
0	Primary, right lower calf	6	38	EYA2	916	300	0.5	primary
1	Locoregional skin metastasis 1, right calf	6	38	EYA2	589	401	0.5	metastasis
2	Locoregional skin metastasis 2, right mid-calf	6	38	EYA2	888	302	0.5	metastasis
0	Primary, right lower calf	6	39	CERKL	116	67	0.5	primary
1	Locoregional skin metastasis 1, right calf	6	39	CERKL	105	77	0.5	metastasis
2	Locoregional skin metastasis 2, right mid-calf	6	39	CERKL	188	59	0.5	metastasis
0	Primary, right lower calf	6	40	SCIN	324	106	0.5	primary
1	Locoregional skin metastasis 1, right calf	6	40	SCIN	208	150	0.5	metastasis
2	Locoregional skin metastasis 2, right mid-calf	6	40	SCIN	361	107	0.5	metastasis
0	Primary, right lower calf	6	41	OR2T4	92	33	0.5	primary
1	Locoregional skin metastasis 1, right calf	6	41	OR2T4	52	41	0.5	metastasis
2	Locoregional skin metastasis 2, right mid-calf	6	41	OR2T4	93	17	0.5	metastasis
0	Primary, right lower calf	4	42	FLG	417	50	0.5	primary
1	Locoregional skin metastasis 1, right calf	4	42	FLG	242	157	0.5	metastasis
2	Locoregional skin metastasis 2, right mid-calf	4	42	FLG	329	102	0.5	metastasis
0	Primary, right lower calf	4	43	PGLYRP3	74	7	0.5	primary
1	Locoregional skin metastasis 1, right calf	4	43	PGLYRP3	37	24	0.5	metastasis
2	Locoregional skin metastasis 2, right mid-calf	4	43	PGLYRP3	77	11	0.5	metastasis
0	Primary, right lower calf	6	44	OR56A5	32	9	0.5	primary
1	Locoregional skin metastasis 1, right calf	6	44	OR56A5	20	14	0.5	metastasis
2	Locoregional skin metastasis 2, right mid-calf	6	44	OR56A5	51	21	0.5	metastasis
0	Primary, right lower calf	2	45	MTHFR	76	10	0.5	primary
1	Locoregional skin metastasis 1, right calf	2	45	MTHFR	82	0	0.5	metastasis
2	Locoregional skin metastasis 2, right mid-calf	2	45	MTHFR	110	0	0.5	metastasis
0	Primary, right lower calf	1	46	GCNT1	241	74	0.5	primary
1	Locoregional skin metastasis 1, right calf	1	46	GCNT1	196	122	0.5	metastasis
2	Locoregional skin metastasis 2, right mid-calf	1	46	GCNT1	290	75	0.5	metastasis
0	Primary, right lower calf	6	47	SNED1	95	55	0.5	primary
1	Locoregional skin metastasis 1, right calf	6	47	SNED1	84	56	0.5	metastasis
2	Locoregional skin metastasis 2, right mid-calf	6	47	SNED1	116	36	0.5	metastasis
0	Primary, right lower calf	6	48	TGM3	238	116	0.5	primary
1	Locoregional skin metastasis 1, right calf	6	48	TGM3	186	151	0.5	metastasis
2	Locoregional skin metastasis 2, right mid-calf	6	48	TGM3	259	88	0.5	metastasis
0	Primary, right lower calf	1	49	HSD11B1	117	21	0.5	primary
1	Locoregional skin metastasis 1, right calf	1	49	HSD11B1	88	61	0.5	metastasis
2	Locoregional skin metastasis 2, right mid-calf	1	49	HSD11B1	120	36	0.5	metastasis
0	Primary, right lower calf	2	50	ZNF276	613	109	0.5	primary
1	Locoregional skin metastasis 1, right calf	2	50	ZNF276	688	0	0.5	metastasis
2	Locoregional skin metastasis 2, right mid-calf	2	50	ZNF276	625	0	0.5	metastasis
0	Primary, right lower calf	4	51	PRDM11	175	16	0.5	primary
1	Locoregional skin metastasis 1, right calf	4	51	PRDM11	128	81	0.5	metastasis
2	Locoregional skin metastasis 2, right mid-calf	4	51	PRDM11	137	56	0.5	metastasis
0	Primary, right lower calf	4	52	BCL11A	280	49	0.5	primary
1	Locoregional skin metastasis 1, right calf	4	52	BCL11A	161	117	0.5	metastasis
2	Locoregional skin metastasis 2, right mid-calf	4	52	BCL11A	261	71	0.5	metastasis
0	Primary, right lower calf	6	53	PLEKHH2	73	28	0.5	primary
1	Locoregional skin metastasis 1, right calf	6	53	PLEKHH2	83	62	0.5	metastasis
2	Locoregional skin metastasis 2, right mid-calf	6	53	PLEKHH2	104	47	0.5	metastasis
0	Primary, right lower calf	0	54	OR51F1	236	29	0.5	primary
1	Locoregional skin metastasis 1, right calf	0	54	OR51F1	144	125	0.5	metastasis
2	Locoregional skin metastasis 2, right mid-calf	0	54	OR51F1	304	14	0.5	metastasis
0	Primary, right lower calf	6	55	PAH	150	60	0.5	primary
1	Locoregional skin metastasis 1, right calf	6	55	PAH	135	79	0.5	metastasis
2	Locoregional skin metastasis 2, right mid-calf	6	55	PAH	196	44	0.5	metastasis
0	Primary, right lower calf	1	56	WDR76	218	63	0.5	primary
1	Locoregional skin metastasis 1, right calf	1	56	WDR76	180	108	0.5	metastasis
2	Locoregional skin metastasis 2, right mid-calf	1	56	WDR76	235	55	0.5	metastasis
0	Primary, right lower calf	1	57	COL2A1	129	35	0.5	primary
1	Locoregional skin metastasis 1, right calf	1	57	COL2A1	111	67	0.5	metastasis
2	Locoregional skin metastasis 2, right mid-calf	1	57	COL2A1	136	48	0.5	metastasis
0	Primary, right lower calf	6	58	TPH1	87	42	0.5	primary
1	Locoregional skin metastasis 1, right calf	6	58	TPH1	69	50	0.5	metastasis
2	Locoregional skin metastasis 2, right mid-calf	6	58	TPH1	132	47	0.5	metastasis
0	Primary, right lower calf	6	59	SIPA1L3	223	74	0.5	primary
1	Locoregional skin metastasis 1, right calf	6	59	SIPA1L3	154	100	0.5	metastasis
2	Locoregional skin metastasis 2, right mid-calf	6	59	SIPA1L3	226	61	0.5	metastasis
0	Primary, right lower calf	1	60	STRA6	233	71	0.5	primary
1	Locoregional skin metastasis 1, right calf	1	60	STRA6	200	104	0.5	metastasis
2	Locoregional skin metastasis 2, right mid-calf	1	60	STRA6	263	68	0.5	metastasis
0	Primary, right lower calf	6	61	ANKRD26P1	203	60	0.5	primary
1	Locoregional skin metastasis 1, right calf	6	61	ANKRD26P1	132	101	0.5	metastasis
2	Locoregional skin metastasis 2, right mid-calf	6	61	ANKRD26P1	221	72	0.5	metastasis
0	Primary, right lower calf	2	62	CHD9	144	24	0.5	primary
1	Locoregional skin metastasis 1, right calf	2	62	CHD9	161	0	0.5	metastasis
2	Locoregional skin metastasis 2, right mid-calf	2	62	CHD9	175	0	0.5	metastasis
0	Primary, right lower calf	6	63	MYCBP2	76	27	0.5	primary
1	Locoregional skin metastasis 1, right calf	6	63	MYCBP2	73	47	0.5	metastasis
2	Locoregional skin metastasis 2, right mid-calf	6	63	MYCBP2	111	28	0.5	metastasis
0	Primary, right lower calf	1	64	EDC3	68	18	0.5	primary
1	Locoregional skin metastasis 1, right calf	1	64	EDC3	62	35	0.5	metastasis
2	Locoregional skin metastasis 2, right mid-calf	1	64	EDC3	67	15	0.5	metastasis
0	Primary, right lower calf	4	65	B4GALNT4	245	41	0.5	primary
1	Locoregional skin metastasis 1, right calf	4	65	B4GALNT4	121	122	0.5	metastasis
2	Locoregional skin metastasis 2, right mid-calf	4	65	B4GALNT4	225	74	0.5	metastasis
0	Primary, right lower calf	1	66	TTN	205	47	0.5	primary
1	Locoregional skin metastasis 1, right calf	1	66	TTN	187	102	0.5	metastasis
2	Locoregional skin metastasis 2, right mid-calf	1	66	TTN	292	93	0.5	metastasis
0	Primary, right lower calf	6	67	YARS2	132	44	0.5	primary
1	Locoregional skin metastasis 1, right calf	6	67	YARS2	119	105	0.5	metastasis
2	Locoregional skin metastasis 2, right mid-calf	6	67	YARS2	198	53	0.5	metastasis
0	Primary, right lower calf	1	68	CCDC168	312	90	0.5	primary
1	Locoregional skin metastasis 1, right calf	1	68	CCDC168	224	140	0.5	metastasis
2	Locoregional skin metastasis 2, right mid-calf	1	68	CCDC168	370	137	0.5	metastasis
0	Primary, right lower calf	6	69	LGALS16	31	9	0.5	primary
1	Locoregional skin metastasis 1, right calf	6	69	LGALS16	18	14	0.5	metastasis
2	Locoregional skin metastasis 2, right mid-calf	6	69	LGALS16	27	6	0.5	metastasis
0	Primary, right lower calf	6	70	ATP1A1	95	39	0.5	primary
1	Locoregional skin metastasis 1, right calf	6	70	ATP1A1	84	55	0.5	metastasis
2	Locoregional skin metastasis 2, right mid-calf	6	70	ATP1A1	109	24	0.5	metastasis
0	Primary, right lower calf	6	71	AGTR1	526	164	0.5	primary
1	Locoregional skin metastasis 1, right calf	6	71	AGTR1	459	337	0.5	metastasis
2	Locoregional skin metastasis 2, right mid-calf	6	71	AGTR1	736	250	0.5	metastasis
0	Primary, right lower calf	6	72	CA5A	149	66	0.5	primary
1	Locoregional skin metastasis 1, right calf	6	72	CA5A	118	69	0.5	metastasis
2	Locoregional skin metastasis 2, right mid-calf	6	72	CA5A	126	52	0.5	metastasis
0	Primary, right lower calf	4	73	SEC24D	158	11	0.5	primary
1	Locoregional skin metastasis 1, right calf	4	73	SEC24D	92	82	0.5	metastasis
2	Locoregional skin metastasis 2, right mid-calf	4	73	SEC24D	131	43	0.5	metastasis
0	Primary, right lower calf	4	74	ZFR2	107	7	0.5	primary
1	Locoregional skin metastasis 1, right calf	4	74	ZFR2	70	45	0.5	metastasis
2	Locoregional skin metastasis 2, right mid-calf	4	74	ZFR2	62	19	0.5	metastasis
0	Primary, right lower calf	1	75	FGF12	166	35	0.5	primary
1	Locoregional skin metastasis 1, right calf	1	75	FGF12	122	103	0.5	metastasis
2	Locoregional skin metastasis 2, right mid-calf	1	75	FGF12	229	45	0.5	metastasis
0	Primary, right lower calf	6	76	DPP3	60	24	0.5	primary
1	Locoregional skin metastasis 1, right calf	6	76	DPP3	47	28	0.5	metastasis
2	Locoregional skin metastasis 2, right mid-calf	6	76	DPP3	63	25	0.5	metastasis
0	Primary, right lower calf	6	77	ZFP91	75	26	0.5	primary
1	Locoregional skin metastasis 1, right calf	6	77	ZFP91	46	38	0.5	metastasis
2	Locoregional skin metastasis 2, right mid-calf	6	77	ZFP91	75	31	0.5	metastasis
0	Primary, right lower calf	1	78	USP34	346	88	0.5	primary
1	Locoregional skin metastasis 1, right calf	1	78	USP34	247	155	0.5	metastasis
2	Locoregional skin metastasis 2, right mid-calf	1	78	USP34	333	118	0.5	metastasis
0	Primary, right lower calf	1	79	PTPRF	205	57	0.5	primary
1	Locoregional skin metastasis 1, right calf	1	79	PTPRF	140	88	0.5	metastasis
2	Locoregional skin metastasis 2, right mid-calf	1	79	PTPRF	176	63	0.5	metastasis
0	Primary, right lower calf	4	80	SLITRK3	326	42	0.5	primary
1	Locoregional skin metastasis 1, right calf	4	80	SLITRK3	238	143	0.5	metastasis
2	Locoregional skin metastasis 2, right mid-calf	4	80	SLITRK3	361	108	0.5	metastasis
0	Primary, right lower calf	6	81	KANK2	26	9	0.5	primary
1	Locoregional skin metastasis 1, right calf	6	81	KANK2	13	7	0.5	metastasis
2	Locoregional skin metastasis 2, right mid-calf	6	81	KANK2	31	7	0.5	metastasis
0	Primary, right lower calf	6	82	CENPL	15	4	0.5	primary
1	Locoregional skin metastasis 1, right calf	6	82	CENPL	7	1	0.5	metastasis
2	Locoregional skin metastasis 2, right mid-calf	6	82	CENPL	12	2	0.5	metastasis
0	Primary, right lower calf	0	83	MUC16	387	20	0.5	primary
1	Locoregional skin metastasis 1, right calf	0	83	MUC16	215	145	0.5	metastasis
2	Locoregional skin metastasis 2, right mid-calf	0	83	MUC16	459	32	0.5	metastasis
0	Primary, right lower calf	1	84	LCT	83	19	0.5	primary
1	Locoregional skin metastasis 1, right calf	1	84	LCT	74	54	0.5	metastasis
2	Locoregional skin metastasis 2, right mid-calf	1	84	LCT	93	25	0.5	metastasis
0	Primary, right lower calf	1	85	PAEP	204	44	0.5	primary
1	Locoregional skin metastasis 1, right calf	1	85	PAEP	133	96	0.5	metastasis
2	Locoregional skin metastasis 2, right mid-calf	1	85	PAEP	169	57	0.5	metastasis
0	Primary, right lower calf	6	86	PTPRB	632	214	0.5	primary
1	Locoregional skin metastasis 1, right calf	6	86	PTPRB	482	355	0.5	metastasis
2	Locoregional skin metastasis 2, right mid-calf	6	86	PTPRB	718	155	0.5	metastasis
0	Primary, right lower calf	6	87	GLIS1	127	76	0.5	primary
1	Locoregional skin metastasis 1, right calf	6	87	GLIS1	99	79	0.5	metastasis
2	Locoregional skin metastasis 2, right mid-calf	6	87	GLIS1	151	48	0.5	metastasis
0	Primary, right lower calf	6	88	DNAH5	38	18	0.5	primary
1	Locoregional skin metastasis 1, right calf	6	88	DNAH5	35	27	0.5	metastasis
2	Locoregional skin metastasis 2, right mid-calf	6	88	DNAH5	54	29	0.5	metastasis
0	Primary, right lower calf	1	89	SLC6A9	507	135	0.5	primary
1	Locoregional skin metastasis 1, right calf	1	89	SLC6A9	330	250	0.5	metastasis
2	Locoregional skin metastasis 2, right mid-calf	1	89	SLC6A9	498	153	0.5	metastasis
0	Primary, right lower calf	6	90	MLL4	424	149	0.5	primary
1	Locoregional skin metastasis 1, right calf	6	90	MLL4	294	235	0.5	metastasis
2	Locoregional skin metastasis 2, right mid-calf	6	90	MLL4	435	134	0.5	metastasis
0	Primary, right lower calf	6	91	PRAMEF12	487	148	0.5	primary
1	Locoregional skin metastasis 1, right calf	6	91	PRAMEF12	362	235	0.5	metastasis
2	Locoregional skin metastasis 2, right mid-calf	6	91	PRAMEF12	552	211	0.5	metastasis
0	Primary, right lower calf	6	92	MBD3L1	355	168	0.5	primary
1	Locoregional skin metastasis 1, right calf	6	92	MBD3L1	316	183	0.5	metastasis
2	Locoregional skin metastasis 2, right mid-calf	6	92	MBD3L1	414	101	0.5	metastasis
0	Primary, right lower calf	1	93	XIRP1	232	45	0.5	primary
1	Locoregional skin metastasis 1, right calf	1	93	XIRP1	184	138	0.5	metastasis
2	Locoregional skin metastasis 2, right mid-calf	1	93	XIRP1	294	70	0.5	metastasis
0	Primary, right lower calf	6	94	IL9	98	38	0.5	primary
1	Locoregional skin metastasis 1, right calf	6	94	IL9	73	66	0.5	metastasis
2	Locoregional skin metastasis 2, right mid-calf	6	94	IL9	162	55	0.5	metastasis
0	Primary, right lower calf	6	95	CCDC73	117	50	0.5	primary
1	Locoregional skin metastasis 1, right calf	6	95	CCDC73	116	59	0.5	metastasis
2	Locoregional skin metastasis 2, right mid-calf	6	95	CCDC73	151	40	0.5	metastasis
0	Primary, right lower calf	1	96	FAM205A	144	37	0.5	primary
1	Locoregional skin metastasis 1, right calf	1	96	FAM205A	113	69	0.5	metastasis
2	Locoregional skin metastasis 2, right mid-calf	1	96	FAM205A	140	59	0.5	metastasis
0	Primary, right lower calf	1	97	PTPRZ1	63	14	0.5	primary
1	Locoregional skin metastasis 1, right calf	1	97	PTPRZ1	34	28	0.5	metastasis
2	Locoregional skin metastasis 2, right mid-calf	1	97	PTPRZ1	69	19	0.5	metastasis
0	Primary, right lower calf	6	98	OR6B1	1114	450	0.5	primary
1	Locoregional skin metastasis 1, right calf	6	98	OR6B1	834	536	0.5	metastasis
2	Locoregional skin metastasis 2, right mid-calf	6	98	OR6B1	1332	465	0.5	metastasis
0	Primary, right lower calf	6	99	ODZ4	102	44	0.5	primary
1	Locoregional skin metastasis 1, right calf	6	99	ODZ4	54	53	0.5	metastasis
2	Locoregional skin metastasis 2, right mid-calf	6	99	ODZ4	108	25	0.5	metastasis
0	Primary, right lower calf	1	100	ZSCAN20	178	35	0.5	primary
1	Locoregional skin metastasis 1, right calf	1	100	ZSCAN20	98	86	0.5	metastasis
2	Locoregional skin metastasis 2, right mid-calf	1	100	ZSCAN20	170	61	0.5	metastasis
0	Primary, right lower calf	6	101	ADAMTS20	39	14	0.5	primary
1	Locoregional skin metastasis 1, right calf	6	101	ADAMTS20	25	23	0.5	metastasis
2	Locoregional skin metastasis 2, right mid-calf	6	101	ADAMTS20	49	21	0.5	metastasis
0	Primary, right lower calf	1	102	WDR88	42	7	0.5	primary
1	Locoregional skin metastasis 1, right calf	1	102	WDR88	17	8	0.5	metastasis
2	Locoregional skin metastasis 2, right mid-calf	1	102	WDR88	22	5	0.5	metastasis
0	Primary, right lower calf	6	103	SLC29A4	67	21	0.5	primary
1	Locoregional skin metastasis 1, right calf	6	103	SLC29A4	33	33	0.5	metastasis
2	Locoregional skin metastasis 2, right mid-calf	6	103	SLC29A4	66	22	0.5	metastasis
0	Primary, right lower calf	6	104	WDR92	172	66	0.5	primary
1	Locoregional skin metastasis 1, right calf	6	104	WDR92	129	89	0.5	metastasis
2	Locoregional skin metastasis 2, right mid-calf	6	104	WDR92	192	55	0.5	metastasis
0	Primary, right lower calf	6	105	SPOCK3	71	23	0.5	primary
1	Locoregional skin metastasis 1, right calf	6	105	SPOCK3	53	30	0.5	metastasis
2	Locoregional skin metastasis 2, right mid-calf	6	105	SPOCK3	90	31	0.5	metastasis
0	Primary, right lower calf	6	106	CFLAR	236	77	0.5	primary
1	Locoregional skin metastasis 1, right calf	6	106	CFLAR	176	96	0.5	metastasis
2	Locoregional skin metastasis 2, right mid-calf	6	106	CFLAR	234	92	0.5	metastasis
0	Primary, right lower calf	6	107	OR52A1	333	130	0.5	primary
1	Locoregional skin metastasis 1, right calf	6	107	OR52A1	262	169	0.5	metastasis
2	Locoregional skin metastasis 2, right mid-calf	6	107	OR52A1	359	108	0.5	metastasis
0	Primary, right lower calf	6	108	GNAO1	353	134	0.5	primary
1	Locoregional skin metastasis 1, right calf	6	108	GNAO1	286	153	0.5	metastasis
2	Locoregional skin metastasis 2, right mid-calf	6	108	GNAO1	368	89	0.5	metastasis
0	Primary, right lower calf	6	109	WWC2	96	36	0.5	primary
1	Locoregional skin metastasis 1, right calf	6	109	WWC2	47	34	0.5	metastasis
2	Locoregional skin metastasis 2, right mid-calf	6	109	WWC2	125	38	0.5	metastasis
0	Primary, right lower calf	6	110	SPPL2B	248	94	0.5	primary
1	Locoregional skin metastasis 1, right calf	6	110	SPPL2B	153	103	0.5	metastasis
2	Locoregional skin metastasis 2, right mid-calf	6	110	SPPL2B	217	81	0.5	metastasis
0	Primary, right lower calf	6	111	CACNA1E	27	19	0.5	primary
1	Locoregional skin metastasis 1, right calf	6	111	CACNA1E	22	16	0.5	metastasis
2	Locoregional skin metastasis 2, right mid-calf	6	111	CACNA1E	39	12	0.5	metastasis
0	Primary, right lower calf	6	112	SGMS2	198	79	0.5	primary
1	Locoregional skin metastasis 1, right calf	6	112	SGMS2	169	115	0.5	metastasis
2	Locoregional skin metastasis 2, right mid-calf	6	112	SGMS2	293	76	0.5	metastasis
0	Primary, right lower calf	6	113	OR5K4	110	54	0.5	primary
1	Locoregional skin metastasis 1, right calf	6	113	OR5K4	92	68	0.5	metastasis
2	Locoregional skin metastasis 2, right mid-calf	6	113	OR5K4	166	46	0.5	metastasis
0	Primary, right lower calf	1	114	C1orf173	529	162	0.5	primary
1	Locoregional skin metastasis 1, right calf	1	114	C1orf173	359	221	0.5	metastasis
2	Locoregional skin metastasis 2, right mid-calf	1	114	C1orf173	642	171	0.5	metastasis
0	Primary, right lower calf	6	115	TMEM132A	80	27	0.5	primary
1	Locoregional skin metastasis 1, right calf	6	115	TMEM132A	59	57	0.5	metastasis
2	Locoregional skin metastasis 2, right mid-calf	6	115	TMEM132A	85	21	0.5	metastasis
0	Primary, right lower calf	1	116	TTC21A	47	10	0.5	primary
1	Locoregional skin metastasis 1, right calf	1	116	TTC21A	38	34	0.5	metastasis
2	Locoregional skin metastasis 2, right mid-calf	1	116	TTC21A	70	19	0.5	metastasis
0	Primary, right lower calf	6	117	FAM117B	385	149	0.5	primary
1	Locoregional skin metastasis 1, right calf	6	117	FAM117B	329	194	0.5	metastasis
2	Locoregional skin metastasis 2, right mid-calf	6	117	FAM117B	390	122	0.5	metastasis
0	Primary, right lower calf	4	118	FAM46B	108	19	0.5	primary
1	Locoregional skin metastasis 1, right calf	4	118	FAM46B	55	42	0.5	metastasis
2	Locoregional skin metastasis 2, right mid-calf	4	118	FAM46B	71	23	0.5	metastasis
0	Primary, right lower calf	6	119	LEKR1	278	102	0.5	primary
1	Locoregional skin metastasis 1, right calf	6	119	LEKR1	266	192	0.5	metastasis
2	Locoregional skin metastasis 2, right mid-calf	6	119	LEKR1	371	136	0.5	metastasis
0	Primary, right lower calf	6	120	PI3	138	52	0.5	primary
1	Locoregional skin metastasis 1, right calf	6	120	PI3	110	68	0.5	metastasis
2	Locoregional skin metastasis 2, right mid-calf	6	120	PI3	164	44	0.5	metastasis
0	Primary, right lower calf	6	121	RAB27B	70	30	0.5	primary
1	Locoregional skin metastasis 1, right calf	6	121	RAB27B	61	46	0.5	metastasis
2	Locoregional skin metastasis 2, right mid-calf	6	121	RAB27B	93	20	0.5	metastasis
0	Primary, right lower calf	6	122	CBLC	87	37	0.5	primary
1	Locoregional skin metastasis 1, right calf	6	122	CBLC	45	36	0.5	metastasis
2	Locoregional skin metastasis 2, right mid-calf	6	122	CBLC	64	33	0.5	metastasis
0	Primary, right lower calf	6	123	SH2D3C	384	126	0.5	primary
1	Locoregional skin metastasis 1, right calf	6	123	SH2D3C	278	195	0.5	metastasis
2	Locoregional skin metastasis 2, right mid-calf	6	123	SH2D3C	342	128	0.5	metastasis
0	Primary, right lower calf	6	124	JAKMIP1	486	152	0.5	primary
1	Locoregional skin metastasis 1, right calf	6	124	JAKMIP1	291	186	0.5	metastasis
2	Locoregional skin metastasis 2, right mid-calf	6	124	JAKMIP1	480	156	0.5	metastasis
0	Primary, right lower calf	6	125	TFRC	246	77	0.5	primary
1	Locoregional skin metastasis 1, right calf	6	125	TFRC	174	123	0.5	metastasis
2	Locoregional skin metastasis 2, right mid-calf	6	125	TFRC	258	85	0.5	metastasis
0	Primary, right lower calf	6	126	ANO1	9	1	0.5	primary
1	Locoregional skin metastasis 1, right calf	6	126	ANO1	8	1	0.5	metastasis
2	Locoregional skin metastasis 2, right mid-calf	6	126	ANO1	2	5	0.5	metastasis
0	Primary, right lower calf	4	127	KIAA0748	72	11	0.5	primary
1	Locoregional skin metastasis 1, right calf	4	127	KIAA0748	44	41	0.5	metastasis
2	Locoregional skin metastasis 2, right mid-calf	4	127	KIAA0748	78	25	0.5	metastasis
0	Primary, right lower calf	6	128	PDE6B	111	33	0.5	primary
1	Locoregional skin metastasis 1, right calf	6	128	PDE6B	88	49	0.5	metastasis
2	Locoregional skin metastasis 2, right mid-calf	6	128	PDE6B	115	38	0.5	metastasis
0	Primary, right lower calf	6	129	PPEF2	63	21	0.5	primary
1	Locoregional skin metastasis 1, right calf	6	129	PPEF2	54	28	0.5	metastasis
2	Locoregional skin metastasis 2, right mid-calf	6	129	PPEF2	71	33	0.5	metastasis
0	Primary, right lower calf	6	130	COL20A1	29	16	0.5	primary
1	Locoregional skin metastasis 1, right calf	6	130	COL20A1	24	15	0.5	metastasis
2	Locoregional skin metastasis 2, right mid-calf	6	130	COL20A1	33	13	0.5	metastasis
0	Primary, right lower calf	1	131	POU2AF1	45	8	0.5	primary
1	Locoregional skin metastasis 1, right calf	1	131	POU2AF1	28	26	0.5	metastasis
2	Locoregional skin metastasis 2, right mid-calf	1	131	POU2AF1	39	18	0.5	metastasis
0	Primary, right lower calf	4	132	DNAH5	181	18	0.5	primary
1	Locoregional skin metastasis 1, right calf	4	132	DNAH5	107	78	0.5	metastasis
2	Locoregional skin metastasis 2, right mid-calf	4	132	DNAH5	193	42	0.5	metastasis
0	Primary, right lower calf	1	133	IL36A	65	11	0.5	primary
1	Locoregional skin metastasis 1, right calf	1	133	IL36A	56	35	0.5	metastasis
2	Locoregional skin metastasis 2, right mid-calf	1	133	IL36A	88	20	0.5	metastasis
0	Primary, right lower calf	1	134	LCT	414	95	0.5	primary
1	Locoregional skin metastasis 1, right calf	1	134	LCT	281	204	0.5	metastasis
2	Locoregional skin metastasis 2, right mid-calf	1	134	LCT	385	101	0.5	metastasis
0	Primary, right lower calf	6	135	FAM83C	141	45	0.5	primary
1	Locoregional skin metastasis 1, right calf	6	135	FAM83C	92	67	0.5	metastasis
2	Locoregional skin metastasis 2, right mid-calf	6	135	FAM83C	153	45	0.5	metastasis
0	Primary, right lower calf	4	136	NSA2	24	3	0.5	primary
1	Locoregional skin metastasis 1, right calf	4	136	NSA2	9	8	0.5	metastasis
2	Locoregional skin metastasis 2, right mid-calf	4	136	NSA2	9	1	0.5	metastasis
0	Primary, right lower calf	1	137	OR8S1	907	228	0.5	primary
1	Locoregional skin metastasis 1, right calf	1	137	OR8S1	719	418	0.5	metastasis
2	Locoregional skin metastasis 2, right mid-calf	1	137	OR8S1	991	287	0.5	metastasis
0	Primary, right lower calf	6	138	C19orf69	16	5	0.5	primary
1	Locoregional skin metastasis 1, right calf	6	138	C19orf69	16	11	0.5	metastasis
2	Locoregional skin metastasis 2, right mid-calf	6	138	C19orf69	18	3	0.5	metastasis
0	Primary, right lower calf	4	139	CLPTM1L	442	48	0.5	primary
1	Locoregional skin metastasis 1, right calf	4	139	CLPTM1L	253	147	0.5	metastasis
2	Locoregional skin metastasis 2, right mid-calf	4	139	CLPTM1L	332	108	0.5	metastasis
0	Primary, right lower calf	6	140	PIEZO2	227	85	0.5	primary
1	Locoregional skin metastasis 1, right calf	6	140	PIEZO2	160	95	0.5	metastasis
2	Locoregional skin metastasis 2, right mid-calf	6	140	PIEZO2	226	69	0.5	metastasis
0	Primary, right lower calf	6	141	OR52E8	104	37	0.5	primary
1	Locoregional skin metastasis 1, right calf	6	141	OR52E8	78	56	0.5	metastasis
2	Locoregional skin metastasis 2, right mid-calf	6	141	OR52E8	133	38	0.5	metastasis
0	Primary, right lower calf	1	142	FBXW8	271	59	0.5	primary
1	Locoregional skin metastasis 1, right calf	1	142	FBXW8	196	121	0.5	metastasis
2	Locoregional skin metastasis 2, right mid-calf	1	142	FBXW8	286	84	0.5	metastasis
0	Primary, right lower calf	6	143	CDH7	111	34	0.5	primary
1	Locoregional skin metastasis 1, right calf	6	143	CDH7	105	68	0.5	metastasis
2	Locoregional skin metastasis 2, right mid-calf	6	143	CDH7	134	43	0.5	metastasis
0	Primary, right lower calf	4	144	OBSCN	114	14	0.5	primary
1	Locoregional skin metastasis 1, right calf	4	144	OBSCN	58	60	0.5	metastasis
2	Locoregional skin metastasis 2, right mid-calf	4	144	OBSCN	102	37	0.5	metastasis
0	Primary, right lower calf	1	145	LRRC31	231	53	0.5	primary
1	Locoregional skin metastasis 1, right calf	1	145	LRRC31	190	130	0.5	metastasis
2	Locoregional skin metastasis 2, right mid-calf	1	145	LRRC31	275	91	0.5	metastasis
0	Primary, right lower calf	6	146	DNHD1	441	162	0.5	primary
1	Locoregional skin metastasis 1, right calf	6	146	DNHD1	306	204	0.5	metastasis
2	Locoregional skin metastasis 2, right mid-calf	6	146	DNHD1	405	129	0.5	metastasis
0	Primary, right lower calf	6	147	DSCAM	291	105	0.5	primary
1	Locoregional skin metastasis 1, right calf	6	147	DSCAM	244	134	0.5	metastasis
2	Locoregional skin metastasis 2, right mid-calf	6	147	DSCAM	380	121	0.5	metastasis
0	Primary, right lower calf	6	148	LEPREL1	46	16	0.5	primary
1	Locoregional skin metastasis 1, right calf	6	148	LEPREL1	46	23	0.5	metastasis
2	Locoregional skin metastasis 2, right mid-calf	6	148	LEPREL1	63	19	0.5	metastasis
0	Primary, right lower calf	6	149	TLL1	469	178	0.5	primary
1	Locoregional skin metastasis 1, right calf	6	149	TLL1	354	219	0.5	metastasis
2	Locoregional skin metastasis 2, right mid-calf	6	149	TLL1	603	171	0.5	metastasis
0	Primary, right lower calf	1	150	TMEM132D	597	170	0.5	primary
1	Locoregional skin metastasis 1, right calf	1	150	TMEM132D	422	257	0.5	metastasis
2	Locoregional skin metastasis 2, right mid-calf	1	150	TMEM132D	556	198	0.5	metastasis
0	Primary, right lower calf	4	151	MAP4K1	73	10	0.5	primary
1	Locoregional skin metastasis 1, right calf	4	151	MAP4K1	41	22	0.5	metastasis
2	Locoregional skin metastasis 2, right mid-calf	4	151	MAP4K1	61	18	0.5	metastasis
0	Primary, right lower calf	1	152	KLK6	165	45	0.5	primary
1	Locoregional skin metastasis 1, right calf	1	152	KLK6	89	53	0.5	metastasis
2	Locoregional skin metastasis 2, right mid-calf	1	152	KLK6	129	44	0.5	metastasis
0	Primary, right lower calf	1	153	ABCD2	205	50	0.5	primary
1	Locoregional skin metastasis 1, right calf	1	153	ABCD2	146	99	0.5	metastasis
2	Locoregional skin metastasis 2, right mid-calf	1	153	ABCD2	250	83	0.5	metastasis
0	Primary, right lower calf	6	154	CLCA4	125	64	0.5	primary
1	Locoregional skin metastasis 1, right calf	6	154	CLCA4	117	62	0.5	metastasis
2	Locoregional skin metastasis 2, right mid-calf	6	154	CLCA4	169	55	0.5	metastasis
0	Primary, right lower calf	1	155	MUC16	244	71	0.5	primary
1	Locoregional skin metastasis 1, right calf	1	155	MUC16	168	114	0.5	metastasis
2	Locoregional skin metastasis 2, right mid-calf	1	155	MUC16	253	80	0.5	metastasis
0	Primary, right lower calf	4	156	APCDD1	713	99	0.5	primary
1	Locoregional skin metastasis 1, right calf	4	156	APCDD1	379	249	0.5	metastasis
2	Locoregional skin metastasis 2, right mid-calf	4	156	APCDD1	573	213	0.5	metastasis
0	Primary, right lower calf	6	157	TGM3	140	51	0.5	primary
1	Locoregional skin metastasis 1, right calf	6	157	TGM3	89	77	0.5	metastasis
2	Locoregional skin metastasis 2, right mid-calf	6	157	TGM3	147	43	0.5	metastasis
0	Primary, right lower calf	6	158	PARP8	152	44	0.5	primary
1	Locoregional skin metastasis 1, right calf	6	158	PARP8	87	69	0.5	metastasis
2	Locoregional skin metastasis 2, right mid-calf	6	158	PARP8	164	54	0.5	metastasis
0	Primary, right lower calf	2	159	BRAT1	437	3	0.5	primary
1	Locoregional skin metastasis 1, right calf	2	159	BRAT1	526	0	0.5	metastasis
2	Locoregional skin metastasis 2, right mid-calf	2	159	BRAT1	393	67	0.5	metastasis
0	Primary, right lower calf	6	160	RFX4	236	77	0.5	primary
1	Locoregional skin metastasis 1, right calf	6	160	RFX4	195	133	0.5	metastasis
2	Locoregional skin metastasis 2, right mid-calf	6	160	RFX4	267	70	0.5	metastasis
0	Primary, right lower calf	6	161	CTNND2	138	52	0.5	primary
1	Locoregional skin metastasis 1, right calf	6	161	CTNND2	77	46	0.5	metastasis
2	Locoregional skin metastasis 2, right mid-calf	6	161	CTNND2	150	31	0.5	metastasis
0	Primary, right lower calf	6	162	CILP	257	106	0.5	primary
1	Locoregional skin metastasis 1, right calf	6	162	CILP	199	134	0.5	metastasis
2	Locoregional skin metastasis 2, right mid-calf	6	162	CILP	263	97	0.5	metastasis
0	Primary, right lower calf	6	163	AK5	42	17	0.5	primary
1	Locoregional skin metastasis 1, right calf	6	163	AK5	43	27	0.5	metastasis
2	Locoregional skin metastasis 2, right mid-calf	6	163	AK5	73	10	0.5	metastasis
0	Primary, right lower calf	6	164	GIMAP8	70	26	0.5	primary
1	Locoregional skin metastasis 1, right calf	6	164	GIMAP8	63	45	0.5	metastasis
2	Locoregional skin metastasis 2, right mid-calf	6	164	GIMAP8	82	25	0.5	metastasis
0	Primary, right lower calf	6	165	OR10H3	586	182	0.5	primary
1	Locoregional skin metastasis 1, right calf	6	165	OR10H3	357	274	0.5	metastasis
2	Locoregional skin metastasis 2, right mid-calf	6	165	OR10H3	665	200	0.5	metastasis
0	Primary, right lower calf	6	166	ABL2	201	91	0.5	primary
1	Locoregional skin metastasis 1, right calf	6	166	ABL2	176	132	0.5	metastasis
2	Locoregional skin metastasis 2, right mid-calf	6	166	ABL2	217	71	0.5	metastasis
0	Primary, right lower calf	6	167	CFHR5	15	2	0.5	primary
1	Locoregional skin metastasis 1, right calf	6	167	CFHR5	7	4	0.5	metastasis
2	Locoregional skin metastasis 2, right mid-calf	6	167	CFHR5	11	6	0.5	metastasis
0	Primary, right lower calf	6	168	OR51E1	541	215	0.5	primary
1	Locoregional skin metastasis 1, right calf	6	168	OR51E1	371	284	0.5	metastasis
2	Locoregional skin metastasis 2, right mid-calf	6	168	OR51E1	621	190	0.5	metastasis
0	Primary, right lower calf	6	169	KIAA1324	294	140	0.5	primary
1	Locoregional skin metastasis 1, right calf	6	169	KIAA1324	256	168	0.5	metastasis
2	Locoregional skin metastasis 2, right mid-calf	6	169	KIAA1324	324	104	0.5	metastasis
0	Primary, right lower calf	1	170	OR2T1	496	126	0.5	primary
1	Locoregional skin metastasis 1, right calf	1	170	OR2T1	298	237	0.5	metastasis
2	Locoregional skin metastasis 2, right mid-calf	1	170	OR2T1	479	128	0.5	metastasis
0	Primary, right lower calf	6	171	LRRC10	210	90	0.5	primary
1	Locoregional skin metastasis 1, right calf	6	171	LRRC10	182	125	0.5	metastasis
2	Locoregional skin metastasis 2, right mid-calf	6	171	LRRC10	255	72	0.5	metastasis
0	Primary, right lower calf	4	172	ARID3C	831	123	0.5	primary
1	Locoregional skin metastasis 1, right calf	4	172	ARID3C	494	375	0.5	metastasis
2	Locoregional skin metastasis 2, right mid-calf	4	172	ARID3C	698	259	0.5	metastasis
0	Primary, right lower calf	6	173	TRPC4	132	43	0.5	primary
1	Locoregional skin metastasis 1, right calf	6	173	TRPC4	90	75	0.5	metastasis
2	Locoregional skin metastasis 2, right mid-calf	6	173	TRPC4	165	76	0.5	metastasis
0	Primary, right lower calf	6	174	MUC5B	41	19	0.5	primary
1	Locoregional skin metastasis 1, right calf	6	174	MUC5B	33	17	0.5	metastasis
2	Locoregional skin metastasis 2, right mid-calf	6	174	MUC5B	56	10	0.5	metastasis
0	Primary, right lower calf	6	175	ZNF560	157	57	0.5	primary
1	Locoregional skin metastasis 1, right calf	6	175	ZNF560	93	67	0.5	metastasis
2	Locoregional skin metastasis 2, right mid-calf	6	175	ZNF560	165	38	0.5	metastasis
0	Primary, right lower calf	1	176	ITGBL1	291	80	0.5	primary
1	Locoregional skin metastasis 1, right calf	1	176	ITGBL1	205	121	0.5	metastasis
2	Locoregional skin metastasis 2, right mid-calf	1	176	ITGBL1	306	110	0.5	metastasis
0	Primary, right lower calf	2	177	PGAP1	45	0	0.5	primary
1	Locoregional skin metastasis 1, right calf	2	177	PGAP1	29	0	0.5	metastasis
2	Locoregional skin metastasis 2, right mid-calf	2	177	PGAP1	28	4	0.5	metastasis
0	Primary, right lower calf	6	178	ARHGEF1	102	39	0.5	primary
1	Locoregional skin metastasis 1, right calf	6	178	ARHGEF1	66	49	0.5	metastasis
2	Locoregional skin metastasis 2, right mid-calf	6	178	ARHGEF1	97	31	0.5	metastasis
0	Primary, right lower calf	1	179	FAIM2	74	19	0.5	primary
1	Locoregional skin metastasis 1, right calf	1	179	FAIM2	59	38	0.5	metastasis
2	Locoregional skin metastasis 2, right mid-calf	1	179	FAIM2	64	22	0.5	metastasis
0	Primary, right lower calf	1	180	SLCO1B1	286	72	0.5	primary
1	Locoregional skin metastasis 1, right calf	1	180	SLCO1B1	177	138	0.5	metastasis
2	Locoregional skin metastasis 2, right mid-calf	1	180	SLCO1B1	316	70	0.5	metastasis
0	Primary, right lower calf	6	181	GCN1L1	148	58	0.5	primary
1	Locoregional skin metastasis 1, right calf	6	181	GCN1L1	118	91	0.5	metastasis
2	Locoregional skin metastasis 2, right mid-calf	6	181	GCN1L1	146	61	0.5	metastasis
0	Primary, right lower calf	6	182	IL12RB1	13	8	0.5	primary
1	Locoregional skin metastasis 1, right calf	6	182	IL12RB1	11	15	0.5	metastasis
2	Locoregional skin metastasis 2, right mid-calf	6	182	IL12RB1	17	4	0.5	metastasis
0	Primary, right lower calf	6	183	TMEM2	70	35	0.5	primary
1	Locoregional skin metastasis 1, right calf	6	183	TMEM2	51	50	0.5	metastasis
2	Locoregional skin metastasis 2, right mid-calf	6	183	TMEM2	101	33	0.5	metastasis
0	Primary, right lower calf	1	184	LRRIQ3	276	75	0.5	primary
1	Locoregional skin metastasis 1, right calf	1	184	LRRIQ3	213	143	0.5	metastasis
2	Locoregional skin metastasis 2, right mid-calf	1	184	LRRIQ3	312	69	0.5	metastasis
0	Primary, right lower calf	6	185	DOCK3	132	51	0.5	primary
1	Locoregional skin metastasis 1, right calf	6	185	DOCK3	118	68	0.5	metastasis
2	Locoregional skin metastasis 2, right mid-calf	6	185	DOCK3	155	67	0.5	metastasis
0	Primary, right lower calf	6	186	RNF152	840	328	0.5	primary
1	Locoregional skin metastasis 1, right calf	6	186	RNF152	583	439	0.5	metastasis
2	Locoregional skin metastasis 2, right mid-calf	6	186	RNF152	879	324	0.5	metastasis
0	Primary, right lower calf	1	187	CPNE4	196	49	0.5	primary
1	Locoregional skin metastasis 1, right calf	1	187	CPNE4	141	86	0.5	metastasis
2	Locoregional skin metastasis 2, right mid-calf	1	187	CPNE4	245	88	0.5	metastasis
0	Primary, right lower calf	4	188	AP3B2	158	19	0.5	primary
1	Locoregional skin metastasis 1, right calf	4	188	AP3B2	89	50	0.5	metastasis
2	Locoregional skin metastasis 2, right mid-calf	4	188	AP3B2	103	33	0.5	metastasis
0	Primary, right lower calf	1	189	RAD51AP2	389	74	0.5	primary
1	Locoregional skin metastasis 1, right calf	1	189	RAD51AP2	286	192	0.5	metastasis
2	Locoregional skin metastasis 2, right mid-calf	1	189	RAD51AP2	391	145	0.5	metastasis
0	Primary, right lower calf	0	190	AMPD1	208	19	0.5	primary
1	Locoregional skin metastasis 1, right calf	0	190	AMPD1	122	75	0.5	metastasis
2	Locoregional skin metastasis 2, right mid-calf	0	190	AMPD1	216	20	0.5	metastasis
0	Primary, right lower calf	1	191	LRRC31	140	40	0.5	primary
1	Locoregional skin metastasis 1, right calf	1	191	LRRC31	109	71	0.5	metastasis
2	Locoregional skin metastasis 2, right mid-calf	1	191	LRRC31	170	42	0.5	metastasis
0	Primary, right lower calf	6	192	FLG	238	89	0.5	primary
1	Locoregional skin metastasis 1, right calf	6	192	FLG	143	84	0.5	metastasis
2	Locoregional skin metastasis 2, right mid-calf	6	192	FLG	276	97	0.5	metastasis
0	Primary, right lower calf	6	193	RGL3	211	81	0.5	primary
1	Locoregional skin metastasis 1, right calf	6	193	RGL3	136	99	0.5	metastasis
2	Locoregional skin metastasis 2, right mid-calf	6	193	RGL3	186	62	0.5	metastasis
0	Primary, right lower calf	6	194	FRMD5	164	60	0.5	primary
1	Locoregional skin metastasis 1, right calf	6	194	FRMD5	117	73	0.5	metastasis
2	Locoregional skin metastasis 2, right mid-calf	6	194	FRMD5	181	60	0.5	metastasis
0	Primary, right lower calf	4	195	BLVRB	119	19	0.5	primary
1	Locoregional skin metastasis 1, right calf	4	195	BLVRB	87	59	0.5	metastasis
2	Locoregional skin metastasis 2, right mid-calf	4	195	BLVRB	119	32	0.5	metastasis
0	Primary, right lower calf	6	196	LAMA3	70	34	0.5	primary
1	Locoregional skin metastasis 1, right calf	6	196	LAMA3	66	42	0.5	metastasis
2	Locoregional skin metastasis 2, right mid-calf	6	196	LAMA3	93	21	0.5	metastasis
0	Primary, right lower calf	6	197	CD3E	373	137	0.5	primary
1	Locoregional skin metastasis 1, right calf	6	197	CD3E	277	162	0.5	metastasis
2	Locoregional skin metastasis 2, right mid-calf	6	197	CD3E	317	127	0.5	metastasis
0	Primary, right lower calf	4	198	HRH3	370	27	0.5	primary
1	Locoregional skin metastasis 1, right calf	4	198	HRH3	204	146	0.5	metastasis
2	Locoregional skin metastasis 2, right mid-calf	4	198	HRH3	275	98	0.5	metastasis
0	Primary, right lower calf	6	199	SLC41A2	575	262	0.5	primary
1	Locoregional skin metastasis 1, right calf	6	199	SLC41A2	456	332	0.5	metastasis
2	Locoregional skin metastasis 2, right mid-calf	6	199	SLC41A2	774	205	0.5	metastasis
0	Primary, right lower calf	6	200	MRPS2	455	161	0.5	primary
1	Locoregional skin metastasis 1, right calf	6	200	MRPS2	338	254	0.5	metastasis
2	Locoregional skin metastasis 2, right mid-calf	6	200	MRPS2	499	144	0.5	metastasis
0	Primary, right lower calf	6	201	SMARCA4	140	80	0.5	primary
1	Locoregional skin metastasis 1, right calf	6	201	SMARCA4	132	89	0.5	metastasis
2	Locoregional skin metastasis 2, right mid-calf	6	201	SMARCA4	142	65	0.5	metastasis
0	Primary, right lower calf	4	202	SRPR	250	19	0.5	primary
1	Locoregional skin metastasis 1, right calf	4	202	SRPR	135	85	0.5	metastasis
2	Locoregional skin metastasis 2, right mid-calf	4	202	SRPR	170	50	0.5	metastasis
0	Primary, right lower calf	4	203	TPO	97	15	0.5	primary
1	Locoregional skin metastasis 1, right calf	4	203	TPO	68	36	0.5	metastasis
2	Locoregional skin metastasis 2, right mid-calf	4	203	TPO	110	26	0.5	metastasis
0	Primary, right lower calf	6	204	NLRP7	543	200	0.5	primary
1	Locoregional skin metastasis 1, right calf	6	204	NLRP7	389	294	0.5	metastasis
2	Locoregional skin metastasis 2, right mid-calf	6	204	NLRP7	496	174	0.5	metastasis
0	Primary, right lower calf	4	205	RSPO4	347	60	0.5	primary
1	Locoregional skin metastasis 1, right calf	4	205	RSPO4	207	164	0.5	metastasis
2	Locoregional skin metastasis 2, right mid-calf	4	205	RSPO4	276	94	0.5	metastasis
0	Primary, right lower calf	6	206	C2orf78	109	31	0.5	primary
1	Locoregional skin metastasis 1, right calf	6	206	C2orf78	97	65	0.5	metastasis
2	Locoregional skin metastasis 2, right mid-calf	6	206	C2orf78	149	44	0.5	metastasis
0	Primary, right lower calf	6	207	NRAS	270	120	0.5	primary
1	Locoregional skin metastasis 1, right calf	6	207	NRAS	290	170	0.5	metastasis
2	Locoregional skin metastasis 2, right mid-calf	6	207	NRAS	330	108	0.5	metastasis
0	Primary, right lower calf	4	208	TNFSF13B	121	17	0.5	primary
1	Locoregional skin metastasis 1, right calf	4	208	TNFSF13B	83	67	0.5	metastasis
2	Locoregional skin metastasis 2, right mid-calf	4	208	TNFSF13B	123	56	0.5	metastasis
0	Primary, right lower calf	6	209	SPATA18	424	182	0.5	primary
1	Locoregional skin metastasis 1, right calf	6	209	SPATA18	315	208	0.5	metastasis
2	Locoregional skin metastasis 2, right mid-calf	6	209	SPATA18	515	152	0.5	metastasis
0	Primary, right lower calf	6	210	BMP7	231	87	0.5	primary
1	Locoregional skin metastasis 1, right calf	6	210	BMP7	126	120	0.5	metastasis
2	Locoregional skin metastasis 2, right mid-calf	6	210	BMP7	201	74	0.5	metastasis
0	Primary, right lower calf	0	211	SERPINB5	151	12	0.5	primary
1	Locoregional skin metastasis 1, right calf	0	211	SERPINB5	95	79	0.5	metastasis
2	Locoregional skin metastasis 2, right mid-calf	0	211	SERPINB5	180	16	0.5	metastasis
0	Primary, right lower calf	6	212	BEND4	249	91	0.5	primary
1	Locoregional skin metastasis 1, right calf	6	212	BEND4	164	97	0.5	metastasis
2	Locoregional skin metastasis 2, right mid-calf	6	212	BEND4	242	56	0.5	metastasis
0	Primary, right lower calf	6	213	LMX1A	90	30	0.5	primary
1	Locoregional skin metastasis 1, right calf	6	213	LMX1A	46	31	0.5	metastasis
2	Locoregional skin metastasis 2, right mid-calf	6	213	LMX1A	91	27	0.5	metastasis
0	Primary, right lower calf	6	214	DNAH14	75	31	0.5	primary
1	Locoregional skin metastasis 1, right calf	6	214	DNAH14	43	36	0.5	metastasis
2	Locoregional skin metastasis 2, right mid-calf	6	214	DNAH14	86	28	0.5	metastasis
0	Primary, right lower calf	1	215	CYTIP	144	41	0.5	primary
1	Locoregional skin metastasis 1, right calf	1	215	CYTIP	82	64	0.5	metastasis
2	Locoregional skin metastasis 2, right mid-calf	1	215	CYTIP	140	33	0.5	metastasis
0	Primary, right lower calf	6	216	KRIT1	229	101	0.5	primary
1	Locoregional skin metastasis 1, right calf	6	216	KRIT1	162	113	0.5	metastasis
2	Locoregional skin metastasis 2, right mid-calf	6	216	KRIT1	238	69	0.5	metastasis
0	Primary, right lower calf	6	217	FREM2	225	83	0.5	primary
1	Locoregional skin metastasis 1, right calf	6	217	FREM2	143	121	0.5	metastasis
2	Locoregional skin metastasis 2, right mid-calf	6	217	FREM2	265	92	0.5	metastasis
0	Primary, right lower calf	6	218	COL4A4	213	71	0.5	primary
1	Locoregional skin metastasis 1, right calf	6	218	COL4A4	159	94	0.5	metastasis
2	Locoregional skin metastasis 2, right mid-calf	6	218	COL4A4	194	73	0.5	metastasis
0	Primary, right lower calf	6	219	TH	84	27	0.5	primary
1	Locoregional skin metastasis 1, right calf	6	219	TH	69	55	0.5	metastasis
2	Locoregional skin metastasis 2, right mid-calf	6	219	TH	104	32	0.5	metastasis
0	Primary, right lower calf	1	220	CADM2	264	61	0.5	primary
1	Locoregional skin metastasis 1, right calf	1	220	CADM2	183	134	0.5	metastasis
2	Locoregional skin metastasis 2, right mid-calf	1	220	CADM2	318	101	0.5	metastasis
0	Primary, right lower calf	6	221	GAP43	78	30	0.5	primary
1	Locoregional skin metastasis 1, right calf	6	221	GAP43	83	39	0.5	metastasis
2	Locoregional skin metastasis 2, right mid-calf	6	221	GAP43	102	33	0.5	metastasis
0	Primary, right lower calf	6	222	MUC16	234	99	0.5	primary
1	Locoregional skin metastasis 1, right calf	6	222	MUC16	202	104	0.5	metastasis
2	Locoregional skin metastasis 2, right mid-calf	6	222	MUC16	292	80	0.5	metastasis
0	Primary, right lower calf	5	223	HERC2P3	893	120	0.5	primary
1	Locoregional skin metastasis 1, right calf	5	223	HERC2P3	809	110	0.5	metastasis
2	Locoregional skin metastasis 2, right mid-calf	5	223	HERC2P3	961	118	0.5	metastasis
0	Primary, right lower calf	6	224	C2orf77	384	218	0.5	primary
1	Locoregional skin metastasis 1, right calf	6	224	C2orf77	362	183	0.5	metastasis
2	Locoregional skin metastasis 2, right mid-calf	6	224	C2orf77	467	154	0.5	metastasis
0	Primary, right lower calf	6	225	MUC4	252	91	0.5	primary
1	Locoregional skin metastasis 1, right calf	6	225	MUC4	203	136	0.5	metastasis
2	Locoregional skin metastasis 2, right mid-calf	6	225	MUC4	305	97	0.5	metastasis
0	Primary, right lower calf	4	226	BCL11A	1220	174	0.5	primary
1	Locoregional skin metastasis 1, right calf	4	226	BCL11A	650	453	0.5	metastasis
2	Locoregional skin metastasis 2, right mid-calf	4	226	BCL11A	1105	338	0.5	metastasis
0	Primary, right lower calf	6	227	CHML	273	88	0.5	primary
1	Locoregional skin metastasis 1, right calf	6	227	CHML	158	108	0.5	metastasis
2	Locoregional skin metastasis 2, right mid-calf	6	227	CHML	273	82	0.5	metastasis
0	Primary, right lower calf	6	228	PPFIA2	172	56	0.5	primary
1	Locoregional skin metastasis 1, right calf	6	228	PPFIA2	123	85	0.5	metastasis
2	Locoregional skin metastasis 2, right mid-calf	6	228	PPFIA2	203	51	0.5	metastasis
0	Primary, right lower calf	6	229	SHANK2	103	29	0.5	primary
1	Locoregional skin metastasis 1, right calf	6	229	SHANK2	69	49	0.5	metastasis
2	Locoregional skin metastasis 2, right mid-calf	6	229	SHANK2	117	34	0.5	metastasis
0	Primary, right lower calf	6	230	SPIRE1	27	11	0.5	primary
1	Locoregional skin metastasis 1, right calf	6	230	SPIRE1	28	9	0.5	metastasis
2	Locoregional skin metastasis 2, right mid-calf	6	230	SPIRE1	27	12	0.5	metastasis
0	Primary, right lower calf	6	231	C2orf89	160	58	0.5	primary
1	Locoregional skin metastasis 1, right calf	6	231	C2orf89	140	72	0.5	metastasis
2	Locoregional skin metastasis 2, right mid-calf	6	231	C2orf89	204	51	0.5	metastasis
0	Primary, right lower calf	6	232	OR1C1	89	29	0.5	primary
1	Locoregional skin metastasis 1, right calf	6	232	OR1C1	60	48	0.5	metastasis
2	Locoregional skin metastasis 2, right mid-calf	6	232	OR1C1	77	27	0.5	metastasis
0	Primary, right lower calf	1	233	GLCCI1	172	50	0.5	primary
1	Locoregional skin metastasis 1, right calf	1	233	GLCCI1	128	80	0.5	metastasis
2	Locoregional skin metastasis 2, right mid-calf	1	233	GLCCI1	174	44	0.5	metastasis
0	Primary, right lower calf	6	234	GYPA	315	141	0.5	primary
1	Locoregional skin metastasis 1, right calf	6	234	GYPA	238	180	0.5	metastasis
2	Locoregional skin metastasis 2, right mid-calf	6	234	GYPA	372	143	0.5	metastasis
0	Primary, right lower calf	6	235	NLRP12	75	40	0.5	primary
1	Locoregional skin metastasis 1, right calf	6	235	NLRP12	65	39	0.5	metastasis
2	Locoregional skin metastasis 2, right mid-calf	6	235	NLRP12	106	12	0.5	metastasis
0	Primary, right lower calf	6	236	FOXP2	554	183	0.5	primary
1	Locoregional skin metastasis 1, right calf	6	236	FOXP2	404	241	0.5	metastasis
2	Locoregional skin metastasis 2, right mid-calf	6	236	FOXP2	606	184	0.5	metastasis
0	Primary, right lower calf	6	237	STON1-GTF2A1L	182	69	0.5	primary
1	Locoregional skin metastasis 1, right calf	6	237	STON1-GTF2A1L	143	86	0.5	metastasis
2	Locoregional skin metastasis 2, right mid-calf	6	237	STON1-GTF2A1L	215	74	0.5	metastasis
0	Primary, right lower calf	6	238	ZC3H7A	80	26	0.5	primary
1	Locoregional skin metastasis 1, right calf	6	238	ZC3H7A	48	36	0.5	metastasis
2	Locoregional skin metastasis 2, right mid-calf	6	238	ZC3H7A	73	21	0.5	metastasis
0	Primary, right lower calf	4	239	C19orf46	74	10	0.5	primary
1	Locoregional skin metastasis 1, right calf	4	239	C19orf46	54	33	0.5	metastasis
2	Locoregional skin metastasis 2, right mid-calf	4	239	C19orf46	66	23	0.5	metastasis
0	Primary, right lower calf	4	240	LMF1	158	21	0.5	primary
1	Locoregional skin metastasis 1, right calf	4	240	LMF1	74	64	0.5	metastasis
2	Locoregional skin metastasis 2, right mid-calf	4	240	LMF1	113	41	0.5	metastasis
0	Primary, right lower calf	6	241	LRRC42	563	246	0.5	primary
1	Locoregional skin metastasis 1, right calf	6	241	LRRC42	412	274	0.5	metastasis
2	Locoregional skin metastasis 2, right mid-calf	6	241	LRRC42	631	182	0.5	metastasis
0	Primary, right lower calf	1	242	ALPK3	56	15	0.5	primary
1	Locoregional skin metastasis 1, right calf	1	242	ALPK3	45	18	0.5	metastasis
2	Locoregional skin metastasis 2, right mid-calf	1	242	ALPK3	60	19	0.5	metastasis
0	Primary, right lower calf	6	243	DUOXA1	165	66	0.5	primary
1	Locoregional skin metastasis 1, right calf	6	243	DUOXA1	112	93	0.5	metastasis
2	Locoregional skin metastasis 2, right mid-calf	6	243	DUOXA1	177	80	0.5	metastasis
0	Primary, right lower calf	2	244	SH3BP5	59	9	0.5	primary
1	Locoregional skin metastasis 1, right calf	2	244	SH3BP5	76	0	0.5	metastasis
2	Locoregional skin metastasis 2, right mid-calf	2	244	SH3BP5	73	0	0.5	metastasis
0	Primary, right lower calf	6	245	VSTM2B	51	29	0.5	primary
1	Locoregional skin metastasis 1, right calf	6	245	VSTM2B	33	22	0.5	metastasis
2	Locoregional skin metastasis 2, right mid-calf	6	245	VSTM2B	45	26	0.5	metastasis
0	Primary, right lower calf	6	246	PRIC285	398	138	0.5	primary
1	Locoregional skin metastasis 1, right calf	6	246	PRIC285	252	211	0.5	metastasis
2	Locoregional skin metastasis 2, right mid-calf	6	246	PRIC285	343	138	0.5	metastasis
0	Primary, right lower calf	1	247	MUC16	260	67	0.5	primary
1	Locoregional skin metastasis 1, right calf	1	247	MUC16	167	116	0.5	metastasis
2	Locoregional skin metastasis 2, right mid-calf	1	247	MUC16	292	68	0.5	metastasis
0	Primary, right lower calf	6	248	PRKAG2	169	64	0.5	primary
1	Locoregional skin metastasis 1, right calf	6	248	PRKAG2	129	82	0.5	metastasis
2	Locoregional skin metastasis 2, right mid-calf	6	248	PRKAG2	206	47	0.5	metastasis
0	Primary, right lower calf	6	249	ZNF880	124	47	0.5	primary
1	Locoregional skin metastasis 1, right calf	6	249	ZNF880	80	76	0.5	metastasis
2	Locoregional skin metastasis 2, right mid-calf	6	249	ZNF880	126	51	0.5	metastasis
0	Primary, right lower calf	6	250	CLSTN2	92	35	0.5	primary
1	Locoregional skin metastasis 1, right calf	6	250	CLSTN2	82	48	0.5	metastasis
2	Locoregional skin metastasis 2, right mid-calf	6	250	CLSTN2	91	50	0.5	metastasis
0	Primary, right lower calf	6	251	PROKR2	202	70	0.5	primary
1	Locoregional skin metastasis 1, right calf	6	251	PROKR2	161	113	0.5	metastasis
2	Locoregional skin metastasis 2, right mid-calf	6	251	PROKR2	211	71	0.5	metastasis
0	Primary, right lower calf	6	252	ZSCAN18	254	110	0.5	primary
1	Locoregional skin metastasis 1, right calf	6	252	ZSCAN18	198	141	0.5	metastasis
2	Locoregional skin metastasis 2, right mid-calf	6	252	ZSCAN18	267	73	0.5	metastasis
0	Primary, right lower calf	6	253	SVEP1	167	74	0.5	primary
1	Locoregional skin metastasis 1, right calf	6	253	SVEP1	141	105	0.5	metastasis
2	Locoregional skin metastasis 2, right mid-calf	6	253	SVEP1	221	63	0.5	metastasis
0	Primary, right lower calf	2	254	DNAH14	657	8	0.5	primary
1	Locoregional skin metastasis 1, right calf	2	254	DNAH14	572	0	0.5	metastasis
2	Locoregional skin metastasis 2, right mid-calf	2	254	DNAH14	574	100	0.5	metastasis
0	Primary, right lower calf	4	255	C19orf18	12	0	0.5	primary
1	Locoregional skin metastasis 1, right calf	4	255	C19orf18	3	5	0.5	metastasis
2	Locoregional skin metastasis 2, right mid-calf	4	255	C19orf18	9	3	0.5	metastasis
0	Primary, right lower calf	6	256	IGF1R	129	32	0.5	primary
1	Locoregional skin metastasis 1, right calf	6	256	IGF1R	81	68	0.5	metastasis
2	Locoregional skin metastasis 2, right mid-calf	6	256	IGF1R	96	48	0.5	metastasis
0	Primary, right lower calf	6	257	TRRAP	26	15	0.5	primary
1	Locoregional skin metastasis 1, right calf	6	257	TRRAP	32	14	0.5	metastasis
2	Locoregional skin metastasis 2, right mid-calf	6	257	TRRAP	45	18	0.5	metastasis
0	Primary, right lower calf	4	258	SV2B	287	44	0.5	primary
1	Locoregional skin metastasis 1, right calf	4	258	SV2B	148	96	0.5	metastasis
2	Locoregional skin metastasis 2, right mid-calf	4	258	SV2B	259	79	0.5	metastasis
0	Primary, right lower calf	6	259	LAMA3	398	130	0.5	primary
1	Locoregional skin metastasis 1, right calf	6	259	LAMA3	311	192	0.5	metastasis
2	Locoregional skin metastasis 2, right mid-calf	6	259	LAMA3	447	121	0.5	metastasis
0	Primary, right lower calf	6	260	CARHSP1	132	54	0.5	primary
1	Locoregional skin metastasis 1, right calf	6	260	CARHSP1	86	66	0.5	metastasis
2	Locoregional skin metastasis 2, right mid-calf	6	260	CARHSP1	115	51	0.5	metastasis
0	Primary, right lower calf	1	261	MYPOP	187	54	0.5	primary
1	Locoregional skin metastasis 1, right calf	1	261	MYPOP	143	82	0.5	metastasis
2	Locoregional skin metastasis 2, right mid-calf	1	261	MYPOP	154	50	0.5	metastasis
0	Primary, right lower calf	0	262	TCF7L1	13	3	0.5	primary
1	Locoregional skin metastasis 1, right calf	0	262	TCF7L1	14	4	0.5	metastasis
2	Locoregional skin metastasis 2, right mid-calf	0	262	TCF7L1	21	0	0.5	metastasis
0	Primary, right lower calf	6	263	TLN2	79	35	0.5	primary
1	Locoregional skin metastasis 1, right calf	6	263	TLN2	54	57	0.5	metastasis
2	Locoregional skin metastasis 2, right mid-calf	6	263	TLN2	83	25	0.5	metastasis
0	Primary, right lower calf	1	264	COL6A6	180	49	0.5	primary
1	Locoregional skin metastasis 1, right calf	1	264	COL6A6	151	100	0.5	metastasis
2	Locoregional skin metastasis 2, right mid-calf	1	264	COL6A6	199	58	0.5	metastasis
0	Primary, right lower calf	6	265	TNR	121	43	0.5	primary
1	Locoregional skin metastasis 1, right calf	6	265	TNR	102	65	0.5	metastasis
2	Locoregional skin metastasis 2, right mid-calf	6	265	TNR	148	39	0.5	metastasis
0	Primary, right lower calf	6	266	L3MBTL1	84	35	0.5	primary
1	Locoregional skin metastasis 1, right calf	6	266	L3MBTL1	50	23	0.5	metastasis
2	Locoregional skin metastasis 2, right mid-calf	6	266	L3MBTL1	67	20	0.5	metastasis
0	Primary, right lower calf	6	267	KRT1	373	134	0.5	primary
1	Locoregional skin metastasis 1, right calf	6	267	KRT1	267	178	0.5	metastasis
2	Locoregional skin metastasis 2, right mid-calf	6	267	KRT1	462	108	0.5	metastasis
0	Primary, right lower calf	6	268	ACHE	145	64	0.5	primary
1	Locoregional skin metastasis 1, right calf	6	268	ACHE	114	76	0.5	metastasis
2	Locoregional skin metastasis 2, right mid-calf	6	268	ACHE	132	38	0.5	metastasis
0	Primary, right lower calf	4	269	RAD51AP2	300	29	0.5	primary
1	Locoregional skin metastasis 1, right calf	4	269	RAD51AP2	176	125	0.5	metastasis
2	Locoregional skin metastasis 2, right mid-calf	4	269	RAD51AP2	212	65	0.5	metastasis
0	Primary, right lower calf	6	270	STXBP2	165	50	0.5	primary
1	Locoregional skin metastasis 1, right calf	6	270	STXBP2	119	79	0.5	metastasis
2	Locoregional skin metastasis 2, right mid-calf	6	270	STXBP2	172	45	0.5	metastasis
0	Primary, right lower calf	1	271	PIP5K1C	62	11	0.5	primary
1	Locoregional skin metastasis 1, right calf	1	271	PIP5K1C	49	23	0.5	metastasis
2	Locoregional skin metastasis 2, right mid-calf	1	271	PIP5K1C	53	15	0.5	metastasis
0	Primary, right lower calf	6	272	IMMT	159	78	0.5	primary
1	Locoregional skin metastasis 1, right calf	6	272	IMMT	155	110	0.5	metastasis
2	Locoregional skin metastasis 2, right mid-calf	6	272	IMMT	251	70	0.5	metastasis
0	Primary, right lower calf	6	273	FOXF1	109	49	0.5	primary
1	Locoregional skin metastasis 1, right calf	6	273	FOXF1	92	66	0.5	metastasis
2	Locoregional skin metastasis 2, right mid-calf	6	273	FOXF1	130	62	0.5	metastasis
0	Primary, right lower calf	6	274	SAMSN1	127	61	0.5	primary
1	Locoregional skin metastasis 1, right calf	6	274	SAMSN1	114	68	0.5	metastasis
2	Locoregional skin metastasis 2, right mid-calf	6	274	SAMSN1	196	63	0.5	metastasis
0	Primary, right lower calf	6	275	DSCAML1	59	27	0.5	primary
1	Locoregional skin metastasis 1, right calf	6	275	DSCAML1	35	22	0.5	metastasis
2	Locoregional skin metastasis 2, right mid-calf	6	275	DSCAML1	72	11	0.5	metastasis
0	Primary, right lower calf	1	276	C7	247	68	0.5	primary
1	Locoregional skin metastasis 1, right calf	1	276	C7	156	115	0.5	metastasis
2	Locoregional skin metastasis 2, right mid-calf	1	276	C7	233	72	0.5	metastasis
0	Primary, right lower calf	6	277	YIPF7	26	18	0.5	primary
1	Locoregional skin metastasis 1, right calf	6	277	YIPF7	20	20	0.5	metastasis
2	Locoregional skin metastasis 2, right mid-calf	6	277	YIPF7	31	13	0.5	metastasis
0	Primary, right lower calf	1	278	LOC730159	149	32	0.5	primary
1	Locoregional skin metastasis 1, right calf	1	278	LOC730159	91	41	0.5	metastasis
2	Locoregional skin metastasis 2, right mid-calf	1	278	LOC730159	147	31	0.5	metastasis
0	Primary, right lower calf	6	279	SVEP1	110	35	0.5	primary
1	Locoregional skin metastasis 1, right calf	6	279	SVEP1	120	55	0.5	metastasis
2	Locoregional skin metastasis 2, right mid-calf	6	279	SVEP1	127	48	0.5	metastasis
0	Primary, right lower calf	6	280	UNC93B1	126	48	0.5	primary
1	Locoregional skin metastasis 1, right calf	6	280	UNC93B1	96	57	0.5	metastasis
2	Locoregional skin metastasis 2, right mid-calf	6	280	UNC93B1	126	47	0.5	metastasis
0	Primary, right lower calf	1	281	MUC19	301	71	0.5	primary
1	Locoregional skin metastasis 1, right calf	1	281	MUC19	229	164	0.5	metastasis
2	Locoregional skin metastasis 2, right mid-calf	1	281	MUC19	394	111	0.5	metastasis
0	Primary, right lower calf	6	282	BFSP2	75	24	0.5	primary
1	Locoregional skin metastasis 1, right calf	6	282	BFSP2	70	51	0.5	metastasis
2	Locoregional skin metastasis 2, right mid-calf	6	282	BFSP2	97	27	0.5	metastasis
0	Primary, right lower calf	4	283	ALB	357	54	0.5	primary
1	Locoregional skin metastasis 1, right calf	4	283	ALB	197	130	0.5	metastasis
2	Locoregional skin metastasis 2, right mid-calf	4	283	ALB	360	85	0.5	metastasis
0	Primary, right lower calf	6	284	MAGI1	61	25	0.5	primary
1	Locoregional skin metastasis 1, right calf	6	284	MAGI1	50	38	0.5	metastasis
2	Locoregional skin metastasis 2, right mid-calf	6	284	MAGI1	84	18	0.5	metastasis
0	Primary, right lower calf	4	285	RASIP1	127	15	0.5	primary
1	Locoregional skin metastasis 1, right calf	4	285	RASIP1	69	65	0.5	metastasis
2	Locoregional skin metastasis 2, right mid-calf	4	285	RASIP1	94	29	0.5	metastasis
0	Primary, right lower calf	2	286	RERE	572	7	0.5	primary
1	Locoregional skin metastasis 1, right calf	2	286	RERE	481	0	0.5	metastasis
2	Locoregional skin metastasis 2, right mid-calf	2	286	RERE	488	110	0.5	metastasis
0	Primary, right lower calf	4	287	HDAC9	123	14	0.5	primary
1	Locoregional skin metastasis 1, right calf	4	287	HDAC9	71	71	0.5	metastasis
2	Locoregional skin metastasis 2, right mid-calf	4	287	HDAC9	139	58	0.5	metastasis
0	Primary, right lower calf	0	288	FLAD1	168	11	0.5	primary
1	Locoregional skin metastasis 1, right calf	0	288	FLAD1	94	80	0.5	metastasis
2	Locoregional skin metastasis 2, right mid-calf	0	288	FLAD1	163	9	0.5	metastasis
0	Primary, right lower calf	6	289	KCNT2	68	33	0.5	primary
1	Locoregional skin metastasis 1, right calf	6	289	KCNT2	57	28	0.5	metastasis
2	Locoregional skin metastasis 2, right mid-calf	6	289	KCNT2	58	21	0.5	metastasis
0	Primary, right lower calf	3	290	GPR128	1122	0	0.5	primary
1	Locoregional skin metastasis 1, right calf	3	290	GPR128	675	446	0.5	metastasis
2	Locoregional skin metastasis 2, right mid-calf	3	290	GPR128	1511	0	0.5	metastasis
0	Primary, right lower calf	6	291	ZC3H4	404	129	0.5	primary
1	Locoregional skin metastasis 1, right calf	6	291	ZC3H4	221	176	0.5	metastasis
2	Locoregional skin metastasis 2, right mid-calf	6	291	ZC3H4	287	130	0.5	metastasis
0	Primary, right lower calf	2	292	POT1	189	3	0.5	primary
1	Locoregional skin metastasis 1, right calf	2	292	POT1	173	0	0.5	metastasis
2	Locoregional skin metastasis 2, right mid-calf	2	292	POT1	192	39	0.5	metastasis
0	Primary, right lower calf	4	293	TLE2	299	36	0.5	primary
1	Locoregional skin metastasis 1, right calf	4	293	TLE2	179	116	0.5	metastasis
2	Locoregional skin metastasis 2, right mid-calf	4	293	TLE2	206	58	0.5	metastasis
0	Primary, right lower calf	1	294	OLFM3	345	94	0.5	primary
1	Locoregional skin metastasis 1, right calf	1	294	OLFM3	237	163	0.5	metastasis
2	Locoregional skin metastasis 2, right mid-calf	1	294	OLFM3	411	119	0.5	metastasis
0	Primary, right lower calf	6	295	CACNB4	121	45	0.5	primary
1	Locoregional skin metastasis 1, right calf	6	295	CACNB4	85	61	0.5	metastasis
2	Locoregional skin metastasis 2, right mid-calf	6	295	CACNB4	163	54	0.5	metastasis
0	Primary, right lower calf	6	296	NOSTRIN	227	88	0.5	primary
1	Locoregional skin metastasis 1, right calf	6	296	NOSTRIN	190	142	0.5	metastasis
2	Locoregional skin metastasis 2, right mid-calf	6	296	NOSTRIN	312	84	0.5	metastasis
0	Primary, right lower calf	1	297	LRBA	112	33	0.5	primary
1	Locoregional skin metastasis 1, right calf	1	297	LRBA	69	45	0.5	metastasis
2	Locoregional skin metastasis 2, right mid-calf	1	297	LRBA	137	35	0.5	metastasis
0	Primary, right lower calf	4	298	SPTA1	261	41	0.5	primary
1	Locoregional skin metastasis 1, right calf	4	298	SPTA1	173	111	0.5	metastasis
2	Locoregional skin metastasis 2, right mid-calf	4	298	SPTA1	284	85	0.5	metastasis
0	Primary, right lower calf	1	299	IBSP	51	11	0.5	primary
1	Locoregional skin metastasis 1, right calf	1	299	IBSP	41	27	0.5	metastasis
2	Locoregional skin metastasis 2, right mid-calf	1	299	IBSP	58	16	0.5	metastasis
0	Primary, right lower calf	6	300	LSM6	96	39	0.5	primary
1	Locoregional skin metastasis 1, right calf	6	300	LSM6	60	53	0.5	metastasis
2	Locoregional skin metastasis 2, right mid-calf	6	300	LSM6	106	26	0.5	metastasis
0	Primary, right lower calf	4	301	TRIM71	404	45	0.5	primary
1	Locoregional skin metastasis 1, right calf	4	301	TRIM71	267	161	0.5	metastasis
2	Locoregional skin metastasis 2, right mid-calf	4	301	TRIM71	466	117	0.5	metastasis
0	Primary, right lower calf	6	302	KIAA1804	432	180	0.5	primary
1	Locoregional skin metastasis 1, right calf	6	302	KIAA1804	306	238	0.5	metastasis
2	Locoregional skin metastasis 2, right mid-calf	6	302	KIAA1804	421	171	0.5	metastasis
0	Primary, right lower calf	6	303	ADAMTS19	186	66	0.5	primary
1	Locoregional skin metastasis 1, right calf	6	303	ADAMTS19	133	96	0.5	metastasis
2	Locoregional skin metastasis 2, right mid-calf	6	303	ADAMTS19	217	43	0.5	metastasis
0	Primary, right lower calf	6	304	OR6P1	368	122	0.5	primary
1	Locoregional skin metastasis 1, right calf	6	304	OR6P1	266	191	0.5	metastasis
2	Locoregional skin metastasis 2, right mid-calf	6	304	OR6P1	420	129	0.5	metastasis
0	Primary, right lower calf	1	305	POLQ	428	117	0.5	primary
1	Locoregional skin metastasis 1, right calf	1	305	POLQ	316	202	0.5	metastasis
2	Locoregional skin metastasis 2, right mid-calf	1	305	POLQ	475	148	0.5	metastasis
0	Primary, right lower calf	4	306	SPEN	119	15	0.5	primary
1	Locoregional skin metastasis 1, right calf	4	306	SPEN	87	94	0.5	metastasis
2	Locoregional skin metastasis 2, right mid-calf	4	306	SPEN	122	31	0.5	metastasis
0	Primary, right lower calf	2	307	FLG	380	45	0.5	primary
1	Locoregional skin metastasis 1, right calf	2	307	FLG	343	0	0.5	metastasis
2	Locoregional skin metastasis 2, right mid-calf	2	307	FLG	418	0	0.5	metastasis
0	Primary, right lower calf	6	308	ZNF486	14	4	0.5	primary
1	Locoregional skin metastasis 1, right calf	6	308	ZNF486	8	14	0.5	metastasis
2	Locoregional skin metastasis 2, right mid-calf	6	308	ZNF486	26	7	0.5	metastasis
0	Primary, right lower calf	6	309	FKBP6	88	36	0.5	primary
1	Locoregional skin metastasis 1, right calf	6	309	FKBP6	88	49	0.5	metastasis
2	Locoregional skin metastasis 2, right mid-calf	6	309	FKBP6	101	43	0.5	metastasis
0	Primary, right lower calf	2	310	FGF12	218	0	0.5	primary
1	Locoregional skin metastasis 1, right calf	2	310	FGF12	266	0	0.5	metastasis
2	Locoregional skin metastasis 2, right mid-calf	2	310	FGF12	280	35	0.5	metastasis
0	Primary, right lower calf	6	311	SRCAP	197	78	0.5	primary
1	Locoregional skin metastasis 1, right calf	6	311	SRCAP	161	112	0.5	metastasis
2	Locoregional skin metastasis 2, right mid-calf	6	311	SRCAP	237	83	0.5	metastasis
0	Primary, right lower calf	6	312	TLR4	411	167	0.5	primary
1	Locoregional skin metastasis 1, right calf	6	312	TLR4	312	233	0.5	metastasis
2	Locoregional skin metastasis 2, right mid-calf	6	312	TLR4	487	172	0.5	metastasis
0	Primary, right lower calf	6	313	HYAL3	67	23	0.5	primary
1	Locoregional skin metastasis 1, right calf	6	313	HYAL3	54	41	0.5	metastasis
2	Locoregional skin metastasis 2, right mid-calf	6	313	HYAL3	64	42	0.5	metastasis
0	Primary, right lower calf	6	314	OR8J3	185	64	0.5	primary
1	Locoregional skin metastasis 1, right calf	6	314	OR8J3	146	109	0.5	metastasis
2	Locoregional skin metastasis 2, right mid-calf	6	314	OR8J3	224	68	0.5	metastasis
0	Primary, right lower calf	6	315	PTPRB	18	3	0.5	primary
1	Locoregional skin metastasis 1, right calf	6	315	PTPRB	11	8	0.5	metastasis
2	Locoregional skin metastasis 2, right mid-calf	6	315	PTPRB	8	2	0.5	metastasis
0	Primary, right lower calf	6	316	FOXK1	106	41	0.5	primary
1	Locoregional skin metastasis 1, right calf	6	316	FOXK1	93	53	0.5	metastasis
2	Locoregional skin metastasis 2, right mid-calf	6	316	FOXK1	129	42	0.5	metastasis
0	Primary, right lower calf	4	317	ANKRD34C	273	45	0.5	primary
1	Locoregional skin metastasis 1, right calf	4	317	ANKRD34C	166	142	0.5	metastasis
2	Locoregional skin metastasis 2, right mid-calf	4	317	ANKRD34C	273	104	0.5	metastasis
0	Primary, right lower calf	6	318	RNF17	81	34	0.5	primary
1	Locoregional skin metastasis 1, right calf	6	318	RNF17	69	43	0.5	metastasis
2	Locoregional skin metastasis 2, right mid-calf	6	318	RNF17	70	32	0.5	metastasis
0	Primary, right lower calf	6	319	SEMG2	323	136	0.5	primary
1	Locoregional skin metastasis 1, right calf	6	319	SEMG2	227	129	0.5	metastasis
2	Locoregional skin metastasis 2, right mid-calf	6	319	SEMG2	401	127	0.5	metastasis
0	Primary, right lower calf	2	320	GPC2	40	9	0.5	primary
1	Locoregional skin metastasis 1, right calf	2	320	GPC2	45	0	0.5	metastasis
2	Locoregional skin metastasis 2, right mid-calf	2	320	GPC2	45	0	0.5	metastasis
0	Primary, right lower calf	6	321	DMGDH	90	44	0.5	primary
1	Locoregional skin metastasis 1, right calf	6	321	DMGDH	70	50	0.5	metastasis
2	Locoregional skin metastasis 2, right mid-calf	6	321	DMGDH	87	35	0.5	metastasis
0	Primary, right lower calf	6	322	PLEKHM2	184	69	0.5	primary
1	Locoregional skin metastasis 1, right calf	6	322	PLEKHM2	158	96	0.5	metastasis
2	Locoregional skin metastasis 2, right mid-calf	6	322	PLEKHM2	183	60	0.5	metastasis
0	Primary, right lower calf	6	323	DNAH7	337	120	0.5	primary
1	Locoregional skin metastasis 1, right calf	6	323	DNAH7	275	164	0.5	metastasis
2	Locoregional skin metastasis 2, right mid-calf	6	323	DNAH7	450	137	0.5	metastasis
0	Primary, right lower calf	6	324	CEACAM7	85	40	0.5	primary
1	Locoregional skin metastasis 1, right calf	6	324	CEACAM7	51	46	0.5	metastasis
2	Locoregional skin metastasis 2, right mid-calf	6	324	CEACAM7	91	35	0.5	metastasis
0	Primary, right lower calf	6	325	CALR3	99	41	0.5	primary
1	Locoregional skin metastasis 1, right calf	6	325	CALR3	81	65	0.5	metastasis
2	Locoregional skin metastasis 2, right mid-calf	6	325	CALR3	93	40	0.5	metastasis
0	Primary, right lower calf	2	326	KRT73	507	6	0.5	primary
1	Locoregional skin metastasis 1, right calf	2	326	KRT73	484	0	0.5	metastasis
2	Locoregional skin metastasis 2, right mid-calf	2	326	KRT73	547	53	0.5	metastasis
0	Primary, right lower calf	6	327	OR4N3P	45	18	0.5	primary
1	Locoregional skin metastasis 1, right calf	6	327	OR4N3P	36	15	0.5	metastasis
2	Locoregional skin metastasis 2, right mid-calf	6	327	OR4N3P	58	16	0.5	metastasis
0	Primary, right lower calf	6	328	GIMAP1	185	82	0.5	primary
1	Locoregional skin metastasis 1, right calf	6	328	GIMAP1	137	107	0.5	metastasis
2	Locoregional skin metastasis 2, right mid-calf	6	328	GIMAP1	189	81	0.5	metastasis
0	Primary, right lower calf	2	329	PCNXL2	32	7	0.5	primary
1	Locoregional skin metastasis 1, right calf	2	329	PCNXL2	38	0	0.5	metastasis
2	Locoregional skin metastasis 2, right mid-calf	2	329	PCNXL2	59	0	0.5	metastasis
0	Primary, right lower calf	0	330	CNOT4	79	10	0.5	primary
1	Locoregional skin metastasis 1, right calf	0	330	CNOT4	66	45	0.5	metastasis
2	Locoregional skin metastasis 2, right mid-calf	0	330	CNOT4	127	8	0.5	metastasis
0	Primary, right lower calf	6	331	C15orf2	255	90	0.5	primary
1	Locoregional skin metastasis 1, right calf	6	331	C15orf2	199	134	0.5	metastasis
2	Locoregional skin metastasis 2, right mid-calf	6	331	C15orf2	257	86	0.5	metastasis
0	Primary, right lower calf	1	332	ATP8A2	152	40	0.5	primary
1	Locoregional skin metastasis 1, right calf	1	332	ATP8A2	124	62	0.5	metastasis
2	Locoregional skin metastasis 2, right mid-calf	1	332	ATP8A2	144	66	0.5	metastasis
0	Primary, right lower calf	1	333	ATP10D	213	61	0.5	primary
1	Locoregional skin metastasis 1, right calf	1	333	ATP10D	152	85	0.5	metastasis
2	Locoregional skin metastasis 2, right mid-calf	1	333	ATP10D	213	48	0.5	metastasis
0	Primary, right lower calf	4	334	OR1I1	1454	194	0.5	primary
1	Locoregional skin metastasis 1, right calf	4	334	OR1I1	836	539	0.5	metastasis
2	Locoregional skin metastasis 2, right mid-calf	4	334	OR1I1	1201	383	0.5	metastasis
0	Primary, right lower calf	4	335	OR1J1	110	6	0.5	primary
1	Locoregional skin metastasis 1, right calf	4	335	OR1J1	69	48	0.5	metastasis
2	Locoregional skin metastasis 2, right mid-calf	4	335	OR1J1	107	34	0.5	metastasis
0	Primary, right lower calf	6	336	ABCC12	139	69	0.5	primary
1	Locoregional skin metastasis 1, right calf	6	336	ABCC12	123	80	0.5	metastasis
2	Locoregional skin metastasis 2, right mid-calf	6	336	ABCC12	170	43	0.5	metastasis
0	Primary, right lower calf	6	337	ALB	153	65	0.5	primary
1	Locoregional skin metastasis 1, right calf	6	337	ALB	125	75	0.5	metastasis
2	Locoregional skin metastasis 2, right mid-calf	6	337	ALB	154	54	0.5	metastasis
0	Primary, right lower calf	6	338	KDM4B	29	6	0.5	primary
1	Locoregional skin metastasis 1, right calf	6	338	KDM4B	25	23	0.5	metastasis
2	Locoregional skin metastasis 2, right mid-calf	6	338	KDM4B	32	15	0.5	metastasis
0	Primary, right lower calf	2	339	SCG5	233	1	0.5	primary
1	Locoregional skin metastasis 1, right calf	2	339	SCG5	288	0	0.5	metastasis
2	Locoregional skin metastasis 2, right mid-calf	2	339	SCG5	246	43	0.5	metastasis
0	Primary, right lower calf	4	340	DDC	166	17	0.5	primary
1	Locoregional skin metastasis 1, right calf	4	340	DDC	97	71	0.5	metastasis
2	Locoregional skin metastasis 2, right mid-calf	4	340	DDC	148	49	0.5	metastasis
0	Primary, right lower calf	2	341	OR13C8	322	6	0.5	primary
1	Locoregional skin metastasis 1, right calf	2	341	OR13C8	312	0	0.5	metastasis
2	Locoregional skin metastasis 2, right mid-calf	2	341	OR13C8	303	70	0.5	metastasis
0	Primary, right lower calf	6	342	FLJ11235	54	24	0.5	primary
1	Locoregional skin metastasis 1, right calf	6	342	FLJ11235	41	30	0.5	metastasis
2	Locoregional skin metastasis 2, right mid-calf	6	342	FLJ11235	77	27	0.5	metastasis
0	Primary, right lower calf	6	343	ADAM29	1494	542	0.5	primary
1	Locoregional skin metastasis 1, right calf	6	343	ADAM29	1089	611	0.5	metastasis
2	Locoregional skin metastasis 2, right mid-calf	6	343	ADAM29	1736	485	0.5	metastasis
0	Primary, right lower calf	1	344	SLC38A1	86	21	0.5	primary
1	Locoregional skin metastasis 1, right calf	1	344	SLC38A1	78	58	0.5	metastasis
2	Locoregional skin metastasis 2, right mid-calf	1	344	SLC38A1	119	38	0.5	metastasis
0	Primary, right lower calf	6	345	PPP1R16B	79	28	0.5	primary
1	Locoregional skin metastasis 1, right calf	6	345	PPP1R16B	74	39	0.5	metastasis
2	Locoregional skin metastasis 2, right mid-calf	6	345	PPP1R16B	91	32	0.5	metastasis
0	Primary, right lower calf	1	346	BATF2	88	19	0.5	primary
1	Locoregional skin metastasis 1, right calf	1	346	BATF2	54	36	0.5	metastasis
2	Locoregional skin metastasis 2, right mid-calf	1	346	BATF2	57	29	0.5	metastasis
0	Primary, right lower calf	6	347	FAM5C	72	25	0.5	primary
1	Locoregional skin metastasis 1, right calf	6	347	FAM5C	69	38	0.5	metastasis
2	Locoregional skin metastasis 2, right mid-calf	6	347	FAM5C	92	24	0.5	metastasis
0	Primary, right lower calf	6	348	CHEK1	105	33	0.5	primary
1	Locoregional skin metastasis 1, right calf	6	348	CHEK1	57	49	0.5	metastasis
2	Locoregional skin metastasis 2, right mid-calf	6	348	CHEK1	108	30	0.5	metastasis
0	Primary, right lower calf	6	349	EPHA5	144	53	0.5	primary
1	Locoregional skin metastasis 1, right calf	6	349	EPHA5	91	67	0.5	metastasis
2	Locoregional skin metastasis 2, right mid-calf	6	349	EPHA5	155	43	0.5	metastasis
0	Primary, right lower calf	6	350	GUCY2C	116	43	0.5	primary
1	Locoregional skin metastasis 1, right calf	6	350	GUCY2C	90	72	0.5	metastasis
2	Locoregional skin metastasis 2, right mid-calf	6	350	GUCY2C	158	40	0.5	metastasis
0	Primary, right lower calf	6	351	CASS4	251	90	0.5	primary
1	Locoregional skin metastasis 1, right calf	6	351	CASS4	203	149	0.5	metastasis
2	Locoregional skin metastasis 2, right mid-calf	6	351	CASS4	278	79	0.5	metastasis
0	Primary, right lower calf	6	352	SERGEF	53	18	0.5	primary
1	Locoregional skin metastasis 1, right calf	6	352	SERGEF	32	22	0.5	metastasis
2	Locoregional skin metastasis 2, right mid-calf	6	352	SERGEF	55	19	0.5	metastasis
0	Primary, right lower calf	6	353	C3orf24	212	84	0.5	primary
1	Locoregional skin metastasis 1, right calf	6	353	C3orf24	158	123	0.5	metastasis
2	Locoregional skin metastasis 2, right mid-calf	6	353	C3orf24	218	121	0.5	metastasis
0	Primary, right lower calf	6	354	ZNF534	132	41	0.5	primary
1	Locoregional skin metastasis 1, right calf	6	354	ZNF534	122	74	0.5	metastasis
2	Locoregional skin metastasis 2, right mid-calf	6	354	ZNF534	187	54	0.5	metastasis
0	Primary, right lower calf	6	355	CCR8	954	296	0.5	primary
1	Locoregional skin metastasis 1, right calf	6	355	CCR8	711	548	0.5	metastasis
2	Locoregional skin metastasis 2, right mid-calf	6	355	CCR8	1133	541	0.5	metastasis
0	Primary, right lower calf	1	356	UBE2Q2	71	14	0.5	primary
1	Locoregional skin metastasis 1, right calf	1	356	UBE2Q2	47	32	0.5	metastasis
2	Locoregional skin metastasis 2, right mid-calf	1	356	UBE2Q2	65	20	0.5	metastasis
0	Primary, right lower calf	6	357	CHRNA5	386	130	0.5	primary
1	Locoregional skin metastasis 1, right calf	6	357	CHRNA5	252	187	0.5	metastasis
2	Locoregional skin metastasis 2, right mid-calf	6	357	CHRNA5	358	118	0.5	metastasis
0	Primary, right lower calf	4	358	PHF2	49	7	0.5	primary
1	Locoregional skin metastasis 1, right calf	4	358	PHF2	30	19	0.5	metastasis
2	Locoregional skin metastasis 2, right mid-calf	4	358	PHF2	41	7	0.5	metastasis
0	Primary, right lower calf	4	359	SLC22A25	190	15	0.5	primary
1	Locoregional skin metastasis 1, right calf	4	359	SLC22A25	130	83	0.5	metastasis
2	Locoregional skin metastasis 2, right mid-calf	4	359	SLC22A25	187	58	0.5	metastasis
0	Primary, right lower calf	6	360	ISM1	125	54	0.5	primary
1	Locoregional skin metastasis 1, right calf	6	360	ISM1	82	56	0.5	metastasis
2	Locoregional skin metastasis 2, right mid-calf	6	360	ISM1	138	56	0.5	metastasis
0	Primary, right lower calf	1	361	DARC	1549	371	0.5	primary
1	Locoregional skin metastasis 1, right calf	1	361	DARC	936	676	0.5	metastasis
2	Locoregional skin metastasis 2, right mid-calf	1	361	DARC	1402	451	0.5	metastasis
0	Primary, right lower calf	6	362	TBC1D20	327	105	0.5	primary
1	Locoregional skin metastasis 1, right calf	6	362	TBC1D20	211	149	0.5	metastasis
2	Locoregional skin metastasis 2, right mid-calf	6	362	TBC1D20	301	82	0.5	metastasis
0	Primary, right lower calf	1	363	PDE1B	298	91	0.5	primary
1	Locoregional skin metastasis 1, right calf	1	363	PDE1B	203	136	0.5	metastasis
2	Locoregional skin metastasis 2, right mid-calf	1	363	PDE1B	340	75	0.5	metastasis
0	Primary, right lower calf	4	364	SIGLEC14	110	10	0.5	primary
1	Locoregional skin metastasis 1, right calf	4	364	SIGLEC14	75	36	0.5	metastasis
2	Locoregional skin metastasis 2, right mid-calf	4	364	SIGLEC14	86	25	0.5	metastasis
0	Primary, right lower calf	6	365	CD33	197	97	0.5	primary
1	Locoregional skin metastasis 1, right calf	6	365	CD33	180	104	0.5	metastasis
2	Locoregional skin metastasis 2, right mid-calf	6	365	CD33	233	75	0.5	metastasis
0	Primary, right lower calf	6	366	IKZF2	173	76	0.5	primary
1	Locoregional skin metastasis 1, right calf	6	366	IKZF2	161	89	0.5	metastasis
2	Locoregional skin metastasis 2, right mid-calf	6	366	IKZF2	208	73	0.5	metastasis
0	Primary, right lower calf	6	367	OR56B1	790	255	0.5	primary
1	Locoregional skin metastasis 1, right calf	6	367	OR56B1	503	334	0.5	metastasis
2	Locoregional skin metastasis 2, right mid-calf	6	367	OR56B1	894	259	0.5	metastasis
0	Primary, right lower calf	6	368	FZR1	35	14	0.5	primary
1	Locoregional skin metastasis 1, right calf	6	368	FZR1	29	21	0.5	metastasis
2	Locoregional skin metastasis 2, right mid-calf	6	368	FZR1	42	13	0.5	metastasis
0	Primary, right lower calf	6	369	FGFRL1	118	54	0.5	primary
1	Locoregional skin metastasis 1, right calf	6	369	FGFRL1	79	56	0.5	metastasis
2	Locoregional skin metastasis 2, right mid-calf	6	369	FGFRL1	120	33	0.5	metastasis
0	Primary, right lower calf	6	370	ACSM2A	166	51	0.5	primary
1	Locoregional skin metastasis 1, right calf	6	370	ACSM2A	84	75	0.5	metastasis
2	Locoregional skin metastasis 2, right mid-calf	6	370	ACSM2A	169	50	0.5	metastasis
0	Primary, right lower calf	6	371	TNS1	82	25	0.5	primary
1	Locoregional skin metastasis 1, right calf	6	371	TNS1	75	45	0.5	metastasis
2	Locoregional skin metastasis 2, right mid-calf	6	371	TNS1	98	26	0.5	metastasis
0	Primary, right lower calf	1	372	RALGAPB	116	30	0.5	primary
1	Locoregional skin metastasis 1, right calf	1	372	RALGAPB	90	45	0.5	metastasis
2	Locoregional skin metastasis 2, right mid-calf	1	372	RALGAPB	130	32	0.5	metastasis
0	Primary, right lower calf	1	373	SPTA1	163	49	0.5	primary
1	Locoregional skin metastasis 1, right calf	1	373	SPTA1	119	65	0.5	metastasis
2	Locoregional skin metastasis 2, right mid-calf	1	373	SPTA1	200	42	0.5	metastasis
0	Primary, right lower calf	4	374	PSMD1	92	8	0.5	primary
1	Locoregional skin metastasis 1, right calf	4	374	PSMD1	55	37	0.5	metastasis
2	Locoregional skin metastasis 2, right mid-calf	4	374	PSMD1	55	16	0.5	metastasis
0	Primary, right lower calf	6	375	TRPM3	313	101	0.5	primary
1	Locoregional skin metastasis 1, right calf	6	375	TRPM3	246	177	0.5	metastasis
2	Locoregional skin metastasis 2, right mid-calf	6	375	TRPM3	356	103	0.5	metastasis
0	Primary, right lower calf	6	376	ARHGAP40	237	94	0.5	primary
1	Locoregional skin metastasis 1, right calf	6	376	ARHGAP40	185	163	0.5	metastasis
2	Locoregional skin metastasis 2, right mid-calf	6	376	ARHGAP40	258	81	0.5	metastasis
0	Primary, right lower calf	6	377	OR8I2	576	197	0.5	primary
1	Locoregional skin metastasis 1, right calf	6	377	OR8I2	428	231	0.5	metastasis
2	Locoregional skin metastasis 2, right mid-calf	6	377	OR8I2	575	214	0.5	metastasis
0	Primary, right lower calf	6	378	ANO4	268	99	0.5	primary
1	Locoregional skin metastasis 1, right calf	6	378	ANO4	223	146	0.5	metastasis
2	Locoregional skin metastasis 2, right mid-calf	6	378	ANO4	348	75	0.5	metastasis
0	Primary, right lower calf	6	379	MS4A14	79	30	0.5	primary
1	Locoregional skin metastasis 1, right calf	6	379	MS4A14	70	52	0.5	metastasis
2	Locoregional skin metastasis 2, right mid-calf	6	379	MS4A14	95	32	0.5	metastasis
0	Primary, right lower calf	1	380	CHGB	90	27	0.5	primary
1	Locoregional skin metastasis 1, right calf	1	380	CHGB	51	33	0.5	metastasis
2	Locoregional skin metastasis 2, right mid-calf	1	380	CHGB	103	21	0.5	metastasis
0	Primary, right lower calf	6	381	SIGLEC8	188	66	0.5	primary
1	Locoregional skin metastasis 1, right calf	6	381	SIGLEC8	152	87	0.5	metastasis
2	Locoregional skin metastasis 2, right mid-calf	6	381	SIGLEC8	223	61	0.5	metastasis
0	Primary, right lower calf	6	382	OTUD7B	139	44	0.5	primary
1	Locoregional skin metastasis 1, right calf	6	382	OTUD7B	73	55	0.5	metastasis
2	Locoregional skin metastasis 2, right mid-calf	6	382	OTUD7B	116	33	0.5	metastasis
0	Primary, right lower calf	4	383	NTNG1	291	31	0.5	primary
1	Locoregional skin metastasis 1, right calf	4	383	NTNG1	176	106	0.5	metastasis
2	Locoregional skin metastasis 2, right mid-calf	4	383	NTNG1	270	83	0.5	metastasis
0	Primary, right lower calf	6	384	CHST9	226	83	0.5	primary
1	Locoregional skin metastasis 1, right calf	6	384	CHST9	185	139	0.5	metastasis
2	Locoregional skin metastasis 2, right mid-calf	6	384	CHST9	246	85	0.5	metastasis
0	Primary, right lower calf	2	385	COL18A1	16	0	0.5	primary
1	Locoregional skin metastasis 1, right calf	2	385	COL18A1	16	0	0.5	metastasis
2	Locoregional skin metastasis 2, right mid-calf	2	385	COL18A1	13	6	0.5	metastasis
0	Primary, right lower calf	1	386	PRB4	86	20	0.5	primary
1	Locoregional skin metastasis 1, right calf	1	386	PRB4	40	30	0.5	metastasis
2	Locoregional skin metastasis 2, right mid-calf	1	386	PRB4	78	25	0.5	metastasis
0	Primary, right lower calf	6	387	FLNC	177	72	0.5	primary
1	Locoregional skin metastasis 1, right calf	6	387	FLNC	159	77	0.5	metastasis
2	Locoregional skin metastasis 2, right mid-calf	6	387	FLNC	212	66	0.5	metastasis
0	Primary, right lower calf	4	388	IL1B	50	7	0.5	primary
1	Locoregional skin metastasis 1, right calf	4	388	IL1B	31	21	0.5	metastasis
2	Locoregional skin metastasis 2, right mid-calf	4	388	IL1B	41	16	0.5	metastasis
0	Primary, right lower calf	6	389	OR1J2	335	151	0.5	primary
1	Locoregional skin metastasis 1, right calf	6	389	OR1J2	259	203	0.5	metastasis
2	Locoregional skin metastasis 2, right mid-calf	6	389	OR1J2	473	160	0.5	metastasis
0	Primary, right lower calf	6	390	KLHL30	38	10	0.5	primary
1	Locoregional skin metastasis 1, right calf	6	390	KLHL30	27	14	0.5	metastasis
2	Locoregional skin metastasis 2, right mid-calf	6	390	KLHL30	27	9	0.5	metastasis
0	Primary, right lower calf	6	391	MYL1	77	28	0.5	primary
1	Locoregional skin metastasis 1, right calf	6	391	MYL1	61	43	0.5	metastasis
2	Locoregional skin metastasis 2, right mid-calf	6	391	MYL1	86	29	0.5	metastasis
0	Primary, right lower calf	1	392	CASR	115	23	0.5	primary
1	Locoregional skin metastasis 1, right calf	1	392	CASR	92	60	0.5	metastasis
2	Locoregional skin metastasis 2, right mid-calf	1	392	CASR	124	48	0.5	metastasis
0	Primary, right lower calf	6	393	SPEF2	188	69	0.5	primary
1	Locoregional skin metastasis 1, right calf	6	393	SPEF2	142	100	0.5	metastasis
2	Locoregional skin metastasis 2, right mid-calf	6	393	SPEF2	200	69	0.5	metastasis
0	Primary, right lower calf	1	394	GNB3	123	24	0.5	primary
1	Locoregional skin metastasis 1, right calf	1	394	GNB3	84	52	0.5	metastasis
2	Locoregional skin metastasis 2, right mid-calf	1	394	GNB3	103	34	0.5	metastasis
0	Primary, right lower calf	2	395	MUC16	292	8	0.5	primary
1	Locoregional skin metastasis 1, right calf	2	395	MUC16	221	0	0.5	metastasis
2	Locoregional skin metastasis 2, right mid-calf	2	395	MUC16	220	63	0.5	metastasis
0	Primary, right lower calf	6	396	MUC16	317	118	0.5	primary
1	Locoregional skin metastasis 1, right calf	6	396	MUC16	208	123	0.5	metastasis
2	Locoregional skin metastasis 2, right mid-calf	6	396	MUC16	275	109	0.5	metastasis
0	Primary, right lower calf	4	397	SOHLH2	222	17	0.5	primary
1	Locoregional skin metastasis 1, right calf	4	397	SOHLH2	137	93	0.5	metastasis
2	Locoregional skin metastasis 2, right mid-calf	4	397	SOHLH2	197	34	0.5	metastasis
0	Primary, right lower calf	6	398	CAMK2B	128	47	0.5	primary
1	Locoregional skin metastasis 1, right calf	6	398	CAMK2B	87	54	0.5	metastasis
2	Locoregional skin metastasis 2, right mid-calf	6	398	CAMK2B	108	51	0.5	metastasis
0	Primary, right lower calf	1	399	SPTA1	896	197	0.5	primary
1	Locoregional skin metastasis 1, right calf	1	399	SPTA1	552	387	0.5	metastasis
2	Locoregional skin metastasis 2, right mid-calf	1	399	SPTA1	944	282	0.5	metastasis
0	Primary, right lower calf	6	400	FAM70B	88	42	0.5	primary
1	Locoregional skin metastasis 1, right calf	6	400	FAM70B	74	51	0.5	metastasis
2	Locoregional skin metastasis 2, right mid-calf	6	400	FAM70B	88	22	0.5	metastasis
0	Primary, right lower calf	1	401	WDR49	195	49	0.5	primary
1	Locoregional skin metastasis 1, right calf	1	401	WDR49	152	106	0.5	metastasis
2	Locoregional skin metastasis 2, right mid-calf	1	401	WDR49	252	80	0.5	metastasis
0	Primary, right lower calf	6	402	FAM63A	40	8	0.5	primary
1	Locoregional skin metastasis 1, right calf	6	402	FAM63A	30	20	0.5	metastasis
2	Locoregional skin metastasis 2, right mid-calf	6	402	FAM63A	35	15	0.5	metastasis
0	Primary, right lower calf	6	403	OR8D4	227	82	0.5	primary
1	Locoregional skin metastasis 1, right calf	6	403	OR8D4	161	108	0.5	metastasis
2	Locoregional skin metastasis 2, right mid-calf	6	403	OR8D4	268	73	0.5	metastasis
0	Primary, right lower calf	1	404	ZNF180	183	54	0.5	primary
1	Locoregional skin metastasis 1, right calf	1	404	ZNF180	115	55	0.5	metastasis
2	Locoregional skin metastasis 2, right mid-calf	1	404	ZNF180	179	61	0.5	metastasis
0	Primary, right lower calf	6	405	CSMD2	123	38	0.5	primary
1	Locoregional skin metastasis 1, right calf	6	405	CSMD2	104	67	0.5	metastasis
2	Locoregional skin metastasis 2, right mid-calf	6	405	CSMD2	141	40	0.5	metastasis
0	Primary, right lower calf	0	406	CHRM3	225	17	0.5	primary
1	Locoregional skin metastasis 1, right calf	0	406	CHRM3	82	62	0.5	metastasis
2	Locoregional skin metastasis 2, right mid-calf	0	406	CHRM3	213	13	0.5	metastasis
0	Primary, right lower calf	6	407	KCNQ1	140	43	0.5	primary
1	Locoregional skin metastasis 1, right calf	6	407	KCNQ1	72	56	0.5	metastasis
2	Locoregional skin metastasis 2, right mid-calf	6	407	KCNQ1	140	41	0.5	metastasis
0	Primary, right lower calf	1	408	LPAR1	323	64	0.5	primary
1	Locoregional skin metastasis 1, right calf	1	408	LPAR1	233	176	0.5	metastasis
2	Locoregional skin metastasis 2, right mid-calf	1	408	LPAR1	392	131	0.5	metastasis
0	Primary, right lower calf	1	409	ETV1	52	11	0.5	primary
1	Locoregional skin metastasis 1, right calf	1	409	ETV1	34	18	0.5	metastasis
2	Locoregional skin metastasis 2, right mid-calf	1	409	ETV1	53	13	0.5	metastasis
0	Primary, right lower calf	6	410	AMBRA1	48	23	0.5	primary
1	Locoregional skin metastasis 1, right calf	6	410	AMBRA1	35	30	0.5	metastasis
2	Locoregional skin metastasis 2, right mid-calf	6	410	AMBRA1	44	17	0.5	metastasis
0	Primary, right lower calf	4	411	ARHGAP9	427	62	0.5	primary
1	Locoregional skin metastasis 1, right calf	4	411	ARHGAP9	275	183	0.5	metastasis
2	Locoregional skin metastasis 2, right mid-calf	4	411	ARHGAP9	354	126	0.5	metastasis
0	Primary, right lower calf	6	412	PLA2G16	169	58	0.5	primary
1	Locoregional skin metastasis 1, right calf	6	412	PLA2G16	113	49	0.5	metastasis
2	Locoregional skin metastasis 2, right mid-calf	6	412	PLA2G16	129	62	0.5	metastasis
0	Primary, right lower calf	0	413	SCN5A	196	14	0.5	primary
1	Locoregional skin metastasis 1, right calf	0	413	SCN5A	132	93	0.5	metastasis
2	Locoregional skin metastasis 2, right mid-calf	0	413	SCN5A	249	21	0.5	metastasis
0	Primary, right lower calf	0	414	CELSR3	292	46	0.5	primary
1	Locoregional skin metastasis 1, right calf	0	414	CELSR3	220	150	0.5	metastasis
2	Locoregional skin metastasis 2, right mid-calf	0	414	CELSR3	415	21	0.5	metastasis
0	Primary, right lower calf	6	415	CTAGE1	89	41	0.5	primary
1	Locoregional skin metastasis 1, right calf	6	415	CTAGE1	91	52	0.5	metastasis
2	Locoregional skin metastasis 2, right mid-calf	6	415	CTAGE1	136	33	0.5	metastasis
0	Primary, right lower calf	6	416	EPHA10	85	29	0.5	primary
1	Locoregional skin metastasis 1, right calf	6	416	EPHA10	78	63	0.5	metastasis
2	Locoregional skin metastasis 2, right mid-calf	6	416	EPHA10	88	38	0.5	metastasis
0	Primary, right lower calf	6	417	MICALL2	135	46	0.5	primary
1	Locoregional skin metastasis 1, right calf	6	417	MICALL2	107	78	0.5	metastasis
2	Locoregional skin metastasis 2, right mid-calf	6	417	MICALL2	128	34	0.5	metastasis
0	Primary, right lower calf	2	418	ATCAY	77	9	0.5	primary
1	Locoregional skin metastasis 1, right calf	2	418	ATCAY	70	0	0.5	metastasis
2	Locoregional skin metastasis 2, right mid-calf	2	418	ATCAY	57	0	0.5	metastasis
0	Primary, right lower calf	4	419	ORC1	122	17	0.5	primary
1	Locoregional skin metastasis 1, right calf	4	419	ORC1	68	55	0.5	metastasis
2	Locoregional skin metastasis 2, right mid-calf	4	419	ORC1	94	31	0.5	metastasis
0	Primary, right lower calf	6	420	ATP6V0A4	13	5	0.5	primary
1	Locoregional skin metastasis 1, right calf	6	420	ATP6V0A4	11	3	0.5	metastasis
2	Locoregional skin metastasis 2, right mid-calf	6	420	ATP6V0A4	11	4	0.5	metastasis
0	Primary, right lower calf	4	421	PROC	118	15	0.5	primary
1	Locoregional skin metastasis 1, right calf	4	421	PROC	77	47	0.5	metastasis
2	Locoregional skin metastasis 2, right mid-calf	4	421	PROC	91	37	0.5	metastasis
0	Primary, right lower calf	4	422	PRSS41	597	63	0.5	primary
1	Locoregional skin metastasis 1, right calf	4	422	PRSS41	360	241	0.5	metastasis
2	Locoregional skin metastasis 2, right mid-calf	4	422	PRSS41	472	177	0.5	metastasis
0	Primary, right lower calf	1	423	KIF21A	33	5	0.5	primary
1	Locoregional skin metastasis 1, right calf	1	423	KIF21A	15	13	0.5	metastasis
2	Locoregional skin metastasis 2, right mid-calf	1	423	KIF21A	26	4	0.5	metastasis
0	Primary, right lower calf	6	424	KLK6	554	239	0.5	primary
1	Locoregional skin metastasis 1, right calf	6	424	KLK6	380	214	0.5	metastasis
2	Locoregional skin metastasis 2, right mid-calf	6	424	KLK6	542	158	0.5	metastasis
0	Primary, right lower calf	6	425	OR4X1	510	162	0.5	primary
1	Locoregional skin metastasis 1, right calf	6	425	OR4X1	318	248	0.5	metastasis
2	Locoregional skin metastasis 2, right mid-calf	6	425	OR4X1	530	182	0.5	metastasis
0	Primary, right lower calf	6	426	NKD2	117	48	0.5	primary
1	Locoregional skin metastasis 1, right calf	6	426	NKD2	117	46	0.5	metastasis
2	Locoregional skin metastasis 2, right mid-calf	6	426	NKD2	120	31	0.5	metastasis
0	Primary, right lower calf	6	427	OR10K1	870	277	0.5	primary
1	Locoregional skin metastasis 1, right calf	6	427	OR10K1	562	399	0.5	metastasis
2	Locoregional skin metastasis 2, right mid-calf	6	427	OR10K1	930	278	0.5	metastasis
0	Primary, right lower calf	4	428	FAM155A	43	6	0.5	primary
1	Locoregional skin metastasis 1, right calf	4	428	FAM155A	32	19	0.5	metastasis
2	Locoregional skin metastasis 2, right mid-calf	4	428	FAM155A	59	10	0.5	metastasis
0	Primary, right lower calf	4	429	ZNF781	115	9	0.5	primary
1	Locoregional skin metastasis 1, right calf	4	429	ZNF781	105	47	0.5	metastasis
2	Locoregional skin metastasis 2, right mid-calf	4	429	ZNF781	105	37	0.5	metastasis
0	Primary, right lower calf	4	430	OSBPL10	204	31	0.5	primary
1	Locoregional skin metastasis 1, right calf	4	430	OSBPL10	182	97	0.5	metastasis
2	Locoregional skin metastasis 2, right mid-calf	4	430	OSBPL10	198	90	0.5	metastasis
0	Primary, right lower calf	6	431	P2RY1	354	116	0.5	primary
1	Locoregional skin metastasis 1, right calf	6	431	P2RY1	267	226	0.5	metastasis
2	Locoregional skin metastasis 2, right mid-calf	6	431	P2RY1	476	152	0.5	metastasis
0	Primary, right lower calf	6	432	SWAP70	161	59	0.5	primary
1	Locoregional skin metastasis 1, right calf	6	432	SWAP70	111	98	0.5	metastasis
2	Locoregional skin metastasis 2, right mid-calf	6	432	SWAP70	182	77	0.5	metastasis
0	Primary, right lower calf	6	433	IFT81	119	56	0.5	primary
1	Locoregional skin metastasis 1, right calf	6	433	IFT81	129	73	0.5	metastasis
2	Locoregional skin metastasis 2, right mid-calf	6	433	IFT81	119	42	0.5	metastasis
0	Primary, right lower calf	6	434	GAS8	310	104	0.5	primary
1	Locoregional skin metastasis 1, right calf	6	434	GAS8	208	126	0.5	metastasis
2	Locoregional skin metastasis 2, right mid-calf	6	434	GAS8	270	92	0.5	metastasis
0	Primary, right lower calf	6	435	SWI5	286	127	0.5	primary
1	Locoregional skin metastasis 1, right calf	6	435	SWI5	224	186	0.5	metastasis
2	Locoregional skin metastasis 2, right mid-calf	6	435	SWI5	295	107	0.5	metastasis
0	Primary, right lower calf	1	436	RPL3L	62	13	0.5	primary
1	Locoregional skin metastasis 1, right calf	1	436	RPL3L	33	21	0.5	metastasis
2	Locoregional skin metastasis 2, right mid-calf	1	436	RPL3L	44	12	0.5	metastasis
0	Primary, right lower calf	6	437	ZNF536	209	75	0.5	primary
1	Locoregional skin metastasis 1, right calf	6	437	ZNF536	166	101	0.5	metastasis
2	Locoregional skin metastasis 2, right mid-calf	6	437	ZNF536	229	81	0.5	metastasis
0	Primary, right lower calf	0	438	CTNNB1	331	39	0.5	primary
1	Locoregional skin metastasis 1, right calf	0	438	CTNNB1	233	123	0.5	metastasis
2	Locoregional skin metastasis 2, right mid-calf	0	438	CTNNB1	515	28	0.5	metastasis
0	Primary, right lower calf	6	439	NXNL1	137	57	0.5	primary
1	Locoregional skin metastasis 1, right calf	6	439	NXNL1	99	92	0.5	metastasis
2	Locoregional skin metastasis 2, right mid-calf	6	439	NXNL1	137	55	0.5	metastasis
0	Primary, right lower calf	6	440	SPTBN5	29	11	0.5	primary
1	Locoregional skin metastasis 1, right calf	6	440	SPTBN5	30	14	0.5	metastasis
2	Locoregional skin metastasis 2, right mid-calf	6	440	SPTBN5	37	9	0.5	metastasis
0	Primary, right lower calf	4	441	AGL	368	26	0.5	primary
1	Locoregional skin metastasis 1, right calf	4	441	AGL	169	125	0.5	metastasis
2	Locoregional skin metastasis 2, right mid-calf	4	441	AGL	260	73	0.5	metastasis
0	Primary, right lower calf	6	442	SORL1	216	81	0.5	primary
1	Locoregional skin metastasis 1, right calf	6	442	SORL1	175	108	0.5	metastasis
2	Locoregional skin metastasis 2, right mid-calf	6	442	SORL1	284	73	0.5	metastasis
0	Primary, right lower calf	6	443	ITM2C	79	27	0.5	primary
1	Locoregional skin metastasis 1, right calf	6	443	ITM2C	53	50	0.5	metastasis
2	Locoregional skin metastasis 2, right mid-calf	6	443	ITM2C	69	22	0.5	metastasis
0	Primary, right lower calf	6	444	DNAH7	241	88	0.5	primary
1	Locoregional skin metastasis 1, right calf	6	444	DNAH7	192	114	0.5	metastasis
2	Locoregional skin metastasis 2, right mid-calf	6	444	DNAH7	280	80	0.5	metastasis
0	Primary, right lower calf	6	445	ZIM2	148	68	0.5	primary
1	Locoregional skin metastasis 1, right calf	6	445	ZIM2	116	75	0.5	metastasis
2	Locoregional skin metastasis 2, right mid-calf	6	445	ZIM2	185	49	0.5	metastasis
0	Primary, right lower calf	6	446	LRP1B	153	74	0.5	primary
1	Locoregional skin metastasis 1, right calf	6	446	LRP1B	119	79	0.5	metastasis
2	Locoregional skin metastasis 2, right mid-calf	6	446	LRP1B	170	59	0.5	metastasis
0	Primary, right lower calf	1	447	VWDE	237	66	0.5	primary
1	Locoregional skin metastasis 1, right calf	1	447	VWDE	172	134	0.5	metastasis
2	Locoregional skin metastasis 2, right mid-calf	1	447	VWDE	264	80	0.5	metastasis
0	Primary, right lower calf	2	448	CADM3	534	4	0.5	primary
1	Locoregional skin metastasis 1, right calf	2	448	CADM3	493	0	0.5	metastasis
2	Locoregional skin metastasis 2, right mid-calf	2	448	CADM3	449	99	0.5	metastasis
0	Primary, right lower calf	6	449	TACR3	37	10	0.5	primary
1	Locoregional skin metastasis 1, right calf	6	449	TACR3	46	28	0.5	metastasis
2	Locoregional skin metastasis 2, right mid-calf	6	449	TACR3	57	20	0.5	metastasis
0	Primary, right lower calf	6	450	TNFSF11	223	88	0.5	primary
1	Locoregional skin metastasis 1, right calf	6	450	TNFSF11	178	121	0.5	metastasis
2	Locoregional skin metastasis 2, right mid-calf	6	450	TNFSF11	300	99	0.5	metastasis
0	Primary, right lower calf	4	451	TRPV6	506	80	0.5	primary
1	Locoregional skin metastasis 1, right calf	4	451	TRPV6	295	229	0.5	metastasis
2	Locoregional skin metastasis 2, right mid-calf	4	451	TRPV6	431	142	0.5	metastasis
0	Primary, right lower calf	2	452	IL22	41	0	0.5	primary
1	Locoregional skin metastasis 1, right calf	2	452	IL22	67	0	0.5	metastasis
2	Locoregional skin metastasis 2, right mid-calf	2	452	IL22	50	7	0.5	metastasis
0	Primary, right lower calf	6	453	ODAM	267	108	0.5	primary
1	Locoregional skin metastasis 1, right calf	6	453	ODAM	245	132	0.5	metastasis
2	Locoregional skin metastasis 2, right mid-calf	6	453	ODAM	363	99	0.5	metastasis
0	Primary, right lower calf	6	454	CACNA1B	107	36	0.5	primary
1	Locoregional skin metastasis 1, right calf	6	454	CACNA1B	74	56	0.5	metastasis
2	Locoregional skin metastasis 2, right mid-calf	6	454	CACNA1B	113	29	0.5	metastasis
0	Primary, right lower calf	2	455	HP	247	3	0.5	primary
1	Locoregional skin metastasis 1, right calf	2	455	HP	257	0	0.5	metastasis
2	Locoregional skin metastasis 2, right mid-calf	2	455	HP	233	55	0.5	metastasis
0	Primary, right lower calf	6	456	CLEC5A	166	63	0.5	primary
1	Locoregional skin metastasis 1, right calf	6	456	CLEC5A	117	86	0.5	metastasis
2	Locoregional skin metastasis 2, right mid-calf	6	456	CLEC5A	179	51	0.5	metastasis
0	Primary, right lower calf	6	457	CDH11	97	30	0.5	primary
1	Locoregional skin metastasis 1, right calf	6	457	CDH11	63	31	0.5	metastasis
2	Locoregional skin metastasis 2, right mid-calf	6	457	CDH11	107	27	0.5	metastasis
0	Primary, right lower calf	2	458	ZNF626	28	0	0.5	primary
1	Locoregional skin metastasis 1, right calf	2	458	ZNF626	15	1	0.5	metastasis
2	Locoregional skin metastasis 2, right mid-calf	2	458	ZNF626	25	4	0.5	metastasis
0	Primary, right lower calf	1	459	SMPD1	414	120	0.5	primary
1	Locoregional skin metastasis 1, right calf	1	459	SMPD1	289	168	0.5	metastasis
2	Locoregional skin metastasis 2, right mid-calf	1	459	SMPD1	396	120	0.5	metastasis
0	Primary, right lower calf	1	460	TMEM132C	268	69	0.5	primary
1	Locoregional skin metastasis 1, right calf	1	460	TMEM132C	192	143	0.5	metastasis
2	Locoregional skin metastasis 2, right mid-calf	1	460	TMEM132C	277	81	0.5	metastasis
0	Primary, right lower calf	4	461	C15orf55	196	19	0.5	primary
1	Locoregional skin metastasis 1, right calf	4	461	C15orf55	117	51	0.5	metastasis
2	Locoregional skin metastasis 2, right mid-calf	4	461	C15orf55	159	36	0.5	metastasis
0	Primary, right lower calf	1	462	NAA16	122	34	0.5	primary
1	Locoregional skin metastasis 1, right calf	1	462	NAA16	97	42	0.5	metastasis
2	Locoregional skin metastasis 2, right mid-calf	1	462	NAA16	132	32	0.5	metastasis
0	Primary, right lower calf	4	463	OR10G8	162	14	0.5	primary
1	Locoregional skin metastasis 1, right calf	4	463	OR10G8	101	65	0.5	metastasis
2	Locoregional skin metastasis 2, right mid-calf	4	463	OR10G8	162	44	0.5	metastasis
0	Primary, right lower calf	6	464	OR8B4	76	26	0.5	primary
1	Locoregional skin metastasis 1, right calf	6	464	OR8B4	55	35	0.5	metastasis
2	Locoregional skin metastasis 2, right mid-calf	6	464	OR8B4	91	37	0.5	metastasis
0	Primary, right lower calf	1	465	COL5A1	136	33	0.5	primary
1	Locoregional skin metastasis 1, right calf	1	465	COL5A1	101	69	0.5	metastasis
2	Locoregional skin metastasis 2, right mid-calf	1	465	COL5A1	143	28	0.5	metastasis
0	Primary, right lower calf	6	466	STEAP2	276	111	0.5	primary
1	Locoregional skin metastasis 1, right calf	6	466	STEAP2	213	127	0.5	metastasis
2	Locoregional skin metastasis 2, right mid-calf	6	466	STEAP2	354	99	0.5	metastasis
0	Primary, right lower calf	6	467	AHNAK	240	98	0.5	primary
1	Locoregional skin metastasis 1, right calf	6	467	AHNAK	176	145	0.5	metastasis
2	Locoregional skin metastasis 2, right mid-calf	6	467	AHNAK	270	74	0.5	metastasis
0	Primary, right lower calf	6	468	EXD1	164	60	0.5	primary
1	Locoregional skin metastasis 1, right calf	6	468	EXD1	134	88	0.5	metastasis
2	Locoregional skin metastasis 2, right mid-calf	6	468	EXD1	157	67	0.5	metastasis
0	Primary, right lower calf	6	469	PCLO	410	144	0.5	primary
1	Locoregional skin metastasis 1, right calf	6	469	PCLO	296	199	0.5	metastasis
2	Locoregional skin metastasis 2, right mid-calf	6	469	PCLO	497	152	0.5	metastasis
0	Primary, right lower calf	1	470	TRANK1	693	196	0.5	primary
1	Locoregional skin metastasis 1, right calf	1	470	TRANK1	472	345	0.5	metastasis
2	Locoregional skin metastasis 2, right mid-calf	1	470	TRANK1	1085	241	0.5	metastasis
0	Primary, right lower calf	6	471	IFITM5	98	36	0.5	primary
1	Locoregional skin metastasis 1, right calf	6	471	IFITM5	41	33	0.5	metastasis
2	Locoregional skin metastasis 2, right mid-calf	6	471	IFITM5	83	27	0.5	metastasis
0	Primary, right lower calf	6	472	ADH6	307	137	0.5	primary
1	Locoregional skin metastasis 1, right calf	6	472	ADH6	203	143	0.5	metastasis
2	Locoregional skin metastasis 2, right mid-calf	6	472	ADH6	336	136	0.5	metastasis
0	Primary, right lower calf	4	473	ITIH3	269	42	0.5	primary
1	Locoregional skin metastasis 1, right calf	4	473	ITIH3	171	122	0.5	metastasis
2	Locoregional skin metastasis 2, right mid-calf	4	473	ITIH3	336	74	0.5	metastasis
0	Primary, right lower calf	6	474	SPTBN2	50	13	0.5	primary
1	Locoregional skin metastasis 1, right calf	6	474	SPTBN2	41	26	0.5	metastasis
2	Locoregional skin metastasis 2, right mid-calf	6	474	SPTBN2	59	17	0.5	metastasis
0	Primary, right lower calf	6	475	CYP3A5	269	98	0.5	primary
1	Locoregional skin metastasis 1, right calf	6	475	CYP3A5	209	158	0.5	metastasis
2	Locoregional skin metastasis 2, right mid-calf	6	475	CYP3A5	330	115	0.5	metastasis
0	Primary, right lower calf	6	476	VWCE	60	24	0.5	primary
1	Locoregional skin metastasis 1, right calf	6	476	VWCE	39	21	0.5	metastasis
2	Locoregional skin metastasis 2, right mid-calf	6	476	VWCE	60	19	0.5	metastasis
0	Primary, right lower calf	4	477	KSR2	112	18	0.5	primary
1	Locoregional skin metastasis 1, right calf	4	477	KSR2	64	51	0.5	metastasis
2	Locoregional skin metastasis 2, right mid-calf	4	477	KSR2	118	30	0.5	metastasis
0	Primary, right lower calf	1	478	LBR	308	83	0.5	primary
1	Locoregional skin metastasis 1, right calf	1	478	LBR	215	131	0.5	metastasis
2	Locoregional skin metastasis 2, right mid-calf	1	478	LBR	323	86	0.5	metastasis
0	Primary, right lower calf	1	479	CXXC11	183	50	0.5	primary
1	Locoregional skin metastasis 1, right calf	1	479	CXXC11	119	77	0.5	metastasis
2	Locoregional skin metastasis 2, right mid-calf	1	479	CXXC11	166	47	0.5	metastasis
0	Primary, right lower calf	6	480	SLC13A1	220	77	0.5	primary
1	Locoregional skin metastasis 1, right calf	6	480	SLC13A1	169	120	0.5	metastasis
2	Locoregional skin metastasis 2, right mid-calf	6	480	SLC13A1	239	77	0.5	metastasis
0	Primary, right lower calf	1	481	HCN1	141	32	0.5	primary
1	Locoregional skin metastasis 1, right calf	1	481	HCN1	75	49	0.5	metastasis
2	Locoregional skin metastasis 2, right mid-calf	1	481	HCN1	131	40	0.5	metastasis
0	Primary, right lower calf	6	482	B3GALT5	172	79	0.5	primary
1	Locoregional skin metastasis 1, right calf	6	482	B3GALT5	126	94	0.5	metastasis
2	Locoregional skin metastasis 2, right mid-calf	6	482	B3GALT5	192	65	0.5	metastasis
0	Primary, right lower calf	1	483	LY9	213	58	0.5	primary
1	Locoregional skin metastasis 1, right calf	1	483	LY9	135	80	0.5	metastasis
2	Locoregional skin metastasis 2, right mid-calf	1	483	LY9	193	56	0.5	metastasis
0	Primary, right lower calf	6	484	RBM15	194	87	0.5	primary
1	Locoregional skin metastasis 1, right calf	6	484	RBM15	167	119	0.5	metastasis
2	Locoregional skin metastasis 2, right mid-calf	6	484	RBM15	230	62	0.5	metastasis
0	Primary, right lower calf	6	485	ABCC8	126	52	0.5	primary
1	Locoregional skin metastasis 1, right calf	6	485	ABCC8	99	78	0.5	metastasis
2	Locoregional skin metastasis 2, right mid-calf	6	485	ABCC8	137	27	0.5	metastasis
0	Primary, right lower calf	6	486	RBFOX1	32	8	0.5	primary
1	Locoregional skin metastasis 1, right calf	6	486	RBFOX1	22	25	0.5	metastasis
2	Locoregional skin metastasis 2, right mid-calf	6	486	RBFOX1	33	16	0.5	metastasis
0	Primary, right lower calf	6	487	DNAH5	152	57	0.5	primary
1	Locoregional skin metastasis 1, right calf	6	487	DNAH5	85	46	0.5	metastasis
2	Locoregional skin metastasis 2, right mid-calf	6	487	DNAH5	145	35	0.5	metastasis
0	Primary, right lower calf	6	488	HCLS1	102	34	0.5	primary
1	Locoregional skin metastasis 1, right calf	6	488	HCLS1	91	41	0.5	metastasis
2	Locoregional skin metastasis 2, right mid-calf	6	488	HCLS1	141	38	0.5	metastasis
0	Primary, right lower calf	4	489	FKRP	105	16	0.5	primary
1	Locoregional skin metastasis 1, right calf	4	489	FKRP	71	42	0.5	metastasis
2	Locoregional skin metastasis 2, right mid-calf	4	489	FKRP	84	35	0.5	metastasis
0	Primary, right lower calf	6	490	HEATR7B2	42	20	0.5	primary
1	Locoregional skin metastasis 1, right calf	6	490	HEATR7B2	36	29	0.5	metastasis
2	Locoregional skin metastasis 2, right mid-calf	6	490	HEATR7B2	45	29	0.5	metastasis
0	Primary, right lower calf	6	491	PHACTR3	38	27	0.5	primary
1	Locoregional skin metastasis 1, right calf	6	491	PHACTR3	37	23	0.5	metastasis
2	Locoregional skin metastasis 2, right mid-calf	6	491	PHACTR3	57	24	0.5	metastasis
0	Primary, right lower calf	6	492	POLQ	88	22	0.5	primary
1	Locoregional skin metastasis 1, right calf	6	492	POLQ	80	63	0.5	metastasis
2	Locoregional skin metastasis 2, right mid-calf	6	492	POLQ	91	36	0.5	metastasis
0	Primary, right lower calf	4	493	LIPE	142	8	0.5	primary
1	Locoregional skin metastasis 1, right calf	4	493	LIPE	87	47	0.5	metastasis
2	Locoregional skin metastasis 2, right mid-calf	4	493	LIPE	123	24	0.5	metastasis
0	Primary, right lower calf	1	494	IGFN1	119	28	0.5	primary
1	Locoregional skin metastasis 1, right calf	1	494	IGFN1	79	50	0.5	metastasis
2	Locoregional skin metastasis 2, right mid-calf	1	494	IGFN1	88	26	0.5	metastasis
0	Primary, right lower calf	6	495	ZNF564	228	104	0.5	primary
1	Locoregional skin metastasis 1, right calf	6	495	ZNF564	150	136	0.5	metastasis
2	Locoregional skin metastasis 2, right mid-calf	6	495	ZNF564	219	91	0.5	metastasis
0	Primary, right lower calf	6	496	ERC2	154	58	0.5	primary
1	Locoregional skin metastasis 1, right calf	6	496	ERC2	142	107	0.5	metastasis
2	Locoregional skin metastasis 2, right mid-calf	6	496	ERC2	237	59	0.5	metastasis
0	Primary, right lower calf	4	497	GLI3	1242	146	0.5	primary
1	Locoregional skin metastasis 1, right calf	4	497	GLI3	670	376	0.5	metastasis
2	Locoregional skin metastasis 2, right mid-calf	4	497	GLI3	945	249	0.5	metastasis
0	Primary, right lower calf	4	498	ZNF609	568	56	0.5	primary
1	Locoregional skin metastasis 1, right calf	4	498	ZNF609	382	233	0.5	metastasis
2	Locoregional skin metastasis 2, right mid-calf	4	498	ZNF609	534	121	0.5	metastasis
0	Primary, right lower calf	6	499	SIK1	179	62	0.5	primary
1	Locoregional skin metastasis 1, right calf	6	499	SIK1	124	88	0.5	metastasis
2	Locoregional skin metastasis 2, right mid-calf	6	499	SIK1	177	59	0.5	metastasis
0	Primary, right lower calf	6	500	COL4A2	235	103	0.5	primary
1	Locoregional skin metastasis 1, right calf	6	500	COL4A2	205	133	0.5	metastasis
2	Locoregional skin metastasis 2, right mid-calf	6	500	COL4A2	249	130	0.5	metastasis
0	Primary, right lower calf	6	501	AK074615	340	110	0.5	primary
1	Locoregional skin metastasis 1, right calf	6	501	AK074615	226	180	0.5	metastasis
2	Locoregional skin metastasis 2, right mid-calf	6	501	AK074615	292	115	0.5	metastasis
0	Primary, right lower calf	6	502	DAB1	165	75	0.5	primary
1	Locoregional skin metastasis 1, right calf	6	502	DAB1	167	91	0.5	metastasis
2	Locoregional skin metastasis 2, right mid-calf	6	502	DAB1	249	84	0.5	metastasis
0	Primary, right lower calf	6	503	BRD4	51	22	0.5	primary
1	Locoregional skin metastasis 1, right calf	6	503	BRD4	30	35	0.5	metastasis
2	Locoregional skin metastasis 2, right mid-calf	6	503	BRD4	68	14	0.5	metastasis
0	Primary, right lower calf	4	504	FCRL3	131	22	0.5	primary
1	Locoregional skin metastasis 1, right calf	4	504	FCRL3	74	38	0.5	metastasis
2	Locoregional skin metastasis 2, right mid-calf	4	504	FCRL3	105	32	0.5	metastasis
0	Primary, right lower calf	1	505	BRDT	82	22	0.5	primary
1	Locoregional skin metastasis 1, right calf	1	505	BRDT	75	37	0.5	metastasis
2	Locoregional skin metastasis 2, right mid-calf	1	505	BRDT	123	21	0.5	metastasis
0	Primary, right lower calf	6	506	OR7G3	225	72	0.5	primary
1	Locoregional skin metastasis 1, right calf	6	506	OR7G3	154	117	0.5	metastasis
2	Locoregional skin metastasis 2, right mid-calf	6	506	OR7G3	220	74	0.5	metastasis
0	Primary, right lower calf	6	507	TIE1	28	19	0.5	primary
1	Locoregional skin metastasis 1, right calf	6	507	TIE1	32	27	0.5	metastasis
2	Locoregional skin metastasis 2, right mid-calf	6	507	TIE1	56	20	0.5	metastasis
0	Primary, right lower calf	2	508	SOAT1	45	0	0.5	primary
1	Locoregional skin metastasis 1, right calf	2	508	SOAT1	46	0	0.5	metastasis
2	Locoregional skin metastasis 2, right mid-calf	2	508	SOAT1	36	8	0.5	metastasis
0	Primary, right lower calf	1	509	EPHA10	34	6	0.5	primary
1	Locoregional skin metastasis 1, right calf	1	509	EPHA10	21	17	0.5	metastasis
2	Locoregional skin metastasis 2, right mid-calf	1	509	EPHA10	33	9	0.5	metastasis
0	Primary, right lower calf	6	510	MUC5B	2	2	0.5	primary
1	Locoregional skin metastasis 1, right calf	6	510	MUC5B	0	8	0.5	metastasis
2	Locoregional skin metastasis 2, right mid-calf	6	510	MUC5B	1	5	0.5	metastasis
0	Primary, right lower calf	1	511	LPHN2	286	78	0.5	primary
1	Locoregional skin metastasis 1, right calf	1	511	LPHN2	199	147	0.5	metastasis
2	Locoregional skin metastasis 2, right mid-calf	1	511	LPHN2	362	112	0.5	metastasis
0	Primary, right lower calf	6	512	MUC16	180	60	0.5	primary
1	Locoregional skin metastasis 1, right calf	6	512	MUC16	134	84	0.5	metastasis
2	Locoregional skin metastasis 2, right mid-calf	6	512	MUC16	216	50	0.5	metastasis
0	Primary, right lower calf	6	513	MMD2	253	89	0.5	primary
1	Locoregional skin metastasis 1, right calf	6	513	MMD2	202	129	0.5	metastasis
2	Locoregional skin metastasis 2, right mid-calf	6	513	MMD2	246	78	0.5	metastasis
0	Primary, right lower calf	4	514	PDZD2	106	13	0.5	primary
1	Locoregional skin metastasis 1, right calf	4	514	PDZD2	66	46	0.5	metastasis
2	Locoregional skin metastasis 2, right mid-calf	4	514	PDZD2	101	41	0.5	metastasis
0	Primary, right lower calf	6	515	WDR66	13	4	0.5	primary
1	Locoregional skin metastasis 1, right calf	6	515	WDR66	15	14	0.5	metastasis
2	Locoregional skin metastasis 2, right mid-calf	6	515	WDR66	21	10	0.5	metastasis
0	Primary, right lower calf	6	516	FREM2	311	119	0.5	primary
1	Locoregional skin metastasis 1, right calf	6	516	FREM2	242	171	0.5	metastasis
2	Locoregional skin metastasis 2, right mid-calf	6	516	FREM2	415	153	0.5	metastasis
0	Primary, right lower calf	6	517	ORC6	175	58	0.5	primary
1	Locoregional skin metastasis 1, right calf	6	517	ORC6	129	100	0.5	metastasis
2	Locoregional skin metastasis 2, right mid-calf	6	517	ORC6	175	63	0.5	metastasis
0	Primary, right lower calf	6	518	NPHP4	80	22	0.5	primary
1	Locoregional skin metastasis 1, right calf	6	518	NPHP4	29	22	0.5	metastasis
2	Locoregional skin metastasis 2, right mid-calf	6	518	NPHP4	74	24	0.5	metastasis
0	Primary, right lower calf	1	519	C19orf75	59	14	0.5	primary
1	Locoregional skin metastasis 1, right calf	1	519	C19orf75	51	36	0.5	metastasis
2	Locoregional skin metastasis 2, right mid-calf	1	519	C19orf75	71	12	0.5	metastasis
0	Primary, right lower calf	1	520	MED13L	227	52	0.5	primary
1	Locoregional skin metastasis 1, right calf	1	520	MED13L	158	125	0.5	metastasis
2	Locoregional skin metastasis 2, right mid-calf	1	520	MED13L	245	91	0.5	metastasis
0	Primary, right lower calf	1	521	KIAA0368	128	33	0.5	primary
1	Locoregional skin metastasis 1, right calf	1	521	KIAA0368	131	66	0.5	metastasis
2	Locoregional skin metastasis 2, right mid-calf	1	521	KIAA0368	132	40	0.5	metastasis
0	Primary, right lower calf	4	522	FAM49A	126	19	0.5	primary
1	Locoregional skin metastasis 1, right calf	4	522	FAM49A	56	49	0.5	metastasis
2	Locoregional skin metastasis 2, right mid-calf	4	522	FAM49A	89	22	0.5	metastasis
0	Primary, right lower calf	6	523	OR14I1	199	82	0.5	primary
1	Locoregional skin metastasis 1, right calf	6	523	OR14I1	150	111	0.5	metastasis
2	Locoregional skin metastasis 2, right mid-calf	6	523	OR14I1	260	69	0.5	metastasis
0	Primary, right lower calf	6	524	ERBB4	159	56	0.5	primary
1	Locoregional skin metastasis 1, right calf	6	524	ERBB4	123	83	0.5	metastasis
2	Locoregional skin metastasis 2, right mid-calf	6	524	ERBB4	228	67	0.5	metastasis
0	Primary, right lower calf	6	525	PCSK5	88	40	0.5	primary
1	Locoregional skin metastasis 1, right calf	6	525	PCSK5	71	56	0.5	metastasis
2	Locoregional skin metastasis 2, right mid-calf	6	525	PCSK5	125	47	0.5	metastasis
0	Primary, right lower calf	1	526	GOLGA6L6	54	13	0.5	primary
1	Locoregional skin metastasis 1, right calf	1	526	GOLGA6L6	41	14	0.5	metastasis
2	Locoregional skin metastasis 2, right mid-calf	1	526	GOLGA6L6	61	13	0.5	metastasis
0	Primary, right lower calf	6	527	SCN1A	121	44	0.5	primary
1	Locoregional skin metastasis 1, right calf	6	527	SCN1A	101	75	0.5	metastasis
2	Locoregional skin metastasis 2, right mid-calf	6	527	SCN1A	134	51	0.5	metastasis
0	Primary, right lower calf	1	528	CYP27A1	902	261	0.5	primary
1	Locoregional skin metastasis 1, right calf	1	528	CYP27A1	627	395	0.5	metastasis
2	Locoregional skin metastasis 2, right mid-calf	1	528	CYP27A1	875	251	0.5	metastasis
0	Primary, right lower calf	6	529	MUC17	132	55	0.5	primary
1	Locoregional skin metastasis 1, right calf	6	529	MUC17	99	46	0.5	metastasis
2	Locoregional skin metastasis 2, right mid-calf	6	529	MUC17	140	52	0.5	metastasis
0	Primary, right lower calf	6	530	QSOX2	179	66	0.5	primary
1	Locoregional skin metastasis 1, right calf	6	530	QSOX2	122	101	0.5	metastasis
2	Locoregional skin metastasis 2, right mid-calf	6	530	QSOX2	179	68	0.5	metastasis
0	Primary, right lower calf	4	531	C3orf55	353	48	0.5	primary
1	Locoregional skin metastasis 1, right calf	4	531	C3orf55	252	181	0.5	metastasis
2	Locoregional skin metastasis 2, right mid-calf	4	531	C3orf55	379	113	0.5	metastasis
0	Primary, right lower calf	1	532	APOB	399	102	0.5	primary
1	Locoregional skin metastasis 1, right calf	1	532	APOB	324	235	0.5	metastasis
2	Locoregional skin metastasis 2, right mid-calf	1	532	APOB	502	165	0.5	metastasis
0	Primary, right lower calf	6	533	OR4S1	751	276	0.5	primary
1	Locoregional skin metastasis 1, right calf	6	533	OR4S1	496	341	0.5	metastasis
2	Locoregional skin metastasis 2, right mid-calf	6	533	OR4S1	748	243	0.5	metastasis
0	Primary, right lower calf	6	534	SAR1B	243	80	0.5	primary
1	Locoregional skin metastasis 1, right calf	6	534	SAR1B	188	136	0.5	metastasis
2	Locoregional skin metastasis 2, right mid-calf	6	534	SAR1B	269	78	0.5	metastasis
0	Primary, right lower calf	6	535	LRBA	81	21	0.5	primary
1	Locoregional skin metastasis 1, right calf	6	535	LRBA	66	44	0.5	metastasis
2	Locoregional skin metastasis 2, right mid-calf	6	535	LRBA	118	42	0.5	metastasis
0	Primary, right lower calf	1	536	LYG1	270	65	0.5	primary
1	Locoregional skin metastasis 1, right calf	1	536	LYG1	157	120	0.5	metastasis
2	Locoregional skin metastasis 2, right mid-calf	1	536	LYG1	261	77	0.5	metastasis
0	Primary, right lower calf	6	537	STK32B	159	53	0.5	primary
1	Locoregional skin metastasis 1, right calf	6	537	STK32B	136	80	0.5	metastasis
2	Locoregional skin metastasis 2, right mid-calf	6	537	STK32B	189	52	0.5	metastasis
0	Primary, right lower calf	6	538	CARD11	52	29	0.5	primary
1	Locoregional skin metastasis 1, right calf	6	538	CARD11	40	29	0.5	metastasis
2	Locoregional skin metastasis 2, right mid-calf	6	538	CARD11	81	18	0.5	metastasis
0	Primary, right lower calf	6	539	EPHB4	79	29	0.5	primary
1	Locoregional skin metastasis 1, right calf	6	539	EPHB4	70	41	0.5	metastasis
2	Locoregional skin metastasis 2, right mid-calf	6	539	EPHB4	96	34	0.5	metastasis
0	Primary, right lower calf	6	540	KL	134	51	0.5	primary
1	Locoregional skin metastasis 1, right calf	6	540	KL	118	83	0.5	metastasis
2	Locoregional skin metastasis 2, right mid-calf	6	540	KL	194	45	0.5	metastasis
0	Primary, right lower calf	6	541	TAS2R14	186	54	0.5	primary
1	Locoregional skin metastasis 1, right calf	6	541	TAS2R14	145	109	0.5	metastasis
2	Locoregional skin metastasis 2, right mid-calf	6	541	TAS2R14	241	83	0.5	metastasis
0	Primary, right lower calf	4	542	ZMYM6NB	139	24	0.5	primary
1	Locoregional skin metastasis 1, right calf	4	542	ZMYM6NB	107	60	0.5	metastasis
2	Locoregional skin metastasis 2, right mid-calf	4	542	ZMYM6NB	148	50	0.5	metastasis
0	Primary, right lower calf	1	543	CTNND2	284	80	0.5	primary
1	Locoregional skin metastasis 1, right calf	1	543	CTNND2	162	113	0.5	metastasis
2	Locoregional skin metastasis 2, right mid-calf	1	543	CTNND2	259	92	0.5	metastasis
0	Primary, right lower calf	1	544	CACNA1S	565	137	0.5	primary
1	Locoregional skin metastasis 1, right calf	1	544	CACNA1S	351	247	0.5	metastasis
2	Locoregional skin metastasis 2, right mid-calf	1	544	CACNA1S	501	177	0.5	metastasis
0	Primary, right lower calf	6	545	COL6A1	154	55	0.5	primary
1	Locoregional skin metastasis 1, right calf	6	545	COL6A1	91	53	0.5	metastasis
2	Locoregional skin metastasis 2, right mid-calf	6	545	COL6A1	152	34	0.5	metastasis
0	Primary, right lower calf	6	546	DNAH14	161	58	0.5	primary
1	Locoregional skin metastasis 1, right calf	6	546	DNAH14	129	54	0.5	metastasis
2	Locoregional skin metastasis 2, right mid-calf	6	546	DNAH14	166	40	0.5	metastasis
0	Primary, right lower calf	6	547	OR7D4	92	36	0.5	primary
1	Locoregional skin metastasis 1, right calf	6	547	OR7D4	63	44	0.5	metastasis
2	Locoregional skin metastasis 2, right mid-calf	6	547	OR7D4	89	42	0.5	metastasis
0	Primary, right lower calf	6	548	CTAGE1	13	2	0.5	primary
1	Locoregional skin metastasis 1, right calf	6	548	CTAGE1	9	5	0.5	metastasis
2	Locoregional skin metastasis 2, right mid-calf	6	548	CTAGE1	10	5	0.5	metastasis
0	Primary, right lower calf	6	549	RYR1	171	71	0.5	primary
1	Locoregional skin metastasis 1, right calf	6	549	RYR1	114	88	0.5	metastasis
2	Locoregional skin metastasis 2, right mid-calf	6	549	RYR1	123	50	0.5	metastasis
0	Primary, right lower calf	6	550	DCST1	137	69	0.5	primary
1	Locoregional skin metastasis 1, right calf	6	550	DCST1	120	100	0.5	metastasis
2	Locoregional skin metastasis 2, right mid-calf	6	550	DCST1	150	54	0.5	metastasis
0	Primary, right lower calf	6	551	UBIAD1	200	83	0.5	primary
1	Locoregional skin metastasis 1, right calf	6	551	UBIAD1	177	123	0.5	metastasis
2	Locoregional skin metastasis 2, right mid-calf	6	551	UBIAD1	213	78	0.5	metastasis
0	Primary, right lower calf	4	552	LOC155060	197	21	0.5	primary
1	Locoregional skin metastasis 1, right calf	4	552	LOC155060	95	96	0.5	metastasis
2	Locoregional skin metastasis 2, right mid-calf	4	552	LOC155060	145	37	0.5	metastasis
0	Primary, right lower calf	4	553	DLGAP3	262	21	0.5	primary
1	Locoregional skin metastasis 1, right calf	4	553	DLGAP3	172	107	0.5	metastasis
2	Locoregional skin metastasis 2, right mid-calf	4	553	DLGAP3	233	71	0.5	metastasis
0	Primary, right lower calf	2	554	CACNA1S	45	10	0.5	primary
1	Locoregional skin metastasis 1, right calf	2	554	CACNA1S	66	0	0.5	metastasis
2	Locoregional skin metastasis 2, right mid-calf	2	554	CACNA1S	47	0	0.5	metastasis
0	Primary, right lower calf	6	555	GTF3C1	60	22	0.5	primary
1	Locoregional skin metastasis 1, right calf	6	555	GTF3C1	47	34	0.5	metastasis
2	Locoregional skin metastasis 2, right mid-calf	6	555	GTF3C1	46	24	0.5	metastasis
0	Primary, right lower calf	1	556	SELL	68	16	0.5	primary
1	Locoregional skin metastasis 1, right calf	1	556	SELL	32	20	0.5	metastasis
2	Locoregional skin metastasis 2, right mid-calf	1	556	SELL	55	18	0.5	metastasis
0	Primary, right lower calf	6	557	ZNF385A	62	28	0.5	primary
1	Locoregional skin metastasis 1, right calf	6	557	ZNF385A	37	26	0.5	metastasis
2	Locoregional skin metastasis 2, right mid-calf	6	557	ZNF385A	63	23	0.5	metastasis
0	Primary, right lower calf	6	558	DLX2	60	13	0.5	primary
1	Locoregional skin metastasis 1, right calf	6	558	DLX2	43	42	0.5	metastasis
2	Locoregional skin metastasis 2, right mid-calf	6	558	DLX2	56	32	0.5	metastasis
0	Primary, right lower calf	4	559	FLT1	158	13	0.5	primary
1	Locoregional skin metastasis 1, right calf	4	559	FLT1	94	69	0.5	metastasis
2	Locoregional skin metastasis 2, right mid-calf	4	559	FLT1	155	48	0.5	metastasis
0	Primary, right lower calf	6	560	IL1RAP	215	73	0.5	primary
1	Locoregional skin metastasis 1, right calf	6	560	IL1RAP	189	142	0.5	metastasis
2	Locoregional skin metastasis 2, right mid-calf	6	560	IL1RAP	323	107	0.5	metastasis
0	Primary, right lower calf	6	561	OR52A5	167	59	0.5	primary
1	Locoregional skin metastasis 1, right calf	6	561	OR52A5	138	70	0.5	metastasis
2	Locoregional skin metastasis 2, right mid-calf	6	561	OR52A5	189	52	0.5	metastasis
0	Primary, right lower calf	6	562	CCDC108	54	24	0.5	primary
1	Locoregional skin metastasis 1, right calf	6	562	CCDC108	52	47	0.5	metastasis
2	Locoregional skin metastasis 2, right mid-calf	6	562	CCDC108	72	19	0.5	metastasis
0	Primary, right lower calf	6	563	KIF21B	105	39	0.5	primary
1	Locoregional skin metastasis 1, right calf	6	563	KIF21B	73	64	0.5	metastasis
2	Locoregional skin metastasis 2, right mid-calf	6	563	KIF21B	80	26	0.5	metastasis
0	Primary, right lower calf	6	564	MAP4	239	104	0.5	primary
1	Locoregional skin metastasis 1, right calf	6	564	MAP4	190	130	0.5	metastasis
2	Locoregional skin metastasis 2, right mid-calf	6	564	MAP4	286	97	0.5	metastasis
0	Primary, right lower calf	0	565	OR4N3P	135	5	0.5	primary
1	Locoregional skin metastasis 1, right calf	0	565	OR4N3P	92	29	0.5	metastasis
2	Locoregional skin metastasis 2, right mid-calf	0	565	OR4N3P	174	13	0.5	metastasis
0	Primary, right lower calf	6	566	ADAM29	246	99	0.5	primary
1	Locoregional skin metastasis 1, right calf	6	566	ADAM29	147	103	0.5	metastasis
2	Locoregional skin metastasis 2, right mid-calf	6	566	ADAM29	282	79	0.5	metastasis
0	Primary, right lower calf	6	567	LILRA5	236	100	0.5	primary
1	Locoregional skin metastasis 1, right calf	6	567	LILRA5	224	155	0.5	metastasis
2	Locoregional skin metastasis 2, right mid-calf	6	567	LILRA5	293	94	0.5	metastasis
0	Primary, right lower calf	1	568	DNAH5	113	28	0.5	primary
1	Locoregional skin metastasis 1, right calf	1	568	DNAH5	98	38	0.5	metastasis
2	Locoregional skin metastasis 2, right mid-calf	1	568	DNAH5	118	33	0.5	metastasis
0	Primary, right lower calf	6	569	CDK18	278	110	0.5	primary
1	Locoregional skin metastasis 1, right calf	6	569	CDK18	244	146	0.5	metastasis
2	Locoregional skin metastasis 2, right mid-calf	6	569	CDK18	270	127	0.5	metastasis
0	Primary, right lower calf	1	570	EPHA4	132	26	0.5	primary
1	Locoregional skin metastasis 1, right calf	1	570	EPHA4	99	57	0.5	metastasis
2	Locoregional skin metastasis 2, right mid-calf	1	570	EPHA4	112	46	0.5	metastasis
0	Primary, right lower calf	1	571	CHST1	127	34	0.5	primary
1	Locoregional skin metastasis 1, right calf	1	571	CHST1	101	56	0.5	metastasis
2	Locoregional skin metastasis 2, right mid-calf	1	571	CHST1	116	26	0.5	metastasis
0	Primary, right lower calf	1	572	PRLR	166	43	0.5	primary
1	Locoregional skin metastasis 1, right calf	1	572	PRLR	106	79	0.5	metastasis
2	Locoregional skin metastasis 2, right mid-calf	1	572	PRLR	134	57	0.5	metastasis
0	Primary, right lower calf	1	573	USH2A	145	36	0.5	primary
1	Locoregional skin metastasis 1, right calf	1	573	USH2A	76	58	0.5	metastasis
2	Locoregional skin metastasis 2, right mid-calf	1	573	USH2A	136	49	0.5	metastasis
0	Primary, right lower calf	6	574	INSM1	242	87	0.5	primary
1	Locoregional skin metastasis 1, right calf	6	574	INSM1	163	116	0.5	metastasis
2	Locoregional skin metastasis 2, right mid-calf	6	574	INSM1	214	85	0.5	metastasis
0	Primary, right lower calf	6	575	CREB3L2	315	127	0.5	primary
1	Locoregional skin metastasis 1, right calf	6	575	CREB3L2	241	157	0.5	metastasis
2	Locoregional skin metastasis 2, right mid-calf	6	575	CREB3L2	342	121	0.5	metastasis
0	Primary, right lower calf	6	576	APLP1	326	114	0.5	primary
1	Locoregional skin metastasis 1, right calf	6	576	APLP1	223	141	0.5	metastasis
2	Locoregional skin metastasis 2, right mid-calf	6	576	APLP1	287	96	0.5	metastasis
0	Primary, right lower calf	2	577	SLC50A1	74	12	0.5	primary
1	Locoregional skin metastasis 1, right calf	2	577	SLC50A1	64	0	0.5	metastasis
2	Locoregional skin metastasis 2, right mid-calf	2	577	SLC50A1	58	0	0.5	metastasis
0	Primary, right lower calf	4	578	PTGS2	319	38	0.5	primary
1	Locoregional skin metastasis 1, right calf	4	578	PTGS2	204	113	0.5	metastasis
2	Locoregional skin metastasis 2, right mid-calf	4	578	PTGS2	294	96	0.5	metastasis
0	Primary, right lower calf	6	579	C9orf172	111	58	0.5	primary
1	Locoregional skin metastasis 1, right calf	6	579	C9orf172	83	52	0.5	metastasis
2	Locoregional skin metastasis 2, right mid-calf	6	579	C9orf172	146	38	0.5	metastasis
0	Primary, right lower calf	6	580	BCO2	94	37	0.5	primary
1	Locoregional skin metastasis 1, right calf	6	580	BCO2	74	64	0.5	metastasis
2	Locoregional skin metastasis 2, right mid-calf	6	580	BCO2	128	13	0.5	metastasis
0	Primary, right lower calf	6	581	C16orf96	87	26	0.5	primary
1	Locoregional skin metastasis 1, right calf	6	581	C16orf96	67	49	0.5	metastasis
2	Locoregional skin metastasis 2, right mid-calf	6	581	C16orf96	71	38	0.5	metastasis
0	Primary, right lower calf	6	582	GPR97	373	178	0.5	primary
1	Locoregional skin metastasis 1, right calf	6	582	GPR97	222	202	0.5	metastasis
2	Locoregional skin metastasis 2, right mid-calf	6	582	GPR97	326	136	0.5	metastasis
0	Primary, right lower calf	6	583	CLEC17A	166	72	0.5	primary
1	Locoregional skin metastasis 1, right calf	6	583	CLEC17A	126	68	0.5	metastasis
2	Locoregional skin metastasis 2, right mid-calf	6	583	CLEC17A	154	73	0.5	metastasis
0	Primary, right lower calf	4	584	ITGA10	180	15	0.5	primary
1	Locoregional skin metastasis 1, right calf	4	584	ITGA10	112	55	0.5	metastasis
2	Locoregional skin metastasis 2, right mid-calf	4	584	ITGA10	144	32	0.5	metastasis
0	Primary, right lower calf	6	585	OAZ3	29	7	0.5	primary
1	Locoregional skin metastasis 1, right calf	6	585	OAZ3	36	24	0.5	metastasis
2	Locoregional skin metastasis 2, right mid-calf	6	585	OAZ3	27	12	0.5	metastasis
0	Primary, right lower calf	6	586	IGFL3	372	140	0.5	primary
1	Locoregional skin metastasis 1, right calf	6	586	IGFL3	258	203	0.5	metastasis
2	Locoregional skin metastasis 2, right mid-calf	6	586	IGFL3	404	135	0.5	metastasis
0	Primary, right lower calf	1	587	TCRBV5S3A2T	48	7	0.5	primary
1	Locoregional skin metastasis 1, right calf	1	587	TCRBV5S3A2T	37	10	0.5	metastasis
2	Locoregional skin metastasis 2, right mid-calf	1	587	TCRBV5S3A2T	49	8	0.5	metastasis
0	Primary, right lower calf	6	588	KRTAP10-4	213	89	0.5	primary
1	Locoregional skin metastasis 1, right calf	6	588	KRTAP10-4	152	121	0.5	metastasis
2	Locoregional skin metastasis 2, right mid-calf	6	588	KRTAP10-4	212	79	0.5	metastasis
0	Primary, right lower calf	6	589	OR8G2	338	114	0.5	primary
1	Locoregional skin metastasis 1, right calf	6	589	OR8G2	246	197	0.5	metastasis
2	Locoregional skin metastasis 2, right mid-calf	6	589	OR8G2	384	130	0.5	metastasis
0	Primary, right lower calf	6	590	DLGAP1	827	277	0.5	primary
1	Locoregional skin metastasis 1, right calf	6	590	DLGAP1	559	378	0.5	metastasis
2	Locoregional skin metastasis 2, right mid-calf	6	590	DLGAP1	830	282	0.5	metastasis
0	Primary, right lower calf	6	591	TMC7	115	48	0.5	primary
1	Locoregional skin metastasis 1, right calf	6	591	TMC7	75	69	0.5	metastasis
2	Locoregional skin metastasis 2, right mid-calf	6	591	TMC7	101	26	0.5	metastasis
0	Primary, right lower calf	6	592	ALDH2	153	67	0.5	primary
1	Locoregional skin metastasis 1, right calf	6	592	ALDH2	122	101	0.5	metastasis
2	Locoregional skin metastasis 2, right mid-calf	6	592	ALDH2	189	61	0.5	metastasis
0	Primary, right lower calf	6	593	TNFRSF11A	403	131	0.5	primary
1	Locoregional skin metastasis 1, right calf	6	593	TNFRSF11A	290	158	0.5	metastasis
2	Locoregional skin metastasis 2, right mid-calf	6	593	TNFRSF11A	353	107	0.5	metastasis
0	Primary, right lower calf	6	594	MLH1	119	33	0.5	primary
1	Locoregional skin metastasis 1, right calf	6	594	MLH1	89	65	0.5	metastasis
2	Locoregional skin metastasis 2, right mid-calf	6	594	MLH1	151	73	0.5	metastasis
0	Primary, right lower calf	6	595	CCDC33	140	53	0.5	primary
1	Locoregional skin metastasis 1, right calf	6	595	CCDC33	98	80	0.5	metastasis
2	Locoregional skin metastasis 2, right mid-calf	6	595	CCDC33	144	42	0.5	metastasis
0	Primary, right lower calf	1	596	TUBA4A	270	73	0.5	primary
1	Locoregional skin metastasis 1, right calf	1	596	TUBA4A	218	146	0.5	metastasis
2	Locoregional skin metastasis 2, right mid-calf	1	596	TUBA4A	267	109	0.5	metastasis
0	Primary, right lower calf	4	597	CXCR2	265	40	0.5	primary
1	Locoregional skin metastasis 1, right calf	4	597	CXCR2	167	120	0.5	metastasis
2	Locoregional skin metastasis 2, right mid-calf	4	597	CXCR2	279	109	0.5	metastasis
0	Primary, right lower calf	2	598	MAP9	70	0	0.5	primary
1	Locoregional skin metastasis 1, right calf	2	598	MAP9	57	0	0.5	metastasis
2	Locoregional skin metastasis 2, right mid-calf	2	598	MAP9	30	5	0.5	metastasis
0	Primary, right lower calf	6	599	CELF3	301	102	0.5	primary
1	Locoregional skin metastasis 1, right calf	6	599	CELF3	193	159	0.5	metastasis
2	Locoregional skin metastasis 2, right mid-calf	6	599	CELF3	305	95	0.5	metastasis
0	Primary, right lower calf	1	600	LRRIQ1	252	56	0.5	primary
1	Locoregional skin metastasis 1, right calf	1	600	LRRIQ1	181	112	0.5	metastasis
2	Locoregional skin metastasis 2, right mid-calf	1	600	LRRIQ1	243	86	0.5	metastasis
0	Primary, right lower calf	1	601	SCN9A	128	25	0.5	primary
1	Locoregional skin metastasis 1, right calf	1	601	SCN9A	58	47	0.5	metastasis
2	Locoregional skin metastasis 2, right mid-calf	1	601	SCN9A	115	37	0.5	metastasis
0	Primary, right lower calf	1	602	OR51B2	134	29	0.5	primary
1	Locoregional skin metastasis 1, right calf	1	602	OR51B2	102	69	0.5	metastasis
2	Locoregional skin metastasis 2, right mid-calf	1	602	OR51B2	171	51	0.5	metastasis
0	Primary, right lower calf	1	603	PTPRQ	303	70	0.5	primary
1	Locoregional skin metastasis 1, right calf	1	603	PTPRQ	255	153	0.5	metastasis
2	Locoregional skin metastasis 2, right mid-calf	1	603	PTPRQ	358	120	0.5	metastasis
0	Primary, right lower calf	1	604	SLC8A1	329	65	0.5	primary
1	Locoregional skin metastasis 1, right calf	1	604	SLC8A1	205	156	0.5	metastasis
2	Locoregional skin metastasis 2, right mid-calf	1	604	SLC8A1	372	109	0.5	metastasis
0	Primary, right lower calf	1	605	SLCO1B1	190	45	0.5	primary
1	Locoregional skin metastasis 1, right calf	1	605	SLCO1B1	121	74	0.5	metastasis
2	Locoregional skin metastasis 2, right mid-calf	1	605	SLCO1B1	231	60	0.5	metastasis
0	Primary, right lower calf	4	606	SLCO1B3	111	4	0.5	primary
1	Locoregional skin metastasis 1, right calf	4	606	SLCO1B3	83	44	0.5	metastasis
2	Locoregional skin metastasis 2, right mid-calf	4	606	SLCO1B3	135	31	0.5	metastasis
0	Primary, right lower calf	4	607	KANK3	120	12	0.5	primary
1	Locoregional skin metastasis 1, right calf	4	607	KANK3	56	58	0.5	metastasis
2	Locoregional skin metastasis 2, right mid-calf	4	607	KANK3	84	27	0.5	metastasis
0	Primary, right lower calf	6	608	PTPRQ	182	71	0.5	primary
1	Locoregional skin metastasis 1, right calf	6	608	PTPRQ	199	120	0.5	metastasis
2	Locoregional skin metastasis 2, right mid-calf	6	608	PTPRQ	260	58	0.5	metastasis
0	Primary, right lower calf	6	609	OR51B5	158	45	0.5	primary
1	Locoregional skin metastasis 1, right calf	6	609	OR51B5	107	67	0.5	metastasis
2	Locoregional skin metastasis 2, right mid-calf	6	609	OR51B5	147	54	0.5	metastasis
0	Primary, right lower calf	6	610	SCNN1G	203	97	0.5	primary
1	Locoregional skin metastasis 1, right calf	6	610	SCNN1G	148	111	0.5	metastasis
2	Locoregional skin metastasis 2, right mid-calf	6	610	SCNN1G	216	68	0.5	metastasis
0	Primary, right lower calf	1	611	OR4C3	351	89	0.5	primary
1	Locoregional skin metastasis 1, right calf	1	611	OR4C3	255	99	0.5	metastasis
2	Locoregional skin metastasis 2, right mid-calf	1	611	OR4C3	468	72	0.5	metastasis
0	Primary, right lower calf	2	612	OTUD4	19	0	0.5	primary
1	Locoregional skin metastasis 1, right calf	2	612	OTUD4	27	0	0.5	metastasis
2	Locoregional skin metastasis 2, right mid-calf	2	612	OTUD4	21	4	0.5	metastasis
0	Primary, right lower calf	4	613	ZNF607	299	45	0.5	primary
1	Locoregional skin metastasis 1, right calf	4	613	ZNF607	194	125	0.5	metastasis
2	Locoregional skin metastasis 2, right mid-calf	4	613	ZNF607	279	77	0.5	metastasis
0	Primary, right lower calf	6	614	POLN	479	161	0.5	primary
1	Locoregional skin metastasis 1, right calf	6	614	POLN	389	223	0.5	metastasis
2	Locoregional skin metastasis 2, right mid-calf	6	614	POLN	542	135	0.5	metastasis
0	Primary, right lower calf	6	615	GRM8	193	82	0.5	primary
1	Locoregional skin metastasis 1, right calf	6	615	GRM8	125	89	0.5	metastasis
2	Locoregional skin metastasis 2, right mid-calf	6	615	GRM8	175	71	0.5	metastasis
0	Primary, right lower calf	6	616	FAT4	221	92	0.5	primary
1	Locoregional skin metastasis 1, right calf	6	616	FAT4	136	132	0.5	metastasis
2	Locoregional skin metastasis 2, right mid-calf	6	616	FAT4	286	96	0.5	metastasis
0	Primary, right lower calf	6	617	OR9K2	101	29	0.5	primary
1	Locoregional skin metastasis 1, right calf	6	617	OR9K2	71	42	0.5	metastasis
2	Locoregional skin metastasis 2, right mid-calf	6	617	OR9K2	110	38	0.5	metastasis
0	Primary, right lower calf	1	618	ATP7B	132	31	0.5	primary
1	Locoregional skin metastasis 1, right calf	1	618	ATP7B	95	71	0.5	metastasis
2	Locoregional skin metastasis 2, right mid-calf	1	618	ATP7B	145	34	0.5	metastasis
0	Primary, right lower calf	4	619	PLEKHA8	83	10	0.5	primary
1	Locoregional skin metastasis 1, right calf	4	619	PLEKHA8	58	62	0.5	metastasis
2	Locoregional skin metastasis 2, right mid-calf	4	619	PLEKHA8	84	30	0.5	metastasis
0	Primary, right lower calf	6	620	FAM189A2	19	5	0.5	primary
1	Locoregional skin metastasis 1, right calf	6	620	FAM189A2	19	10	0.5	metastasis
2	Locoregional skin metastasis 2, right mid-calf	6	620	FAM189A2	19	6	0.5	metastasis
0	Primary, right lower calf	6	621	DECR2	102	42	0.5	primary
1	Locoregional skin metastasis 1, right calf	6	621	DECR2	104	34	0.5	metastasis
2	Locoregional skin metastasis 2, right mid-calf	6	621	DECR2	75	31	0.5	metastasis
0	Primary, right lower calf	6	622	MYOC	237	79	0.5	primary
1	Locoregional skin metastasis 1, right calf	6	622	MYOC	154	100	0.5	metastasis
2	Locoregional skin metastasis 2, right mid-calf	6	622	MYOC	218	86	0.5	metastasis
0	Primary, right lower calf	6	623	TLL1	123	49	0.5	primary
1	Locoregional skin metastasis 1, right calf	6	623	TLL1	96	61	0.5	metastasis
2	Locoregional skin metastasis 2, right mid-calf	6	623	TLL1	169	34	0.5	metastasis
0	Primary, right lower calf	6	624	ZNF442	132	54	0.5	primary
1	Locoregional skin metastasis 1, right calf	6	624	ZNF442	112	74	0.5	metastasis
2	Locoregional skin metastasis 2, right mid-calf	6	624	ZNF442	120	50	0.5	metastasis
0	Primary, right lower calf	6	625	AGRN	209	98	0.5	primary
1	Locoregional skin metastasis 1, right calf	6	625	AGRN	186	142	0.5	metastasis
2	Locoregional skin metastasis 2, right mid-calf	6	625	AGRN	256	78	0.5	metastasis
0	Primary, right lower calf	6	626	SYCP1	20	6	0.5	primary
1	Locoregional skin metastasis 1, right calf	6	626	SYCP1	21	13	0.5	metastasis
2	Locoregional skin metastasis 2, right mid-calf	6	626	SYCP1	11	5	0.5	metastasis
0	Primary, right lower calf	6	627	TRANK1	141	41	0.5	primary
1	Locoregional skin metastasis 1, right calf	6	627	TRANK1	128	75	0.5	metastasis
2	Locoregional skin metastasis 2, right mid-calf	6	627	TRANK1	217	87	0.5	metastasis
0	Primary, right lower calf	6	628	HNRNPM	364	118	0.5	primary
1	Locoregional skin metastasis 1, right calf	6	628	HNRNPM	249	164	0.5	metastasis
2	Locoregional skin metastasis 2, right mid-calf	6	628	HNRNPM	322	90	0.5	metastasis
0	Primary, right lower calf	6	629	DCC	196	76	0.5	primary
1	Locoregional skin metastasis 1, right calf	6	629	DCC	130	90	0.5	metastasis
2	Locoregional skin metastasis 2, right mid-calf	6	629	DCC	199	49	0.5	metastasis
0	Primary, right lower calf	1	630	TLN1	306	79	0.5	primary
1	Locoregional skin metastasis 1, right calf	1	630	TLN1	252	181	0.5	metastasis
2	Locoregional skin metastasis 2, right mid-calf	1	630	TLN1	310	120	0.5	metastasis
0	Primary, right lower calf	6	631	SPTBN2	82	32	0.5	primary
1	Locoregional skin metastasis 1, right calf	6	631	SPTBN2	66	46	0.5	metastasis
2	Locoregional skin metastasis 2, right mid-calf	6	631	SPTBN2	120	42	0.5	metastasis
0	Primary, right lower calf	6	632	C1orf173	529	187	0.5	primary
1	Locoregional skin metastasis 1, right calf	6	632	C1orf173	358	236	0.5	metastasis
2	Locoregional skin metastasis 2, right mid-calf	6	632	C1orf173	624	206	0.5	metastasis
0	Primary, right lower calf	6	633	XIRP2	451	170	0.5	primary
1	Locoregional skin metastasis 1, right calf	6	633	XIRP2	393	244	0.5	metastasis
2	Locoregional skin metastasis 2, right mid-calf	6	633	XIRP2	550	214	0.5	metastasis
0	Primary, right lower calf	2	634	MYO16	113	18	0.5	primary
1	Locoregional skin metastasis 1, right calf	2	634	MYO16	108	0	0.5	metastasis
2	Locoregional skin metastasis 2, right mid-calf	2	634	MYO16	122	0	0.5	metastasis
0	Primary, right lower calf	1	635	SLC4A8	79	17	0.5	primary
1	Locoregional skin metastasis 1, right calf	1	635	SLC4A8	42	27	0.5	metastasis
2	Locoregional skin metastasis 2, right mid-calf	1	635	SLC4A8	92	33	0.5	metastasis
0	Primary, right lower calf	1	636	FOXP1	204	42	0.5	primary
1	Locoregional skin metastasis 1, right calf	1	636	FOXP1	133	101	0.5	metastasis
2	Locoregional skin metastasis 2, right mid-calf	1	636	FOXP1	264	92	0.5	metastasis
0	Primary, right lower calf	1	637	CD163L1	161	45	0.5	primary
1	Locoregional skin metastasis 1, right calf	1	637	CD163L1	118	80	0.5	metastasis
2	Locoregional skin metastasis 2, right mid-calf	1	637	CD163L1	221	59	0.5	metastasis
0	Primary, right lower calf	4	638	TP53BP1	102	12	0.5	primary
1	Locoregional skin metastasis 1, right calf	4	638	TP53BP1	51	45	0.5	metastasis
2	Locoregional skin metastasis 2, right mid-calf	4	638	TP53BP1	69	30	0.5	metastasis
0	Primary, right lower calf	1	639	C1orf168	114	27	0.5	primary
1	Locoregional skin metastasis 1, right calf	1	639	C1orf168	84	76	0.5	metastasis
2	Locoregional skin metastasis 2, right mid-calf	1	639	C1orf168	148	53	0.5	metastasis
0	Primary, right lower calf	6	640	OR7G2	108	34	0.5	primary
1	Locoregional skin metastasis 1, right calf	6	640	OR7G2	78	54	0.5	metastasis
2	Locoregional skin metastasis 2, right mid-calf	6	640	OR7G2	110	36	0.5	metastasis
0	Primary, right lower calf	1	641	HSD3B1	178	39	0.5	primary
1	Locoregional skin metastasis 1, right calf	1	641	HSD3B1	125	82	0.5	metastasis
2	Locoregional skin metastasis 2, right mid-calf	1	641	HSD3B1	202	51	0.5	metastasis
0	Primary, right lower calf	6	642	PAPSS1	212	61	0.5	primary
1	Locoregional skin metastasis 1, right calf	6	642	PAPSS1	150	99	0.5	metastasis
2	Locoregional skin metastasis 2, right mid-calf	6	642	PAPSS1	233	89	0.5	metastasis
0	Primary, right lower calf	6	643	C16orf85	122	43	0.5	primary
1	Locoregional skin metastasis 1, right calf	6	643	C16orf85	84	61	0.5	metastasis
2	Locoregional skin metastasis 2, right mid-calf	6	643	C16orf85	126	46	0.5	metastasis
0	Primary, right lower calf	6	644	HEATR7B2	76	31	0.5	primary
1	Locoregional skin metastasis 1, right calf	6	644	HEATR7B2	75	35	0.5	metastasis
2	Locoregional skin metastasis 2, right mid-calf	6	644	HEATR7B2	106	34	0.5	metastasis
0	Primary, right lower calf	4	645	ARHGEF17	616	70	0.5	primary
1	Locoregional skin metastasis 1, right calf	4	645	ARHGEF17	339	211	0.5	metastasis
2	Locoregional skin metastasis 2, right mid-calf	4	645	ARHGEF17	486	159	0.5	metastasis
0	Primary, right lower calf	6	646	CSMD2	61	15	0.5	primary
1	Locoregional skin metastasis 1, right calf	6	646	CSMD2	48	42	0.5	metastasis
2	Locoregional skin metastasis 2, right mid-calf	6	646	CSMD2	76	26	0.5	metastasis
0	Primary, right lower calf	6	647	NDST4	151	56	0.5	primary
1	Locoregional skin metastasis 1, right calf	6	647	NDST4	138	82	0.5	metastasis
2	Locoregional skin metastasis 2, right mid-calf	6	647	NDST4	191	67	0.5	metastasis
0	Primary, right lower calf	6	648	MUC16	234	71	0.5	primary
1	Locoregional skin metastasis 1, right calf	6	648	MUC16	146	128	0.5	metastasis
2	Locoregional skin metastasis 2, right mid-calf	6	648	MUC16	228	73	0.5	metastasis
0	Primary, right lower calf	6	649	ZAN	190	79	0.5	primary
1	Locoregional skin metastasis 1, right calf	6	649	ZAN	138	107	0.5	metastasis
2	Locoregional skin metastasis 2, right mid-calf	6	649	ZAN	210	49	0.5	metastasis
0	Primary, right lower calf	1	650	ADAMTS12	313	83	0.5	primary
1	Locoregional skin metastasis 1, right calf	1	650	ADAMTS12	262	144	0.5	metastasis
2	Locoregional skin metastasis 2, right mid-calf	1	650	ADAMTS12	320	99	0.5	metastasis
0	Primary, right lower calf	6	651	MAGI3	215	73	0.5	primary
1	Locoregional skin metastasis 1, right calf	6	651	MAGI3	131	88	0.5	metastasis
2	Locoregional skin metastasis 2, right mid-calf	6	651	MAGI3	185	51	0.5	metastasis
0	Primary, right lower calf	4	652	ATP8B4	213	21	0.5	primary
1	Locoregional skin metastasis 1, right calf	4	652	ATP8B4	136	87	0.5	metastasis
2	Locoregional skin metastasis 2, right mid-calf	4	652	ATP8B4	193	49	0.5	metastasis
0	Primary, right lower calf	6	653	OR4C11	81	91	0.5	primary
1	Locoregional skin metastasis 1, right calf	6	653	OR4C11	17	110	0.5	metastasis
2	Locoregional skin metastasis 2, right mid-calf	6	653	OR4C11	93	72	0.5	metastasis
0	Primary, right lower calf	1	654	MRPS22	81	21	0.5	primary
1	Locoregional skin metastasis 1, right calf	1	654	MRPS22	82	50	0.5	metastasis
2	Locoregional skin metastasis 2, right mid-calf	1	654	MRPS22	120	36	0.5	metastasis
0	Primary, right lower calf	6	655	SLC13A4	47	16	0.5	primary
1	Locoregional skin metastasis 1, right calf	6	655	SLC13A4	23	21	0.5	metastasis
2	Locoregional skin metastasis 2, right mid-calf	6	655	SLC13A4	45	5	0.5	metastasis
0	Primary, right lower calf	6	656	SIRPB2	107	39	0.5	primary
1	Locoregional skin metastasis 1, right calf	6	656	SIRPB2	82	76	0.5	metastasis
2	Locoregional skin metastasis 2, right mid-calf	6	656	SIRPB2	134	59	0.5	metastasis
0	Primary, right lower calf	4	657	SLC6A19	175	17	0.5	primary
1	Locoregional skin metastasis 1, right calf	4	657	SLC6A19	82	63	0.5	metastasis
2	Locoregional skin metastasis 2, right mid-calf	4	657	SLC6A19	111	32	0.5	metastasis
0	Primary, right lower calf	2	658	SLC28A1	257	42	0.5	primary
1	Locoregional skin metastasis 1, right calf	2	658	SLC28A1	282	0	0.5	metastasis
2	Locoregional skin metastasis 2, right mid-calf	2	658	SLC28A1	299	0	0.5	metastasis
0	Primary, right lower calf	6	659	ODZ3	276	112	0.5	primary
1	Locoregional skin metastasis 1, right calf	6	659	ODZ3	209	138	0.5	metastasis
2	Locoregional skin metastasis 2, right mid-calf	6	659	ODZ3	292	98	0.5	metastasis
0	Primary, right lower calf	6	660	FAM71A	289	97	0.5	primary
1	Locoregional skin metastasis 1, right calf	6	660	FAM71A	201	134	0.5	metastasis
2	Locoregional skin metastasis 2, right mid-calf	6	660	FAM71A	296	101	0.5	metastasis
0	Primary, right lower calf	6	661	CYBRD1	149	67	0.5	primary
1	Locoregional skin metastasis 1, right calf	6	661	CYBRD1	149	97	0.5	metastasis
2	Locoregional skin metastasis 2, right mid-calf	6	661	CYBRD1	187	48	0.5	metastasis
0	Primary, right lower calf	6	662	ADAR	178	53	0.5	primary
1	Locoregional skin metastasis 1, right calf	6	662	ADAR	135	105	0.5	metastasis
2	Locoregional skin metastasis 2, right mid-calf	6	662	ADAR	190	48	0.5	metastasis
0	Primary, right lower calf	6	663	NXF1	223	90	0.5	primary
1	Locoregional skin metastasis 1, right calf	6	663	NXF1	116	94	0.5	metastasis
2	Locoregional skin metastasis 2, right mid-calf	6	663	NXF1	187	104	0.5	metastasis
0	Primary, right lower calf	6	664	PRODH2	70	31	0.5	primary
1	Locoregional skin metastasis 1, right calf	6	664	PRODH2	45	41	0.5	metastasis
2	Locoregional skin metastasis 2, right mid-calf	6	664	PRODH2	83	35	0.5	metastasis
0	Primary, right lower calf	6	665	ATP13A1	74	24	0.5	primary
1	Locoregional skin metastasis 1, right calf	6	665	ATP13A1	32	44	0.5	metastasis
2	Locoregional skin metastasis 2, right mid-calf	6	665	ATP13A1	75	17	0.5	metastasis
0	Primary, right lower calf	6	666	EMILIN2	230	78	0.5	primary
1	Locoregional skin metastasis 1, right calf	6	666	EMILIN2	160	126	0.5	metastasis
2	Locoregional skin metastasis 2, right mid-calf	6	666	EMILIN2	203	74	0.5	metastasis
0	Primary, right lower calf	6	667	NBAS	29	18	0.5	primary
1	Locoregional skin metastasis 1, right calf	6	667	NBAS	29	17	0.5	metastasis
2	Locoregional skin metastasis 2, right mid-calf	6	667	NBAS	46	12	0.5	metastasis
0	Primary, right lower calf	2	668	HIGD1C	29	4	0.5	primary
1	Locoregional skin metastasis 1, right calf	2	668	HIGD1C	35	0	0.5	metastasis
2	Locoregional skin metastasis 2, right mid-calf	2	668	HIGD1C	48	0	0.5	metastasis
0	Primary, right lower calf	4	669	GRM3	415	54	0.5	primary
1	Locoregional skin metastasis 1, right calf	4	669	GRM3	193	155	0.5	metastasis
2	Locoregional skin metastasis 2, right mid-calf	4	669	GRM3	313	119	0.5	metastasis
0	Primary, right lower calf	6	670	KRTAP27-1	200	86	0.5	primary
1	Locoregional skin metastasis 1, right calf	6	670	KRTAP27-1	209	110	0.5	metastasis
2	Locoregional skin metastasis 2, right mid-calf	6	670	KRTAP27-1	238	80	0.5	metastasis
0	Primary, right lower calf	1	671	RAB27B	115	30	0.5	primary
1	Locoregional skin metastasis 1, right calf	1	671	RAB27B	85	72	0.5	metastasis
2	Locoregional skin metastasis 2, right mid-calf	1	671	RAB27B	152	38	0.5	metastasis
0	Primary, right lower calf	1	672	INHBB	462	88	0.5	primary
1	Locoregional skin metastasis 1, right calf	1	672	INHBB	334	145	0.5	metastasis
2	Locoregional skin metastasis 2, right mid-calf	1	672	INHBB	516	110	0.5	metastasis
0	Primary, right lower calf	1	673	RPN2	444	126	0.5	primary
1	Locoregional skin metastasis 1, right calf	1	673	RPN2	308	174	0.5	metastasis
2	Locoregional skin metastasis 2, right mid-calf	1	673	RPN2	404	125	0.5	metastasis
0	Primary, right lower calf	4	674	FCRL6	279	25	0.5	primary
1	Locoregional skin metastasis 1, right calf	4	674	FCRL6	147	111	0.5	metastasis
2	Locoregional skin metastasis 2, right mid-calf	4	674	FCRL6	230	82	0.5	metastasis
0	Primary, right lower calf	6	675	NOTCH3	85	40	0.5	primary
1	Locoregional skin metastasis 1, right calf	6	675	NOTCH3	62	37	0.5	metastasis
2	Locoregional skin metastasis 2, right mid-calf	6	675	NOTCH3	84	32	0.5	metastasis
0	Primary, right lower calf	1	676	MDM2	76	13	0.5	primary
1	Locoregional skin metastasis 1, right calf	1	676	MDM2	69	26	0.5	metastasis
2	Locoregional skin metastasis 2, right mid-calf	1	676	MDM2	58	24	0.5	metastasis
0	Primary, right lower calf	2	677	PRSS45	94	14	0.5	primary
1	Locoregional skin metastasis 1, right calf	2	677	PRSS45	90	0	0.5	metastasis
2	Locoregional skin metastasis 2, right mid-calf	2	677	PRSS45	139	0	0.5	metastasis
0	Primary, right lower calf	6	678	CACNA1D	117	47	0.5	primary
1	Locoregional skin metastasis 1, right calf	6	678	CACNA1D	73	67	0.5	metastasis
2	Locoregional skin metastasis 2, right mid-calf	6	678	CACNA1D	165	62	0.5	metastasis
0	Primary, right lower calf	1	679	C3orf67	178	45	0.5	primary
1	Locoregional skin metastasis 1, right calf	1	679	C3orf67	180	116	0.5	metastasis
2	Locoregional skin metastasis 2, right mid-calf	1	679	C3orf67	238	76	0.5	metastasis
0	Primary, right lower calf	6	680	SIGLEC11	111	39	0.5	primary
1	Locoregional skin metastasis 1, right calf	6	680	SIGLEC11	83	64	0.5	metastasis
2	Locoregional skin metastasis 2, right mid-calf	6	680	SIGLEC11	114	33	0.5	metastasis
0	Primary, right lower calf	6	681	TTC7A	173	56	0.5	primary
1	Locoregional skin metastasis 1, right calf	6	681	TTC7A	122	89	0.5	metastasis
2	Locoregional skin metastasis 2, right mid-calf	6	681	TTC7A	186	56	0.5	metastasis
0	Primary, right lower calf	4	682	PLEKHG7	49	7	0.5	primary
1	Locoregional skin metastasis 1, right calf	4	682	PLEKHG7	41	25	0.5	metastasis
2	Locoregional skin metastasis 2, right mid-calf	4	682	PLEKHG7	54	26	0.5	metastasis
0	Primary, right lower calf	6	683	LSM4	138	68	0.5	primary
1	Locoregional skin metastasis 1, right calf	6	683	LSM4	127	80	0.5	metastasis
2	Locoregional skin metastasis 2, right mid-calf	6	683	LSM4	146	49	0.5	metastasis
0	Primary, right lower calf	6	684	NOTCH1	323	105	0.5	primary
1	Locoregional skin metastasis 1, right calf	6	684	NOTCH1	203	164	0.5	metastasis
2	Locoregional skin metastasis 2, right mid-calf	6	684	NOTCH1	332	125	0.5	metastasis
0	Primary, right lower calf	2	685	PAPPA2	180	22	0.5	primary
1	Locoregional skin metastasis 1, right calf	2	685	PAPPA2	165	0	0.5	metastasis
2	Locoregional skin metastasis 2, right mid-calf	2	685	PAPPA2	236	0	0.5	metastasis
0	Primary, right lower calf	6	686	WEE2	37	12	0.5	primary
1	Locoregional skin metastasis 1, right calf	6	686	WEE2	28	25	0.5	metastasis
2	Locoregional skin metastasis 2, right mid-calf	6	686	WEE2	39	11	0.5	metastasis
0	Primary, right lower calf	6	687	MOGAT3	140	55	0.5	primary
1	Locoregional skin metastasis 1, right calf	6	687	MOGAT3	105	72	0.5	metastasis
2	Locoregional skin metastasis 2, right mid-calf	6	687	MOGAT3	113	56	0.5	metastasis
0	Primary, right lower calf	4	688	SENP7	76	5	0.5	primary
1	Locoregional skin metastasis 1, right calf	4	688	SENP7	37	31	0.5	metastasis
2	Locoregional skin metastasis 2, right mid-calf	4	688	SENP7	82	33	0.5	metastasis
0	Primary, right lower calf	1	689	PCLO	53	13	0.5	primary
1	Locoregional skin metastasis 1, right calf	1	689	PCLO	48	32	0.5	metastasis
2	Locoregional skin metastasis 2, right mid-calf	1	689	PCLO	51	14	0.5	metastasis
0	Primary, right lower calf	6	690	RRH	298	96	0.5	primary
1	Locoregional skin metastasis 1, right calf	6	690	RRH	194	137	0.5	metastasis
2	Locoregional skin metastasis 2, right mid-calf	6	690	RRH	351	98	0.5	metastasis
0	Primary, right lower calf	1	691	CACNA1C	143	36	0.5	primary
1	Locoregional skin metastasis 1, right calf	1	691	CACNA1C	93	71	0.5	metastasis
2	Locoregional skin metastasis 2, right mid-calf	1	691	CACNA1C	156	43	0.5	metastasis
0	Primary, right lower calf	6	692	LYST	150	49	0.5	primary
1	Locoregional skin metastasis 1, right calf	6	692	LYST	87	80	0.5	metastasis
2	Locoregional skin metastasis 2, right mid-calf	6	692	LYST	163	55	0.5	metastasis
0	Primary, right lower calf	6	693	NAV1	28	9	0.5	primary
1	Locoregional skin metastasis 1, right calf	6	693	NAV1	14	18	0.5	metastasis
2	Locoregional skin metastasis 2, right mid-calf	6	693	NAV1	29	9	0.5	metastasis
0	Primary, right lower calf	4	694	FSTL5	94	15	0.5	primary
1	Locoregional skin metastasis 1, right calf	4	694	FSTL5	69	51	0.5	metastasis
2	Locoregional skin metastasis 2, right mid-calf	4	694	FSTL5	95	22	0.5	metastasis
0	Primary, right lower calf	2	695	PALMD	303	53	0.5	primary
1	Locoregional skin metastasis 1, right calf	2	695	PALMD	357	0	0.5	metastasis
2	Locoregional skin metastasis 2, right mid-calf	2	695	PALMD	398	0	0.5	metastasis
0	Primary, right lower calf	6	696	DMPK	329	157	0.5	primary
1	Locoregional skin metastasis 1, right calf	6	696	DMPK	247	144	0.5	metastasis
2	Locoregional skin metastasis 2, right mid-calf	6	696	DMPK	332	94	0.5	metastasis
0	Primary, right lower calf	6	697	SLCO1B7	118	35	0.5	primary
1	Locoregional skin metastasis 1, right calf	6	697	SLCO1B7	83	54	0.5	metastasis
2	Locoregional skin metastasis 2, right mid-calf	6	697	SLCO1B7	139	45	0.5	metastasis
0	Primary, right lower calf	6	698	UBE3C	112	43	0.5	primary
1	Locoregional skin metastasis 1, right calf	6	698	UBE3C	85	60	0.5	metastasis
2	Locoregional skin metastasis 2, right mid-calf	6	698	UBE3C	114	38	0.5	metastasis
0	Primary, right lower calf	6	699	DYRK1A	766	271	0.5	primary
1	Locoregional skin metastasis 1, right calf	6	699	DYRK1A	535	313	0.5	metastasis
2	Locoregional skin metastasis 2, right mid-calf	6	699	DYRK1A	800	245	0.5	metastasis
0	Primary, right lower calf	6	700	SLC9A2	867	328	0.5	primary
1	Locoregional skin metastasis 1, right calf	6	700	SLC9A2	653	481	0.5	metastasis
2	Locoregional skin metastasis 2, right mid-calf	6	700	SLC9A2	965	324	0.5	metastasis
0	Primary, right lower calf	6	701	RAPGEF6	263	80	0.5	primary
1	Locoregional skin metastasis 1, right calf	6	701	RAPGEF6	166	132	0.5	metastasis
2	Locoregional skin metastasis 2, right mid-calf	6	701	RAPGEF6	298	83	0.5	metastasis
0	Primary, right lower calf	6	702	IL4I1	222	82	0.5	primary
1	Locoregional skin metastasis 1, right calf	6	702	IL4I1	171	141	0.5	metastasis
2	Locoregional skin metastasis 2, right mid-calf	6	702	IL4I1	211	64	0.5	metastasis
0	Primary, right lower calf	0	703	DSCAM	94	12	0.5	primary
1	Locoregional skin metastasis 1, right calf	0	703	DSCAM	60	34	0.5	metastasis
2	Locoregional skin metastasis 2, right mid-calf	0	703	DSCAM	97	6	0.5	metastasis
0	Primary, right lower calf	6	704	MLL4	282	114	0.5	primary
1	Locoregional skin metastasis 1, right calf	6	704	MLL4	186	126	0.5	metastasis
2	Locoregional skin metastasis 2, right mid-calf	6	704	MLL4	259	78	0.5	metastasis
0	Primary, right lower calf	6	705	IRF2BP1	44	24	0.5	primary
1	Locoregional skin metastasis 1, right calf	6	705	IRF2BP1	36	28	0.5	metastasis
2	Locoregional skin metastasis 2, right mid-calf	6	705	IRF2BP1	65	17	0.5	metastasis
0	Primary, right lower calf	6	706	GRID2IP	127	51	0.5	primary
1	Locoregional skin metastasis 1, right calf	6	706	GRID2IP	104	69	0.5	metastasis
2	Locoregional skin metastasis 2, right mid-calf	6	706	GRID2IP	109	36	0.5	metastasis
0	Primary, right lower calf	2	707	CAPN13	349	5	0.5	primary
1	Locoregional skin metastasis 1, right calf	2	707	CAPN13	422	0	0.5	metastasis
2	Locoregional skin metastasis 2, right mid-calf	2	707	CAPN13	334	86	0.5	metastasis
0	Primary, right lower calf	6	708	COL4A3	98	39	0.5	primary
1	Locoregional skin metastasis 1, right calf	6	708	COL4A3	81	65	0.5	metastasis
2	Locoregional skin metastasis 2, right mid-calf	6	708	COL4A3	116	46	0.5	metastasis
0	Primary, right lower calf	1	709	SULT1C2	134	31	0.5	primary
1	Locoregional skin metastasis 1, right calf	1	709	SULT1C2	98	75	0.5	metastasis
2	Locoregional skin metastasis 2, right mid-calf	1	709	SULT1C2	136	49	0.5	metastasis
0	Primary, right lower calf	6	710	MTNR1A	84	35	0.5	primary
1	Locoregional skin metastasis 1, right calf	6	710	MTNR1A	78	44	0.5	metastasis
2	Locoregional skin metastasis 2, right mid-calf	6	710	MTNR1A	113	34	0.5	metastasis
0	Primary, right lower calf	6	711	NBEA	302	105	0.5	primary
1	Locoregional skin metastasis 1, right calf	6	711	NBEA	213	130	0.5	metastasis
2	Locoregional skin metastasis 2, right mid-calf	6	711	NBEA	322	138	0.5	metastasis
0	Primary, right lower calf	6	712	MUC16	244	88	0.5	primary
1	Locoregional skin metastasis 1, right calf	6	712	MUC16	186	146	0.5	metastasis
2	Locoregional skin metastasis 2, right mid-calf	6	712	MUC16	273	82	0.5	metastasis
0	Primary, right lower calf	6	713	FARSA	263	96	0.5	primary
1	Locoregional skin metastasis 1, right calf	6	713	FARSA	177	108	0.5	metastasis
2	Locoregional skin metastasis 2, right mid-calf	6	713	FARSA	228	85	0.5	metastasis
0	Primary, right lower calf	6	714	ITPKC	26	10	0.5	primary
1	Locoregional skin metastasis 1, right calf	6	714	ITPKC	33	21	0.5	metastasis
2	Locoregional skin metastasis 2, right mid-calf	6	714	ITPKC	29	15	0.5	metastasis
0	Primary, right lower calf	1	715	C1orf173	1288	347	0.5	primary
1	Locoregional skin metastasis 1, right calf	1	715	C1orf173	835	570	0.5	metastasis
2	Locoregional skin metastasis 2, right mid-calf	1	715	C1orf173	1421	389	0.5	metastasis
0	Primary, right lower calf	4	716	BTD	217	39	0.5	primary
1	Locoregional skin metastasis 1, right calf	4	716	BTD	183	133	0.5	metastasis
2	Locoregional skin metastasis 2, right mid-calf	4	716	BTD	240	110	0.5	metastasis
0	Primary, right lower calf	2	717	THSD7B	44	1	0.5	primary
1	Locoregional skin metastasis 1, right calf	2	717	THSD7B	71	0	0.5	metastasis
2	Locoregional skin metastasis 2, right mid-calf	2	717	THSD7B	49	14	0.5	metastasis
0	Primary, right lower calf	1	718	SGIP1	302	85	0.5	primary
1	Locoregional skin metastasis 1, right calf	1	718	SGIP1	217	138	0.5	metastasis
2	Locoregional skin metastasis 2, right mid-calf	1	718	SGIP1	320	117	0.5	metastasis
0	Primary, right lower calf	1	719	PLEKHM2	135	30	0.5	primary
1	Locoregional skin metastasis 1, right calf	1	719	PLEKHM2	98	76	0.5	metastasis
2	Locoregional skin metastasis 2, right mid-calf	1	719	PLEKHM2	124	34	0.5	metastasis
0	Primary, right lower calf	1	720	TMTC2	179	49	0.5	primary
1	Locoregional skin metastasis 1, right calf	1	720	TMTC2	118	81	0.5	metastasis
2	Locoregional skin metastasis 2, right mid-calf	1	720	TMTC2	175	60	0.5	metastasis
0	Primary, right lower calf	6	721	OR52R1	134	70	0.5	primary
1	Locoregional skin metastasis 1, right calf	6	721	OR52R1	127	80	0.5	metastasis
2	Locoregional skin metastasis 2, right mid-calf	6	721	OR52R1	187	42	0.5	metastasis
0	Primary, right lower calf	6	722	CPA2	70	24	0.5	primary
1	Locoregional skin metastasis 1, right calf	6	722	CPA2	58	39	0.5	metastasis
2	Locoregional skin metastasis 2, right mid-calf	6	722	CPA2	80	30	0.5	metastasis
0	Primary, right lower calf	6	723	MYH7B	131	41	0.5	primary
1	Locoregional skin metastasis 1, right calf	6	723	MYH7B	113	88	0.5	metastasis
2	Locoregional skin metastasis 2, right mid-calf	6	723	MYH7B	163	28	0.5	metastasis
0	Primary, right lower calf	6	724	BFSP1	321	110	0.5	primary
1	Locoregional skin metastasis 1, right calf	6	724	BFSP1	181	152	0.5	metastasis
2	Locoregional skin metastasis 2, right mid-calf	6	724	BFSP1	327	108	0.5	metastasis
0	Primary, right lower calf	6	725	CEACAM20	155	56	0.5	primary
1	Locoregional skin metastasis 1, right calf	6	725	CEACAM20	132	97	0.5	metastasis
2	Locoregional skin metastasis 2, right mid-calf	6	725	CEACAM20	145	41	0.5	metastasis
0	Primary, right lower calf	6	726	POLR3B	102	57	0.5	primary
1	Locoregional skin metastasis 1, right calf	6	726	POLR3B	99	51	0.5	metastasis
2	Locoregional skin metastasis 2, right mid-calf	6	726	POLR3B	147	41	0.5	metastasis
0	Primary, right lower calf	1	727	LAMC1	90	20	0.5	primary
1	Locoregional skin metastasis 1, right calf	1	727	LAMC1	64	51	0.5	metastasis
2	Locoregional skin metastasis 2, right mid-calf	1	727	LAMC1	88	27	0.5	metastasis
0	Primary, right lower calf	4	728	DCHS2	174	21	0.5	primary
1	Locoregional skin metastasis 1, right calf	4	728	DCHS2	80	78	0.5	metastasis
2	Locoregional skin metastasis 2, right mid-calf	4	728	DCHS2	151	60	0.5	metastasis
0	Primary, right lower calf	6	729	HSPH1	87	32	0.5	primary
1	Locoregional skin metastasis 1, right calf	6	729	HSPH1	51	33	0.5	metastasis
2	Locoregional skin metastasis 2, right mid-calf	6	729	HSPH1	92	11	0.5	metastasis
0	Primary, right lower calf	4	730	GPR55	182	29	0.5	primary
1	Locoregional skin metastasis 1, right calf	4	730	GPR55	133	77	0.5	metastasis
2	Locoregional skin metastasis 2, right mid-calf	4	730	GPR55	173	69	0.5	metastasis
0	Primary, right lower calf	6	731	ARNT	77	44	0.5	primary
1	Locoregional skin metastasis 1, right calf	6	731	ARNT	66	45	0.5	metastasis
2	Locoregional skin metastasis 2, right mid-calf	6	731	ARNT	86	24	0.5	metastasis
0	Primary, right lower calf	4	732	FAM193A	52	4	0.5	primary
1	Locoregional skin metastasis 1, right calf	4	732	FAM193A	45	37	0.5	metastasis
2	Locoregional skin metastasis 2, right mid-calf	4	732	FAM193A	59	12	0.5	metastasis
0	Primary, right lower calf	6	733	MPHOSPH9	91	34	0.5	primary
1	Locoregional skin metastasis 1, right calf	6	733	MPHOSPH9	76	46	0.5	metastasis
2	Locoregional skin metastasis 2, right mid-calf	6	733	MPHOSPH9	87	27	0.5	metastasis
0	Primary, right lower calf	1	734	ARHGAP25	310	73	0.5	primary
1	Locoregional skin metastasis 1, right calf	1	734	ARHGAP25	206	165	0.5	metastasis
2	Locoregional skin metastasis 2, right mid-calf	1	734	ARHGAP25	325	99	0.5	metastasis
0	Primary, right lower calf	6	735	DUSP27	195	57	0.5	primary
1	Locoregional skin metastasis 1, right calf	6	735	DUSP27	149	97	0.5	metastasis
2	Locoregional skin metastasis 2, right mid-calf	6	735	DUSP27	200	76	0.5	metastasis
0	Primary, right lower calf	4	736	ZNF407	252	37	0.5	primary
1	Locoregional skin metastasis 1, right calf	4	736	ZNF407	176	102	0.5	metastasis
2	Locoregional skin metastasis 2, right mid-calf	4	736	ZNF407	262	101	0.5	metastasis
0	Primary, right lower calf	6	737	UNC13C	186	60	0.5	primary
1	Locoregional skin metastasis 1, right calf	6	737	UNC13C	154	95	0.5	metastasis
2	Locoregional skin metastasis 2, right mid-calf	6	737	UNC13C	158	70	0.5	metastasis
0	Primary, right lower calf	6	738	TTN	299	135	0.5	primary
1	Locoregional skin metastasis 1, right calf	6	738	TTN	249	178	0.5	metastasis
2	Locoregional skin metastasis 2, right mid-calf	6	738	TTN	446	157	0.5	metastasis
0	Primary, right lower calf	1	739	PBX3	110	29	0.5	primary
1	Locoregional skin metastasis 1, right calf	1	739	PBX3	81	40	0.5	metastasis
2	Locoregional skin metastasis 2, right mid-calf	1	739	PBX3	104	33	0.5	metastasis
0	Primary, right lower calf	6	740	LPPR4	82	38	0.5	primary
1	Locoregional skin metastasis 1, right calf	6	740	LPPR4	68	59	0.5	metastasis
2	Locoregional skin metastasis 2, right mid-calf	6	740	LPPR4	126	32	0.5	metastasis
0	Primary, right lower calf	6	741	PODXL2	268	82	0.5	primary
1	Locoregional skin metastasis 1, right calf	6	741	PODXL2	229	147	0.5	metastasis
2	Locoregional skin metastasis 2, right mid-calf	6	741	PODXL2	293	123	0.5	metastasis
0	Primary, right lower calf	6	742	CES4A	181	65	0.5	primary
1	Locoregional skin metastasis 1, right calf	6	742	CES4A	147	83	0.5	metastasis
2	Locoregional skin metastasis 2, right mid-calf	6	742	CES4A	165	58	0.5	metastasis
0	Primary, right lower calf	1	743	KDM5A	303	65	0.5	primary
1	Locoregional skin metastasis 1, right calf	1	743	KDM5A	221	154	0.5	metastasis
2	Locoregional skin metastasis 2, right mid-calf	1	743	KDM5A	318	92	0.5	metastasis
0	Primary, right lower calf	6	744	PIK3C2G	144	51	0.5	primary
1	Locoregional skin metastasis 1, right calf	6	744	PIK3C2G	94	92	0.5	metastasis
2	Locoregional skin metastasis 2, right mid-calf	6	744	PIK3C2G	226	52	0.5	metastasis
0	Primary, right lower calf	6	745	ZBTB6	508	195	0.5	primary
1	Locoregional skin metastasis 1, right calf	6	745	ZBTB6	378	193	0.5	metastasis
2	Locoregional skin metastasis 2, right mid-calf	6	745	ZBTB6	538	197	0.5	metastasis
0	Primary, right lower calf	6	746	KIF1A	81	36	0.5	primary
1	Locoregional skin metastasis 1, right calf	6	746	KIF1A	60	59	0.5	metastasis
2	Locoregional skin metastasis 2, right mid-calf	6	746	KIF1A	81	29	0.5	metastasis
0	Primary, right lower calf	4	747	ANKRD27	151	26	0.5	primary
1	Locoregional skin metastasis 1, right calf	4	747	ANKRD27	72	46	0.5	metastasis
2	Locoregional skin metastasis 2, right mid-calf	4	747	ANKRD27	135	47	0.5	metastasis
0	Primary, right lower calf	1	748	TAF4	39	8	0.5	primary
1	Locoregional skin metastasis 1, right calf	1	748	TAF4	21	16	0.5	metastasis
2	Locoregional skin metastasis 2, right mid-calf	1	748	TAF4	35	9	0.5	metastasis
0	Primary, right lower calf	6	749	TXNDC2	625	203	0.5	primary
1	Locoregional skin metastasis 1, right calf	6	749	TXNDC2	483	268	0.5	metastasis
2	Locoregional skin metastasis 2, right mid-calf	6	749	TXNDC2	703	207	0.5	metastasis
0	Primary, right lower calf	4	750	ZNF668	219	36	0.5	primary
1	Locoregional skin metastasis 1, right calf	4	750	ZNF668	125	81	0.5	metastasis
2	Locoregional skin metastasis 2, right mid-calf	4	750	ZNF668	178	56	0.5	metastasis
0	Primary, right lower calf	4	751	DNAH6	55	4	0.5	primary
1	Locoregional skin metastasis 1, right calf	4	751	DNAH6	27	39	0.5	metastasis
2	Locoregional skin metastasis 2, right mid-calf	4	751	DNAH6	63	24	0.5	metastasis
0	Primary, right lower calf	6	752	COQ7	51	16	0.5	primary
1	Locoregional skin metastasis 1, right calf	6	752	COQ7	45	29	0.5	metastasis
2	Locoregional skin metastasis 2, right mid-calf	6	752	COQ7	61	22	0.5	metastasis
0	Primary, right lower calf	6	753	DIRAS2	360	149	0.5	primary
1	Locoregional skin metastasis 1, right calf	6	753	DIRAS2	260	204	0.5	metastasis
2	Locoregional skin metastasis 2, right mid-calf	6	753	DIRAS2	416	140	0.5	metastasis
0	Primary, right lower calf	6	754	FHAD1	59	33	0.5	primary
1	Locoregional skin metastasis 1, right calf	6	754	FHAD1	50	48	0.5	metastasis
2	Locoregional skin metastasis 2, right mid-calf	6	754	FHAD1	82	29	0.5	metastasis
0	Primary, right lower calf	6	755	ICAM4	218	64	0.5	primary
1	Locoregional skin metastasis 1, right calf	6	755	ICAM4	161	135	0.5	metastasis
2	Locoregional skin metastasis 2, right mid-calf	6	755	ICAM4	213	69	0.5	metastasis
0	Primary, right lower calf	6	756	NLRP5	41	25	0.5	primary
1	Locoregional skin metastasis 1, right calf	6	756	NLRP5	54	29	0.5	metastasis
2	Locoregional skin metastasis 2, right mid-calf	6	756	NLRP5	71	14	0.5	metastasis
0	Primary, right lower calf	6	757	TUBA3C	146	56	0.5	primary
1	Locoregional skin metastasis 1, right calf	6	757	TUBA3C	96	77	0.5	metastasis
2	Locoregional skin metastasis 2, right mid-calf	6	757	TUBA3C	151	54	0.5	metastasis
0	Primary, right lower calf	0	758	TMC4	54	7	0.5	primary
1	Locoregional skin metastasis 1, right calf	0	758	TMC4	43	27	0.5	metastasis
2	Locoregional skin metastasis 2, right mid-calf	0	758	TMC4	71	3	0.5	metastasis
0	Primary, right lower calf	1	759	PARP14	129	33	0.5	primary
1	Locoregional skin metastasis 1, right calf	1	759	PARP14	86	58	0.5	metastasis
2	Locoregional skin metastasis 2, right mid-calf	1	759	PARP14	131	45	0.5	metastasis
0	Primary, right lower calf	1	760	HMGA2	128	23	0.5	primary
1	Locoregional skin metastasis 1, right calf	1	760	HMGA2	94	55	0.5	metastasis
2	Locoregional skin metastasis 2, right mid-calf	1	760	HMGA2	126	39	0.5	metastasis
0	Primary, right lower calf	1	761	OLFML3	642	159	0.5	primary
1	Locoregional skin metastasis 1, right calf	1	761	OLFML3	449	252	0.5	metastasis
2	Locoregional skin metastasis 2, right mid-calf	1	761	OLFML3	631	172	0.5	metastasis
0	Primary, right lower calf	6	762	RGS7BP	364	112	0.5	primary
1	Locoregional skin metastasis 1, right calf	6	762	RGS7BP	224	151	0.5	metastasis
2	Locoregional skin metastasis 2, right mid-calf	6	762	RGS7BP	368	116	0.5	metastasis
0	Primary, right lower calf	6	763	C12orf63	138	57	0.5	primary
1	Locoregional skin metastasis 1, right calf	6	763	C12orf63	109	99	0.5	metastasis
2	Locoregional skin metastasis 2, right mid-calf	6	763	C12orf63	150	51	0.5	metastasis
0	Primary, right lower calf	1	764	MRPS17	146	36	0.5	primary
1	Locoregional skin metastasis 1, right calf	1	764	MRPS17	104	74	0.5	metastasis
2	Locoregional skin metastasis 2, right mid-calf	1	764	MRPS17	146	35	0.5	metastasis
0	Primary, right lower calf	4	765	COL8A1	155	16	0.5	primary
1	Locoregional skin metastasis 1, right calf	4	765	COL8A1	109	89	0.5	metastasis
2	Locoregional skin metastasis 2, right mid-calf	4	765	COL8A1	155	62	0.5	metastasis
0	Primary, right lower calf	4	766	GPR156	238	32	0.5	primary
1	Locoregional skin metastasis 1, right calf	4	766	GPR156	184	125	0.5	metastasis
2	Locoregional skin metastasis 2, right mid-calf	4	766	GPR156	204	72	0.5	metastasis
0	Primary, right lower calf	4	767	GTF3C4	206	20	0.5	primary
1	Locoregional skin metastasis 1, right calf	4	767	GTF3C4	152	95	0.5	metastasis
2	Locoregional skin metastasis 2, right mid-calf	4	767	GTF3C4	217	37	0.5	metastasis
0	Primary, right lower calf	6	768	TCP11L2	161	55	0.5	primary
1	Locoregional skin metastasis 1, right calf	6	768	TCP11L2	108	95	0.5	metastasis
2	Locoregional skin metastasis 2, right mid-calf	6	768	TCP11L2	231	54	0.5	metastasis
0	Primary, right lower calf	6	769	NTM	116	45	0.5	primary
1	Locoregional skin metastasis 1, right calf	6	769	NTM	79	44	0.5	metastasis
2	Locoregional skin metastasis 2, right mid-calf	6	769	NTM	112	37	0.5	metastasis
0	Primary, right lower calf	6	770	CASC5	129	44	0.5	primary
1	Locoregional skin metastasis 1, right calf	6	770	CASC5	108	56	0.5	metastasis
2	Locoregional skin metastasis 2, right mid-calf	6	770	CASC5	137	38	0.5	metastasis
0	Primary, right lower calf	1	771	PCLO	321	83	0.5	primary
1	Locoregional skin metastasis 1, right calf	1	771	PCLO	225	169	0.5	metastasis
2	Locoregional skin metastasis 2, right mid-calf	1	771	PCLO	391	126	0.5	metastasis
0	Primary, right lower calf	2	772	DNAH5	170	37	0.5	primary
1	Locoregional skin metastasis 1, right calf	2	772	DNAH5	191	0	0.5	metastasis
2	Locoregional skin metastasis 2, right mid-calf	2	772	DNAH5	238	0	0.5	metastasis
0	Primary, right lower calf	6	773	RGS7	200	68	0.5	primary
1	Locoregional skin metastasis 1, right calf	6	773	RGS7	156	93	0.5	metastasis
2	Locoregional skin metastasis 2, right mid-calf	6	773	RGS7	257	52	0.5	metastasis
0	Primary, right lower calf	6	774	PTPRB	278	102	0.5	primary
1	Locoregional skin metastasis 1, right calf	6	774	PTPRB	224	176	0.5	metastasis
2	Locoregional skin metastasis 2, right mid-calf	6	774	PTPRB	375	93	0.5	metastasis
0	Primary, right lower calf	6	775	LRCH4	183	57	0.5	primary
1	Locoregional skin metastasis 1, right calf	6	775	LRCH4	126	101	0.5	metastasis
2	Locoregional skin metastasis 2, right mid-calf	6	775	LRCH4	161	71	0.5	metastasis
0	Primary, right lower calf	6	776	ZNF804B	244	96	0.5	primary
1	Locoregional skin metastasis 1, right calf	6	776	ZNF804B	216	142	0.5	metastasis
2	Locoregional skin metastasis 2, right mid-calf	6	776	ZNF804B	333	92	0.5	metastasis
0	Primary, right lower calf	6	777	OR5W2	464	188	0.5	primary
1	Locoregional skin metastasis 1, right calf	6	777	OR5W2	377	235	0.5	metastasis
2	Locoregional skin metastasis 2, right mid-calf	6	777	OR5W2	545	174	0.5	metastasis
0	Primary, right lower calf	1	778	KIF21B	315	83	0.5	primary
1	Locoregional skin metastasis 1, right calf	1	778	KIF21B	245	128	0.5	metastasis
2	Locoregional skin metastasis 2, right mid-calf	1	778	KIF21B	305	99	0.5	metastasis
0	Primary, right lower calf	6	779	PCDH8	121	50	0.5	primary
1	Locoregional skin metastasis 1, right calf	6	779	PCDH8	79	59	0.5	metastasis
2	Locoregional skin metastasis 2, right mid-calf	6	779	PCDH8	149	36	0.5	metastasis
0	Primary, right lower calf	6	780	FAM160A2	458	205	0.5	primary
1	Locoregional skin metastasis 1, right calf	6	780	FAM160A2	279	196	0.5	metastasis
2	Locoregional skin metastasis 2, right mid-calf	6	780	FAM160A2	473	195	0.5	metastasis
0	Primary, right lower calf	6	781	GRIP1	48	11	0.5	primary
1	Locoregional skin metastasis 1, right calf	6	781	GRIP1	34	29	0.5	metastasis
2	Locoregional skin metastasis 2, right mid-calf	6	781	GRIP1	51	28	0.5	metastasis
0	Primary, right lower calf	6	782	COL4A1	137	56	0.5	primary
1	Locoregional skin metastasis 1, right calf	6	782	COL4A1	85	73	0.5	metastasis
2	Locoregional skin metastasis 2, right mid-calf	6	782	COL4A1	136	53	0.5	metastasis
0	Primary, right lower calf	6	783	MUC17	107	36	0.5	primary
1	Locoregional skin metastasis 1, right calf	6	783	MUC17	72	39	0.5	metastasis
2	Locoregional skin metastasis 2, right mid-calf	6	783	MUC17	85	20	0.5	metastasis
0	Primary, right lower calf	2	784	UBR1	222	2	0.5	primary
1	Locoregional skin metastasis 1, right calf	2	784	UBR1	220	0	0.5	metastasis
2	Locoregional skin metastasis 2, right mid-calf	2	784	UBR1	171	43	0.5	metastasis
0	Primary, right lower calf	6	785	VAT1L	84	49	0.5	primary
1	Locoregional skin metastasis 1, right calf	6	785	VAT1L	83	56	0.5	metastasis
2	Locoregional skin metastasis 2, right mid-calf	6	785	VAT1L	112	31	0.5	metastasis
0	Primary, right lower calf	1	786	VPRBP	200	53	0.5	primary
1	Locoregional skin metastasis 1, right calf	1	786	VPRBP	183	119	0.5	metastasis
2	Locoregional skin metastasis 2, right mid-calf	1	786	VPRBP	210	92	0.5	metastasis
0	Primary, right lower calf	1	787	EMILIN3	217	59	0.5	primary
1	Locoregional skin metastasis 1, right calf	1	787	EMILIN3	147	111	0.5	metastasis
2	Locoregional skin metastasis 2, right mid-calf	1	787	EMILIN3	214	66	0.5	metastasis
0	Primary, right lower calf	1	788	ABCA4	218	40	0.5	primary
1	Locoregional skin metastasis 1, right calf	1	788	ABCA4	187	94	0.5	metastasis
2	Locoregional skin metastasis 2, right mid-calf	1	788	ABCA4	238	49	0.5	metastasis
0	Primary, right lower calf	6	789	ABCA12	66	27	0.5	primary
1	Locoregional skin metastasis 1, right calf	6	789	ABCA12	48	42	0.5	metastasis
2	Locoregional skin metastasis 2, right mid-calf	6	789	ABCA12	93	45	0.5	metastasis
0	Primary, right lower calf	6	790	CPNE4	199	67	0.5	primary
1	Locoregional skin metastasis 1, right calf	6	790	CPNE4	136	108	0.5	metastasis
2	Locoregional skin metastasis 2, right mid-calf	6	790	CPNE4	239	58	0.5	metastasis
0	Primary, right lower calf	6	791	PAPPA2	126	38	0.5	primary
1	Locoregional skin metastasis 1, right calf	6	791	PAPPA2	98	74	0.5	metastasis
2	Locoregional skin metastasis 2, right mid-calf	6	791	PAPPA2	154	33	0.5	metastasis
0	Primary, right lower calf	6	792	SWT1	201	70	0.5	primary
1	Locoregional skin metastasis 1, right calf	6	792	SWT1	163	99	0.5	metastasis
2	Locoregional skin metastasis 2, right mid-calf	6	792	SWT1	243	66	0.5	metastasis
0	Primary, right lower calf	6	793	ZBTB46	30	12	0.5	primary
1	Locoregional skin metastasis 1, right calf	6	793	ZBTB46	27	12	0.5	metastasis
2	Locoregional skin metastasis 2, right mid-calf	6	793	ZBTB46	31	3	0.5	metastasis
0	Primary, right lower calf	1	794	RPA3	31	6	0.5	primary
1	Locoregional skin metastasis 1, right calf	1	794	RPA3	22	9	0.5	metastasis
2	Locoregional skin metastasis 2, right mid-calf	1	794	RPA3	37	13	0.5	metastasis
0	Primary, right lower calf	6	795	CACNG3	574	181	0.5	primary
1	Locoregional skin metastasis 1, right calf	6	795	CACNG3	364	262	0.5	metastasis
2	Locoregional skin metastasis 2, right mid-calf	6	795	CACNG3	610	158	0.5	metastasis
0	Primary, right lower calf	4	796	SEC16B	119	20	0.5	primary
1	Locoregional skin metastasis 1, right calf	4	796	SEC16B	75	63	0.5	metastasis
2	Locoregional skin metastasis 2, right mid-calf	4	796	SEC16B	94	32	0.5	metastasis
0	Primary, right lower calf	6	797	NPR1	265	79	0.5	primary
1	Locoregional skin metastasis 1, right calf	6	797	NPR1	182	119	0.5	metastasis
2	Locoregional skin metastasis 2, right mid-calf	6	797	NPR1	215	76	0.5	metastasis
0	Primary, right lower calf	6	798	ZNF304	141	65	0.5	primary
1	Locoregional skin metastasis 1, right calf	6	798	ZNF304	98	67	0.5	metastasis
2	Locoregional skin metastasis 2, right mid-calf	6	798	ZNF304	173	41	0.5	metastasis
0	Primary, right lower calf	6	799	LDLR	72	28	0.5	primary
1	Locoregional skin metastasis 1, right calf	6	799	LDLR	49	40	0.5	metastasis
2	Locoregional skin metastasis 2, right mid-calf	6	799	LDLR	66	19	0.5	metastasis
0	Primary, right lower calf	6	800	INHBA	194	63	0.5	primary
1	Locoregional skin metastasis 1, right calf	6	800	INHBA	168	117	0.5	metastasis
2	Locoregional skin metastasis 2, right mid-calf	6	800	INHBA	235	83	0.5	metastasis
0	Primary, right lower calf	6	801	EPG5	105	39	0.5	primary
1	Locoregional skin metastasis 1, right calf	6	801	EPG5	82	44	0.5	metastasis
2	Locoregional skin metastasis 2, right mid-calf	6	801	EPG5	105	30	0.5	metastasis
0	Primary, right lower calf	6	802	EMR4P	243	102	0.5	primary
1	Locoregional skin metastasis 1, right calf	6	802	EMR4P	196	158	0.5	metastasis
2	Locoregional skin metastasis 2, right mid-calf	6	802	EMR4P	267	72	0.5	metastasis
0	Primary, right lower calf	6	803	DLG2	253	97	0.5	primary
1	Locoregional skin metastasis 1, right calf	6	803	DLG2	209	171	0.5	metastasis
2	Locoregional skin metastasis 2, right mid-calf	6	803	DLG2	297	109	0.5	metastasis
0	Primary, right lower calf	6	804	WNK2	35	15	0.5	primary
1	Locoregional skin metastasis 1, right calf	6	804	WNK2	26	22	0.5	metastasis
2	Locoregional skin metastasis 2, right mid-calf	6	804	WNK2	44	10	0.5	metastasis
0	Primary, right lower calf	1	805	GREB1	109	23	0.5	primary
1	Locoregional skin metastasis 1, right calf	1	805	GREB1	84	54	0.5	metastasis
2	Locoregional skin metastasis 2, right mid-calf	1	805	GREB1	119	49	0.5	metastasis
0	Primary, right lower calf	6	806	VCAN	389	139	0.5	primary
1	Locoregional skin metastasis 1, right calf	6	806	VCAN	303	227	0.5	metastasis
2	Locoregional skin metastasis 2, right mid-calf	6	806	VCAN	438	165	0.5	metastasis
0	Primary, right lower calf	6	807	DLEC1	258	95	0.5	primary
1	Locoregional skin metastasis 1, right calf	6	807	DLEC1	222	148	0.5	metastasis
2	Locoregional skin metastasis 2, right mid-calf	6	807	DLEC1	376	111	0.5	metastasis
0	Primary, right lower calf	6	808	ATP13A5	373	122	0.5	primary
1	Locoregional skin metastasis 1, right calf	6	808	ATP13A5	359	180	0.5	metastasis
2	Locoregional skin metastasis 2, right mid-calf	6	808	ATP13A5	499	157	0.5	metastasis
0	Primary, right lower calf	2	809	CCDC18	35	0	0.5	primary
1	Locoregional skin metastasis 1, right calf	2	809	CCDC18	41	0	0.5	metastasis
2	Locoregional skin metastasis 2, right mid-calf	2	809	CCDC18	28	4	0.5	metastasis
0	Primary, right lower calf	1	810	CEACAM6	81	17	0.5	primary
1	Locoregional skin metastasis 1, right calf	1	810	CEACAM6	43	38	0.5	metastasis
2	Locoregional skin metastasis 2, right mid-calf	1	810	CEACAM6	81	26	0.5	metastasis
0	Primary, right lower calf	6	811	SLC1A3	193	69	0.5	primary
1	Locoregional skin metastasis 1, right calf	6	811	SLC1A3	118	88	0.5	metastasis
2	Locoregional skin metastasis 2, right mid-calf	6	811	SLC1A3	185	67	0.5	metastasis
0	Primary, right lower calf	6	812	LSM14B	47	26	0.5	primary
1	Locoregional skin metastasis 1, right calf	6	812	LSM14B	40	29	0.5	metastasis
2	Locoregional skin metastasis 2, right mid-calf	6	812	LSM14B	53	21	0.5	metastasis
0	Primary, right lower calf	6	813	CYP4Z1	17	6	0.5	primary
1	Locoregional skin metastasis 1, right calf	6	813	CYP4Z1	12	12	0.5	metastasis
2	Locoregional skin metastasis 2, right mid-calf	6	813	CYP4Z1	21	8	0.5	metastasis
0	Primary, right lower calf	4	814	SDK1	328	33	0.5	primary
1	Locoregional skin metastasis 1, right calf	4	814	SDK1	160	112	0.5	metastasis
2	Locoregional skin metastasis 2, right mid-calf	4	814	SDK1	285	64	0.5	metastasis
0	Primary, right lower calf	6	815	FGA	650	239	0.5	primary
1	Locoregional skin metastasis 1, right calf	6	815	FGA	438	312	0.5	metastasis
2	Locoregional skin metastasis 2, right mid-calf	6	815	FGA	712	226	0.5	metastasis
0	Primary, right lower calf	6	816	TMEM147	449	148	0.5	primary
1	Locoregional skin metastasis 1, right calf	6	816	TMEM147	307	234	0.5	metastasis
2	Locoregional skin metastasis 2, right mid-calf	6	816	TMEM147	427	129	0.5	metastasis
0	Primary, right lower calf	6	817	NCKAP5	368	136	0.5	primary
1	Locoregional skin metastasis 1, right calf	6	817	NCKAP5	298	196	0.5	metastasis
2	Locoregional skin metastasis 2, right mid-calf	6	817	NCKAP5	487	128	0.5	metastasis
0	Primary, right lower calf	6	818	SLITRK6	191	73	0.5	primary
1	Locoregional skin metastasis 1, right calf	6	818	SLITRK6	150	101	0.5	metastasis
2	Locoregional skin metastasis 2, right mid-calf	6	818	SLITRK6	258	70	0.5	metastasis
0	Primary, right lower calf	6	819	WNT2	302	115	0.5	primary
1	Locoregional skin metastasis 1, right calf	6	819	WNT2	219	159	0.5	metastasis
2	Locoregional skin metastasis 2, right mid-calf	6	819	WNT2	363	99	0.5	metastasis
0	Primary, right lower calf	0	820	SKOR2	273	24	0.5	primary
1	Locoregional skin metastasis 1, right calf	0	820	SKOR2	200	110	0.5	metastasis
2	Locoregional skin metastasis 2, right mid-calf	0	820	SKOR2	331	27	0.5	metastasis
0	Primary, right lower calf	4	821	STAC	175	20	0.5	primary
1	Locoregional skin metastasis 1, right calf	4	821	STAC	143	86	0.5	metastasis
2	Locoregional skin metastasis 2, right mid-calf	4	821	STAC	181	94	0.5	metastasis
0	Primary, right lower calf	6	822	EIF4E3	221	75	0.5	primary
1	Locoregional skin metastasis 1, right calf	6	822	EIF4E3	187	143	0.5	metastasis
2	Locoregional skin metastasis 2, right mid-calf	6	822	EIF4E3	299	99	0.5	metastasis
0	Primary, right lower calf	6	823	OR2AG2	303	100	0.5	primary
1	Locoregional skin metastasis 1, right calf	6	823	OR2AG2	218	160	0.5	metastasis
2	Locoregional skin metastasis 2, right mid-calf	6	823	OR2AG2	318	110	0.5	metastasis
0	Primary, right lower calf	6	824	SULT2A1	93	38	0.5	primary
1	Locoregional skin metastasis 1, right calf	6	824	SULT2A1	65	51	0.5	metastasis
2	Locoregional skin metastasis 2, right mid-calf	6	824	SULT2A1	93	38	0.5	metastasis
0	Primary, right lower calf	1	825	KRT77	111	25	0.5	primary
1	Locoregional skin metastasis 1, right calf	1	825	KRT77	71	48	0.5	metastasis
2	Locoregional skin metastasis 2, right mid-calf	1	825	KRT77	88	30	0.5	metastasis
0	Primary, right lower calf	6	826	GABRA2	425	146	0.5	primary
1	Locoregional skin metastasis 1, right calf	6	826	GABRA2	335	191	0.5	metastasis
2	Locoregional skin metastasis 2, right mid-calf	6	826	GABRA2	486	123	0.5	metastasis
0	Primary, right lower calf	6	827	C9orf79	222	70	0.5	primary
1	Locoregional skin metastasis 1, right calf	6	827	C9orf79	201	114	0.5	metastasis
2	Locoregional skin metastasis 2, right mid-calf	6	827	C9orf79	251	115	0.5	metastasis
0	Primary, right lower calf	1	828	XDH	158	42	0.5	primary
1	Locoregional skin metastasis 1, right calf	1	828	XDH	146	85	0.5	metastasis
2	Locoregional skin metastasis 2, right mid-calf	1	828	XDH	197	43	0.5	metastasis
0	Primary, right lower calf	6	829	LTK	296	99	0.5	primary
1	Locoregional skin metastasis 1, right calf	6	829	LTK	184	122	0.5	metastasis
2	Locoregional skin metastasis 2, right mid-calf	6	829	LTK	276	78	0.5	metastasis
0	Primary, right lower calf	6	830	CCDC30	122	51	0.5	primary
1	Locoregional skin metastasis 1, right calf	6	830	CCDC30	71	65	0.5	metastasis
2	Locoregional skin metastasis 2, right mid-calf	6	830	CCDC30	105	27	0.5	metastasis
0	Primary, right lower calf	6	831	CERCAM	185	66	0.5	primary
1	Locoregional skin metastasis 1, right calf	6	831	CERCAM	135	103	0.5	metastasis
2	Locoregional skin metastasis 2, right mid-calf	6	831	CERCAM	201	81	0.5	metastasis
0	Primary, right lower calf	1	832	SCG2	562	133	0.5	primary
1	Locoregional skin metastasis 1, right calf	1	832	SCG2	389	254	0.5	metastasis
2	Locoregional skin metastasis 2, right mid-calf	1	832	SCG2	580	193	0.5	metastasis
0	Primary, right lower calf	6	833	FBXL7	361	110	0.5	primary
1	Locoregional skin metastasis 1, right calf	6	833	FBXL7	258	181	0.5	metastasis
2	Locoregional skin metastasis 2, right mid-calf	6	833	FBXL7	392	135	0.5	metastasis
0	Primary, right lower calf	2	834	CALM3	394	7	0.5	primary
1	Locoregional skin metastasis 1, right calf	2	834	CALM3	407	0	0.5	metastasis
2	Locoregional skin metastasis 2, right mid-calf	2	834	CALM3	334	86	0.5	metastasis
0	Primary, right lower calf	6	835	ST8SIA4	350	157	0.5	primary
1	Locoregional skin metastasis 1, right calf	6	835	ST8SIA4	262	166	0.5	metastasis
2	Locoregional skin metastasis 2, right mid-calf	6	835	ST8SIA4	418	144	0.5	metastasis
0	Primary, right lower calf	2	836	CDH4	236	1	0.5	primary
1	Locoregional skin metastasis 1, right calf	2	836	CDH4	212	0	0.5	metastasis
2	Locoregional skin metastasis 2, right mid-calf	2	836	CDH4	179	35	0.5	metastasis
0	Primary, right lower calf	6	837	FBN3	50	17	0.5	primary
1	Locoregional skin metastasis 1, right calf	6	837	FBN3	38	16	0.5	metastasis
2	Locoregional skin metastasis 2, right mid-calf	6	837	FBN3	34	17	0.5	metastasis
0	Primary, right lower calf	6	838	PCLO	355	156	0.5	primary
1	Locoregional skin metastasis 1, right calf	6	838	PCLO	250	186	0.5	metastasis
2	Locoregional skin metastasis 2, right mid-calf	6	838	PCLO	457	153	0.5	metastasis
0	Primary, right lower calf	6	839	OLFR959	13	5	0.5	primary
1	Locoregional skin metastasis 1, right calf	6	839	OLFR959	11	5	0.5	metastasis
2	Locoregional skin metastasis 2, right mid-calf	6	839	OLFR959	13	5	0.5	metastasis
0	Primary, right lower calf	6	840	CHRNA9	293	105	0.5	primary
1	Locoregional skin metastasis 1, right calf	6	840	CHRNA9	210	151	0.5	metastasis
2	Locoregional skin metastasis 2, right mid-calf	6	840	CHRNA9	316	94	0.5	metastasis
0	Primary, right lower calf	6	841	ADAMTS16	196	66	0.5	primary
1	Locoregional skin metastasis 1, right calf	6	841	ADAMTS16	136	86	0.5	metastasis
2	Locoregional skin metastasis 2, right mid-calf	6	841	ADAMTS16	199	66	0.5	metastasis
0	Primary, right lower calf	1	842	FMN2	113	25	0.5	primary
1	Locoregional skin metastasis 1, right calf	1	842	FMN2	71	50	0.5	metastasis
2	Locoregional skin metastasis 2, right mid-calf	1	842	FMN2	107	31	0.5	metastasis
0	Primary, right lower calf	6	843	LAYN	297	122	0.5	primary
1	Locoregional skin metastasis 1, right calf	6	843	LAYN	249	151	0.5	metastasis
2	Locoregional skin metastasis 2, right mid-calf	6	843	LAYN	363	60	0.5	metastasis
0	Primary, right lower calf	6	844	NUP93	72	21	0.5	primary
1	Locoregional skin metastasis 1, right calf	6	844	NUP93	55	53	0.5	metastasis
2	Locoregional skin metastasis 2, right mid-calf	6	844	NUP93	95	34	0.5	metastasis
0	Primary, right lower calf	6	845	PAM	281	102	0.5	primary
1	Locoregional skin metastasis 1, right calf	6	845	PAM	153	138	0.5	metastasis
2	Locoregional skin metastasis 2, right mid-calf	6	845	PAM	265	99	0.5	metastasis
0	Primary, right lower calf	0	846	MYT1L	181	14	0.5	primary
1	Locoregional skin metastasis 1, right calf	0	846	MYT1L	104	67	0.5	metastasis
2	Locoregional skin metastasis 2, right mid-calf	0	846	MYT1L	181	11	0.5	metastasis
0	Primary, right lower calf	6	847	WDR63	79	28	0.5	primary
1	Locoregional skin metastasis 1, right calf	6	847	WDR63	84	49	0.5	metastasis
2	Locoregional skin metastasis 2, right mid-calf	6	847	WDR63	107	23	0.5	metastasis
0	Primary, right lower calf	6	848	PTPN13	89	31	0.5	primary
1	Locoregional skin metastasis 1, right calf	6	848	PTPN13	70	51	0.5	metastasis
2	Locoregional skin metastasis 2, right mid-calf	6	848	PTPN13	125	41	0.5	metastasis
0	Primary, right lower calf	6	849	S100P	146	51	0.5	primary
1	Locoregional skin metastasis 1, right calf	6	849	S100P	92	76	0.5	metastasis
2	Locoregional skin metastasis 2, right mid-calf	6	849	S100P	133	42	0.5	metastasis
0	Primary, right lower calf	6	850	GPR18	229	86	0.5	primary
1	Locoregional skin metastasis 1, right calf	6	850	GPR18	156	95	0.5	metastasis
2	Locoregional skin metastasis 2, right mid-calf	6	850	GPR18	268	73	0.5	metastasis
0	Primary, right lower calf	6	851	KIAA0889	54	27	0.5	primary
1	Locoregional skin metastasis 1, right calf	6	851	KIAA0889	31	35	0.5	metastasis
2	Locoregional skin metastasis 2, right mid-calf	6	851	KIAA0889	51	20	0.5	metastasis
0	Primary, right lower calf	6	852	UNC13C	54	26	0.5	primary
1	Locoregional skin metastasis 1, right calf	6	852	UNC13C	74	38	0.5	metastasis
2	Locoregional skin metastasis 2, right mid-calf	6	852	UNC13C	97	33	0.5	metastasis
0	Primary, right lower calf	4	853	TRHDE	75	11	0.5	primary
1	Locoregional skin metastasis 1, right calf	4	853	TRHDE	56	30	0.5	metastasis
2	Locoregional skin metastasis 2, right mid-calf	4	853	TRHDE	83	27	0.5	metastasis
0	Primary, right lower calf	6	854	PLIN4	219	84	0.5	primary
1	Locoregional skin metastasis 1, right calf	6	854	PLIN4	196	124	0.5	metastasis
2	Locoregional skin metastasis 2, right mid-calf	6	854	PLIN4	247	68	0.5	metastasis
0	Primary, right lower calf	1	855	RUFY4	48	10	0.5	primary
1	Locoregional skin metastasis 1, right calf	1	855	RUFY4	35	17	0.5	metastasis
2	Locoregional skin metastasis 2, right mid-calf	1	855	RUFY4	34	18	0.5	metastasis
0	Primary, right lower calf	6	856	CEACAM5	58	25	0.5	primary
1	Locoregional skin metastasis 1, right calf	6	856	CEACAM5	42	28	0.5	metastasis
2	Locoregional skin metastasis 2, right mid-calf	6	856	CEACAM5	73	28	0.5	metastasis
0	Primary, right lower calf	6	857	PPFIA3	37	18	0.5	primary
1	Locoregional skin metastasis 1, right calf	6	857	PPFIA3	24	22	0.5	metastasis
2	Locoregional skin metastasis 2, right mid-calf	6	857	PPFIA3	30	14	0.5	metastasis
0	Primary, right lower calf	6	858	CHRNA4	246	121	0.5	primary
1	Locoregional skin metastasis 1, right calf	6	858	CHRNA4	188	129	0.5	metastasis
2	Locoregional skin metastasis 2, right mid-calf	6	858	CHRNA4	229	99	0.5	metastasis
0	Primary, right lower calf	1	859	MCTP1	399	134	0.5	primary
1	Locoregional skin metastasis 1, right calf	1	859	MCTP1	309	166	0.5	metastasis
2	Locoregional skin metastasis 2, right mid-calf	1	859	MCTP1	547	138	0.5	metastasis
0	Primary, right lower calf	4	860	BRAF	158	13	0.5	primary
1	Locoregional skin metastasis 1, right calf	4	860	BRAF	96	49	0.5	metastasis
2	Locoregional skin metastasis 2, right mid-calf	4	860	BRAF	140	66	0.5	metastasis
0	Primary, right lower calf	1	861	TTC27	142	35	0.5	primary
1	Locoregional skin metastasis 1, right calf	1	861	TTC27	121	59	0.5	metastasis
2	Locoregional skin metastasis 2, right mid-calf	1	861	TTC27	139	42	0.5	metastasis
0	Primary, right lower calf	6	862	DOC2A	122	47	0.5	primary
1	Locoregional skin metastasis 1, right calf	6	862	DOC2A	94	55	0.5	metastasis
2	Locoregional skin metastasis 2, right mid-calf	6	862	DOC2A	125	22	0.5	metastasis
0	Primary, right lower calf	6	863	RANBP10	140	46	0.5	primary
1	Locoregional skin metastasis 1, right calf	6	863	RANBP10	79	54	0.5	metastasis
2	Locoregional skin metastasis 2, right mid-calf	6	863	RANBP10	125	35	0.5	metastasis
0	Primary, right lower calf	4	864	OR2T11	191	21	0.5	primary
1	Locoregional skin metastasis 1, right calf	4	864	OR2T11	96	84	0.5	metastasis
2	Locoregional skin metastasis 2, right mid-calf	4	864	OR2T11	166	59	0.5	metastasis
0	Primary, right lower calf	4	865	SLC25A48	432	47	0.5	primary
1	Locoregional skin metastasis 1, right calf	4	865	SLC25A48	268	193	0.5	metastasis
2	Locoregional skin metastasis 2, right mid-calf	4	865	SLC25A48	382	113	0.5	metastasis
0	Primary, right lower calf	6	866	ABCG4	176	90	0.5	primary
1	Locoregional skin metastasis 1, right calf	6	866	ABCG4	128	104	0.5	metastasis
2	Locoregional skin metastasis 2, right mid-calf	6	866	ABCG4	133	61	0.5	metastasis
0	Primary, right lower calf	6	867	ZNF274	124	61	0.5	primary
1	Locoregional skin metastasis 1, right calf	6	867	ZNF274	118	99	0.5	metastasis
2	Locoregional skin metastasis 2, right mid-calf	6	867	ZNF274	208	48	0.5	metastasis
0	Primary, right lower calf	6	868	PCSK9	128	41	0.5	primary
1	Locoregional skin metastasis 1, right calf	6	868	PCSK9	82	52	0.5	metastasis
2	Locoregional skin metastasis 2, right mid-calf	6	868	PCSK9	128	47	0.5	metastasis
0	Primary, right lower calf	6	869	PPP1R3A	831	305	0.5	primary
1	Locoregional skin metastasis 1, right calf	6	869	PPP1R3A	590	385	0.5	metastasis
2	Locoregional skin metastasis 2, right mid-calf	6	869	PPP1R3A	882	259	0.5	metastasis
0	Primary, right lower calf	6	870	UNC13C	121	48	0.5	primary
1	Locoregional skin metastasis 1, right calf	6	870	UNC13C	88	64	0.5	metastasis
2	Locoregional skin metastasis 2, right mid-calf	6	870	UNC13C	114	30	0.5	metastasis
0	Primary, right lower calf	1	871	C2orf78	247	53	0.5	primary
1	Locoregional skin metastasis 1, right calf	1	871	C2orf78	167	137	0.5	metastasis
2	Locoregional skin metastasis 2, right mid-calf	1	871	C2orf78	279	95	0.5	metastasis
0	Primary, right lower calf	6	872	TAOK2	303	102	0.5	primary
1	Locoregional skin metastasis 1, right calf	6	872	TAOK2	206	139	0.5	metastasis
2	Locoregional skin metastasis 2, right mid-calf	6	872	TAOK2	315	94	0.5	metastasis
0	Primary, right lower calf	1	873	KSR2	88	16	0.5	primary
1	Locoregional skin metastasis 1, right calf	1	873	KSR2	60	48	0.5	metastasis
2	Locoregional skin metastasis 2, right mid-calf	1	873	KSR2	102	27	0.5	metastasis
0	Primary, right lower calf	6	874	CD1E	672	256	0.5	primary
1	Locoregional skin metastasis 1, right calf	6	874	CD1E	524	372	0.5	metastasis
2	Locoregional skin metastasis 2, right mid-calf	6	874	CD1E	727	247	0.5	metastasis
0	Primary, right lower calf	6	875	AMIGO2	405	180	0.5	primary
1	Locoregional skin metastasis 1, right calf	6	875	AMIGO2	313	205	0.5	metastasis
2	Locoregional skin metastasis 2, right mid-calf	6	875	AMIGO2	497	161	0.5	metastasis
0	Primary, right lower calf	1	876	HDAC9	133	34	0.5	primary
1	Locoregional skin metastasis 1, right calf	1	876	HDAC9	97	56	0.5	metastasis
2	Locoregional skin metastasis 2, right mid-calf	1	876	HDAC9	159	59	0.5	metastasis
0	Primary, right lower calf	6	877	FAM40A	11	2	0.5	primary
1	Locoregional skin metastasis 1, right calf	6	877	FAM40A	11	4	0.5	metastasis
2	Locoregional skin metastasis 2, right mid-calf	6	877	FAM40A	26	7	0.5	metastasis
0	Primary, right lower calf	6	878	SLC44A5	150	60	0.5	primary
1	Locoregional skin metastasis 1, right calf	6	878	SLC44A5	113	71	0.5	metastasis
2	Locoregional skin metastasis 2, right mid-calf	6	878	SLC44A5	208	55	0.5	metastasis
0	Primary, right lower calf	1	879	UMODL1	56	14	0.5	primary
1	Locoregional skin metastasis 1, right calf	1	879	UMODL1	59	15	0.5	metastasis
2	Locoregional skin metastasis 2, right mid-calf	1	879	UMODL1	60	22	0.5	metastasis
0	Primary, right lower calf	6	880	CYP4F3	215	84	0.5	primary
1	Locoregional skin metastasis 1, right calf	6	880	CYP4F3	169	98	0.5	metastasis
2	Locoregional skin metastasis 2, right mid-calf	6	880	CYP4F3	206	76	0.5	metastasis
0	Primary, right lower calf	6	881	KSR2	49	25	0.5	primary
1	Locoregional skin metastasis 1, right calf	6	881	KSR2	39	31	0.5	metastasis
2	Locoregional skin metastasis 2, right mid-calf	6	881	KSR2	59	14	0.5	metastasis
0	Primary, right lower calf	6	882	WBSCR27	24	6	0.5	primary
1	Locoregional skin metastasis 1, right calf	6	882	WBSCR27	18	10	0.5	metastasis
2	Locoregional skin metastasis 2, right mid-calf	6	882	WBSCR27	21	5	0.5	metastasis
0	Primary, right lower calf	1	883	LTN1	225	54	0.5	primary
1	Locoregional skin metastasis 1, right calf	1	883	LTN1	144	89	0.5	metastasis
2	Locoregional skin metastasis 2, right mid-calf	1	883	LTN1	220	53	0.5	metastasis
0	Primary, right lower calf	1	884	MED13L	426	123	0.5	primary
1	Locoregional skin metastasis 1, right calf	1	884	MED13L	323	181	0.5	metastasis
2	Locoregional skin metastasis 2, right mid-calf	1	884	MED13L	465	151	0.5	metastasis
0	Primary, right lower calf	6	885	SAMD9	259	92	0.5	primary
1	Locoregional skin metastasis 1, right calf	6	885	SAMD9	192	121	0.5	metastasis
2	Locoregional skin metastasis 2, right mid-calf	6	885	SAMD9	248	97	0.5	metastasis
0	Primary, right lower calf	6	886	ITGB2	181	57	0.5	primary
1	Locoregional skin metastasis 1, right calf	6	886	ITGB2	106	94	0.5	metastasis
2	Locoregional skin metastasis 2, right mid-calf	6	886	ITGB2	162	51	0.5	metastasis
0	Primary, right lower calf	4	887	TRPC4	1164	121	0.5	primary
1	Locoregional skin metastasis 1, right calf	4	887	TRPC4	643	412	0.5	metastasis
2	Locoregional skin metastasis 2, right mid-calf	4	887	TRPC4	1174	337	0.5	metastasis
0	Primary, right lower calf	6	888	PEG3	280	96	0.5	primary
1	Locoregional skin metastasis 1, right calf	6	888	PEG3	220	159	0.5	metastasis
2	Locoregional skin metastasis 2, right mid-calf	6	888	PEG3	339	104	0.5	metastasis
0	Primary, right lower calf	4	889	GCN1L1	43	6	0.5	primary
1	Locoregional skin metastasis 1, right calf	4	889	GCN1L1	35	20	0.5	metastasis
2	Locoregional skin metastasis 2, right mid-calf	4	889	GCN1L1	45	17	0.5	metastasis
0	Primary, right lower calf	4	890	UCP3	174	28	0.5	primary
1	Locoregional skin metastasis 1, right calf	4	890	UCP3	81	61	0.5	metastasis
2	Locoregional skin metastasis 2, right mid-calf	4	890	UCP3	146	35	0.5	metastasis
0	Primary, right lower calf	1	891	LRRC33	187	43	0.5	primary
1	Locoregional skin metastasis 1, right calf	1	891	LRRC33	150	121	0.5	metastasis
2	Locoregional skin metastasis 2, right mid-calf	1	891	LRRC33	245	65	0.5	metastasis
0	Primary, right lower calf	1	892	SLC4A10	45	13	0.5	primary
1	Locoregional skin metastasis 1, right calf	1	892	SLC4A10	46	36	0.5	metastasis
2	Locoregional skin metastasis 2, right mid-calf	1	892	SLC4A10	109	17	0.5	metastasis
0	Primary, right lower calf	6	893	ECE2	156	47	0.5	primary
1	Locoregional skin metastasis 1, right calf	6	893	ECE2	101	80	0.5	metastasis
2	Locoregional skin metastasis 2, right mid-calf	6	893	ECE2	161	51	0.5	metastasis
0	Primary, right lower calf	6	894	SMARCA4	82	25	0.5	primary
1	Locoregional skin metastasis 1, right calf	6	894	SMARCA4	56	36	0.5	metastasis
2	Locoregional skin metastasis 2, right mid-calf	6	894	SMARCA4	83	28	0.5	metastasis
0	Primary, right lower calf	6	895	MARCO	50	21	0.5	primary
1	Locoregional skin metastasis 1, right calf	6	895	MARCO	39	42	0.5	metastasis
2	Locoregional skin metastasis 2, right mid-calf	6	895	MARCO	78	22	0.5	metastasis
0	Primary, right lower calf	6	896	PCSK6	229	65	0.5	primary
1	Locoregional skin metastasis 1, right calf	6	896	PCSK6	169	121	0.5	metastasis
2	Locoregional skin metastasis 2, right mid-calf	6	896	PCSK6	207	74	0.5	metastasis
0	Primary, right lower calf	4	897	BIRC6	344	49	0.5	primary
1	Locoregional skin metastasis 1, right calf	4	897	BIRC6	198	123	0.5	metastasis
2	Locoregional skin metastasis 2, right mid-calf	4	897	BIRC6	295	107	0.5	metastasis
0	Primary, right lower calf	6	898	SEC14L5	140	56	0.5	primary
1	Locoregional skin metastasis 1, right calf	6	898	SEC14L5	142	57	0.5	metastasis
2	Locoregional skin metastasis 2, right mid-calf	6	898	SEC14L5	150	35	0.5	metastasis
0	Primary, right lower calf	6	899	MAP1A	42	19	0.5	primary
1	Locoregional skin metastasis 1, right calf	6	899	MAP1A	31	20	0.5	metastasis
2	Locoregional skin metastasis 2, right mid-calf	6	899	MAP1A	35	14	0.5	metastasis
0	Primary, right lower calf	1	900	PIK3R3	283	64	0.5	primary
1	Locoregional skin metastasis 1, right calf	1	900	PIK3R3	227	135	0.5	metastasis
2	Locoregional skin metastasis 2, right mid-calf	1	900	PIK3R3	282	90	0.5	metastasis
0	Primary, right lower calf	6	901	MUC16	54	22	0.5	primary
1	Locoregional skin metastasis 1, right calf	6	901	MUC16	35	21	0.5	metastasis
2	Locoregional skin metastasis 2, right mid-calf	6	901	MUC16	64	19	0.5	metastasis
0	Primary, right lower calf	1	902	TCHHL1	345	85	0.5	primary
1	Locoregional skin metastasis 1, right calf	1	902	TCHHL1	197	151	0.5	metastasis
2	Locoregional skin metastasis 2, right mid-calf	1	902	TCHHL1	335	120	0.5	metastasis
0	Primary, right lower calf	1	903	PPARG	470	99	0.5	primary
1	Locoregional skin metastasis 1, right calf	1	903	PPARG	328	195	0.5	metastasis
2	Locoregional skin metastasis 2, right mid-calf	1	903	PPARG	633	165	0.5	metastasis
0	Primary, right lower calf	6	904	PEBP1	93	37	0.5	primary
1	Locoregional skin metastasis 1, right calf	6	904	PEBP1	90	42	0.5	metastasis
2	Locoregional skin metastasis 2, right mid-calf	6	904	PEBP1	83	37	0.5	metastasis
0	Primary, right lower calf	1	905	TLN2	110	29	0.5	primary
1	Locoregional skin metastasis 1, right calf	1	905	TLN2	51	37	0.5	metastasis
2	Locoregional skin metastasis 2, right mid-calf	1	905	TLN2	117	32	0.5	metastasis
0	Primary, right lower calf	6	906	DNAH12	432	141	0.5	primary
1	Locoregional skin metastasis 1, right calf	6	906	DNAH12	353	259	0.5	metastasis
2	Locoregional skin metastasis 2, right mid-calf	6	906	DNAH12	528	178	0.5	metastasis
0	Primary, right lower calf	1	907	SCN11A	92	21	0.5	primary
1	Locoregional skin metastasis 1, right calf	1	907	SCN11A	61	65	0.5	metastasis
2	Locoregional skin metastasis 2, right mid-calf	1	907	SCN11A	140	31	0.5	metastasis
0	Primary, right lower calf	0	908	APOB	196	13	0.5	primary
1	Locoregional skin metastasis 1, right calf	0	908	APOB	115	57	0.5	metastasis
2	Locoregional skin metastasis 2, right mid-calf	0	908	APOB	244	18	0.5	metastasis
0	Primary, right lower calf	6	909	LRRC31	110	41	0.5	primary
1	Locoregional skin metastasis 1, right calf	6	909	LRRC31	102	68	0.5	metastasis
2	Locoregional skin metastasis 2, right mid-calf	6	909	LRRC31	132	26	0.5	metastasis
0	Primary, right lower calf	1	910	C9orf125	329	66	0.5	primary
1	Locoregional skin metastasis 1, right calf	1	910	C9orf125	252	136	0.5	metastasis
2	Locoregional skin metastasis 2, right mid-calf	1	910	C9orf125	422	113	0.5	metastasis
0	Primary, right lower calf	4	911	GJB6	337	48	0.5	primary
1	Locoregional skin metastasis 1, right calf	4	911	GJB6	206	129	0.5	metastasis
2	Locoregional skin metastasis 2, right mid-calf	4	911	GJB6	327	125	0.5	metastasis
0	Primary, right lower calf	1	912	ODZ3	413	106	0.5	primary
1	Locoregional skin metastasis 1, right calf	1	912	ODZ3	279	140	0.5	metastasis
2	Locoregional skin metastasis 2, right mid-calf	1	912	ODZ3	434	129	0.5	metastasis
0	Primary, right lower calf	6	913	B3GNT2	196	63	0.5	primary
1	Locoregional skin metastasis 1, right calf	6	913	B3GNT2	155	107	0.5	metastasis
2	Locoregional skin metastasis 2, right mid-calf	6	913	B3GNT2	232	57	0.5	metastasis
0	Primary, right lower calf	3	914	CARS2	138	0	0.5	primary
1	Locoregional skin metastasis 1, right calf	3	914	CARS2	81	56	0.5	metastasis
2	Locoregional skin metastasis 2, right mid-calf	3	914	CARS2	123	0	0.5	metastasis
0	Primary, right lower calf	6	915	MUC16	41	23	0.5	primary
1	Locoregional skin metastasis 1, right calf	6	915	MUC16	39	17	0.5	metastasis
2	Locoregional skin metastasis 2, right mid-calf	6	915	MUC16	46	18	0.5	metastasis
0	Primary, right lower calf	1	916	HEG1	199	57	0.5	primary
1	Locoregional skin metastasis 1, right calf	1	916	HEG1	158	104	0.5	metastasis
2	Locoregional skin metastasis 2, right mid-calf	1	916	HEG1	270	85	0.5	metastasis
0	Primary, right lower calf	6	917	ZNF213	44	15	0.5	primary
1	Locoregional skin metastasis 1, right calf	6	917	ZNF213	29	18	0.5	metastasis
2	Locoregional skin metastasis 2, right mid-calf	6	917	ZNF213	35	18	0.5	metastasis
0	Primary, right lower calf	6	918	ANKRD35	154	58	0.5	primary
1	Locoregional skin metastasis 1, right calf	6	918	ANKRD35	90	68	0.5	metastasis
2	Locoregional skin metastasis 2, right mid-calf	6	918	ANKRD35	121	53	0.5	metastasis
0	Primary, right lower calf	6	919	TSPEAR	123	52	0.5	primary
1	Locoregional skin metastasis 1, right calf	6	919	TSPEAR	84	68	0.5	metastasis
2	Locoregional skin metastasis 2, right mid-calf	6	919	TSPEAR	129	37	0.5	metastasis
0	Primary, right lower calf	6	920	KCNAB1	121	47	0.5	primary
1	Locoregional skin metastasis 1, right calf	6	920	KCNAB1	116	91	0.5	metastasis
2	Locoregional skin metastasis 2, right mid-calf	6	920	KCNAB1	180	38	0.5	metastasis
0	Primary, right lower calf	6	921	NPEPL1	165	61	0.5	primary
1	Locoregional skin metastasis 1, right calf	6	921	NPEPL1	124	84	0.5	metastasis
2	Locoregional skin metastasis 2, right mid-calf	6	921	NPEPL1	183	66	0.5	metastasis
0	Primary, right lower calf	2	922	C15orf2	505	54	0.5	primary
1	Locoregional skin metastasis 1, right calf	2	922	C15orf2	474	0	0.5	metastasis
2	Locoregional skin metastasis 2, right mid-calf	2	922	C15orf2	558	0	0.5	metastasis
0	Primary, right lower calf	6	923	DDX60	220	70	0.5	primary
1	Locoregional skin metastasis 1, right calf	6	923	DDX60	153	117	0.5	metastasis
2	Locoregional skin metastasis 2, right mid-calf	6	923	DDX60	248	70	0.5	metastasis
0	Primary, right lower calf	2	924	CDH15	313	47	0.5	primary
1	Locoregional skin metastasis 1, right calf	2	924	CDH15	320	0	0.5	metastasis
2	Locoregional skin metastasis 2, right mid-calf	2	924	CDH15	354	0	0.5	metastasis
0	Primary, right lower calf	6	925	BBS7	206	63	0.5	primary
1	Locoregional skin metastasis 1, right calf	6	925	BBS7	119	101	0.5	metastasis
2	Locoregional skin metastasis 2, right mid-calf	6	925	BBS7	206	61	0.5	metastasis
0	Primary, right lower calf	4	926	GK2	346	27	0.5	primary
1	Locoregional skin metastasis 1, right calf	4	926	GK2	239	150	0.5	metastasis
2	Locoregional skin metastasis 2, right mid-calf	4	926	GK2	305	120	0.5	metastasis
0	Primary, right lower calf	6	927	C11orf75	127	53	0.5	primary
1	Locoregional skin metastasis 1, right calf	6	927	C11orf75	100	81	0.5	metastasis
2	Locoregional skin metastasis 2, right mid-calf	6	927	C11orf75	169	21	0.5	metastasis
0	Primary, right lower calf	1	928	JAK1	54	13	0.5	primary
1	Locoregional skin metastasis 1, right calf	1	928	JAK1	44	35	0.5	metastasis
2	Locoregional skin metastasis 2, right mid-calf	1	928	JAK1	67	15	0.5	metastasis
0	Primary, right lower calf	6	929	PSG8	6	4	0.5	primary
1	Locoregional skin metastasis 1, right calf	6	929	PSG8	10	5	0.5	metastasis
2	Locoregional skin metastasis 2, right mid-calf	6	929	PSG8	8	3	0.5	metastasis
0	Primary, right lower calf	6	930	GPR98	260	95	0.5	primary
1	Locoregional skin metastasis 1, right calf	6	930	GPR98	165	124	0.5	metastasis
2	Locoregional skin metastasis 2, right mid-calf	6	930	GPR98	276	89	0.5	metastasis
0	Primary, right lower calf	6	931	VWA5A	137	47	0.5	primary
1	Locoregional skin metastasis 1, right calf	6	931	VWA5A	129	68	0.5	metastasis
2	Locoregional skin metastasis 2, right mid-calf	6	931	VWA5A	194	52	0.5	metastasis
0	Primary, right lower calf	4	932	ACTL9	199	20	0.5	primary
1	Locoregional skin metastasis 1, right calf	4	932	ACTL9	100	76	0.5	metastasis
2	Locoregional skin metastasis 2, right mid-calf	4	932	ACTL9	143	59	0.5	metastasis
0	Primary, right lower calf	6	933	BCO2	59	17	0.5	primary
1	Locoregional skin metastasis 1, right calf	6	933	BCO2	49	37	0.5	metastasis
2	Locoregional skin metastasis 2, right mid-calf	6	933	BCO2	69	30	0.5	metastasis
0	Primary, right lower calf	6	934	MAP4K2	61	32	0.5	primary
1	Locoregional skin metastasis 1, right calf	6	934	MAP4K2	37	29	0.5	metastasis
2	Locoregional skin metastasis 2, right mid-calf	6	934	MAP4K2	63	24	0.5	metastasis
0	Primary, right lower calf	4	935	IL18RAP	182	16	0.5	primary
1	Locoregional skin metastasis 1, right calf	4	935	IL18RAP	101	69	0.5	metastasis
2	Locoregional skin metastasis 2, right mid-calf	4	935	IL18RAP	165	53	0.5	metastasis
0	Primary, right lower calf	6	936	INSR	30	8	0.5	primary
1	Locoregional skin metastasis 1, right calf	6	936	INSR	25	9	0.5	metastasis
2	Locoregional skin metastasis 2, right mid-calf	6	936	INSR	16	6	0.5	metastasis
0	Primary, right lower calf	6	937	TTN	192	91	0.5	primary
1	Locoregional skin metastasis 1, right calf	6	937	TTN	157	133	0.5	metastasis
2	Locoregional skin metastasis 2, right mid-calf	6	937	TTN	277	90	0.5	metastasis
0	Primary, right lower calf	6	938	ADAMTS4	44	15	0.5	primary
1	Locoregional skin metastasis 1, right calf	6	938	ADAMTS4	28	13	0.5	metastasis
2	Locoregional skin metastasis 2, right mid-calf	6	938	ADAMTS4	38	11	0.5	metastasis
0	Primary, right lower calf	0	939	SYMPK	200	18	0.5	primary
1	Locoregional skin metastasis 1, right calf	0	939	SYMPK	114	53	0.5	metastasis
2	Locoregional skin metastasis 2, right mid-calf	0	939	SYMPK	206	11	0.5	metastasis
0	Primary, right lower calf	6	940	NLRP11	236	89	0.5	primary
1	Locoregional skin metastasis 1, right calf	6	940	NLRP11	182	125	0.5	metastasis
2	Locoregional skin metastasis 2, right mid-calf	6	940	NLRP11	238	107	0.5	metastasis
0	Primary, right lower calf	6	941	CCDC108	174	95	0.5	primary
1	Locoregional skin metastasis 1, right calf	6	941	CCDC108	154	94	0.5	metastasis
2	Locoregional skin metastasis 2, right mid-calf	6	941	CCDC108	191	58	0.5	metastasis
0	Primary, right lower calf	6	942	STARD9	512	195	0.5	primary
1	Locoregional skin metastasis 1, right calf	6	942	STARD9	345	255	0.5	metastasis
2	Locoregional skin metastasis 2, right mid-calf	6	942	STARD9	528	168	0.5	metastasis
0	Primary, right lower calf	6	943	ZFP30	129	36	0.5	primary
1	Locoregional skin metastasis 1, right calf	6	943	ZFP30	100	86	0.5	metastasis
2	Locoregional skin metastasis 2, right mid-calf	6	943	ZFP30	165	43	0.5	metastasis
0	Primary, right lower calf	6	944	EDC4	152	53	0.5	primary
1	Locoregional skin metastasis 1, right calf	6	944	EDC4	111	98	0.5	metastasis
2	Locoregional skin metastasis 2, right mid-calf	6	944	EDC4	149	41	0.5	metastasis
0	Primary, right lower calf	6	945	CSMD2	54	25	0.5	primary
1	Locoregional skin metastasis 1, right calf	6	945	CSMD2	57	33	0.5	metastasis
2	Locoregional skin metastasis 2, right mid-calf	6	945	CSMD2	77	26	0.5	metastasis
0	Primary, right lower calf	6	946	GPR98	101	37	0.5	primary
1	Locoregional skin metastasis 1, right calf	6	946	GPR98	82	39	0.5	metastasis
2	Locoregional skin metastasis 2, right mid-calf	6	946	GPR98	107	36	0.5	metastasis
0	Primary, right lower calf	6	947	PRR23B	160	59	0.5	primary
1	Locoregional skin metastasis 1, right calf	6	947	PRR23B	147	94	0.5	metastasis
2	Locoregional skin metastasis 2, right mid-calf	6	947	PRR23B	198	76	0.5	metastasis
0	Primary, right lower calf	1	948	C4orf6	176	50	0.5	primary
1	Locoregional skin metastasis 1, right calf	1	948	C4orf6	121	63	0.5	metastasis
2	Locoregional skin metastasis 2, right mid-calf	1	948	C4orf6	161	51	0.5	metastasis
0	Primary, right lower calf	6	949	ZFHX3	268	99	0.5	primary
1	Locoregional skin metastasis 1, right calf	6	949	ZFHX3	199	146	0.5	metastasis
2	Locoregional skin metastasis 2, right mid-calf	6	949	ZFHX3	307	132	0.5	metastasis
0	Primary, right lower calf	1	950	RUFY4	383	117	0.5	primary
1	Locoregional skin metastasis 1, right calf	1	950	RUFY4	292	201	0.5	metastasis
2	Locoregional skin metastasis 2, right mid-calf	1	950	RUFY4	506	146	0.5	metastasis
0	Primary, right lower calf	1	951	KIF1A	201	50	0.5	primary
1	Locoregional skin metastasis 1, right calf	1	951	KIF1A	141	108	0.5	metastasis
2	Locoregional skin metastasis 2, right mid-calf	1	951	KIF1A	220	72	0.5	metastasis
0	Primary, right lower calf	1	952	USP19	247	74	0.5	primary
1	Locoregional skin metastasis 1, right calf	1	952	USP19	222	142	0.5	metastasis
2	Locoregional skin metastasis 2, right mid-calf	1	952	USP19	359	97	0.5	metastasis
0	Primary, right lower calf	0	953	FAT4	416	41	0.5	primary
1	Locoregional skin metastasis 1, right calf	0	953	FAT4	241	150	0.5	metastasis
2	Locoregional skin metastasis 2, right mid-calf	0	953	FAT4	452	41	0.5	metastasis
0	Primary, right lower calf	1	954	BRPF1	193	49	0.5	primary
1	Locoregional skin metastasis 1, right calf	1	954	BRPF1	144	96	0.5	metastasis
2	Locoregional skin metastasis 2, right mid-calf	1	954	BRPF1	213	82	0.5	metastasis
0	Primary, right lower calf	6	955	SCFD2	344	144	0.5	primary
1	Locoregional skin metastasis 1, right calf	6	955	SCFD2	286	202	0.5	metastasis
2	Locoregional skin metastasis 2, right mid-calf	6	955	SCFD2	400	102	0.5	metastasis
0	Primary, right lower calf	6	956	CD101	167	81	0.5	primary
1	Locoregional skin metastasis 1, right calf	6	956	CD101	160	94	0.5	metastasis
2	Locoregional skin metastasis 2, right mid-calf	6	956	CD101	186	68	0.5	metastasis
0	Primary, right lower calf	6	957	UMODL1	148	46	0.5	primary
1	Locoregional skin metastasis 1, right calf	6	957	UMODL1	90	78	0.5	metastasis
2	Locoregional skin metastasis 2, right mid-calf	6	957	UMODL1	185	62	0.5	metastasis
0	Primary, right lower calf	6	958	ZC3H4	215	79	0.5	primary
1	Locoregional skin metastasis 1, right calf	6	958	ZC3H4	109	101	0.5	metastasis
2	Locoregional skin metastasis 2, right mid-calf	6	958	ZC3H4	169	46	0.5	metastasis
0	Primary, right lower calf	1	959	PTGER3	522	108	0.5	primary
1	Locoregional skin metastasis 1, right calf	1	959	PTGER3	328	252	0.5	metastasis
2	Locoregional skin metastasis 2, right mid-calf	1	959	PTGER3	527	168	0.5	metastasis
0	Primary, right lower calf	2	960	FAT1	148	19	0.5	primary
1	Locoregional skin metastasis 1, right calf	2	960	FAT1	159	0	0.5	metastasis
2	Locoregional skin metastasis 2, right mid-calf	2	960	FAT1	193	0	0.5	metastasis
0	Primary, right lower calf	6	961	PER3	49	32	0.5	primary
1	Locoregional skin metastasis 1, right calf	6	961	PER3	52	33	0.5	metastasis
2	Locoregional skin metastasis 2, right mid-calf	6	961	PER3	73	18	0.5	metastasis
0	Primary, right lower calf	6	962	TCEB3	40	11	0.5	primary
1	Locoregional skin metastasis 1, right calf	6	962	TCEB3	24	14	0.5	metastasis
2	Locoregional skin metastasis 2, right mid-calf	6	962	TCEB3	39	6	0.5	metastasis
0	Primary, right lower calf	0	963	ZNF546	272	11	0.5	primary
1	Locoregional skin metastasis 1, right calf	0	963	ZNF546	157	92	0.5	metastasis
2	Locoregional skin metastasis 2, right mid-calf	0	963	ZNF546	275	23	0.5	metastasis
0	Primary, right lower calf	6	964	MTHFD2L	148	46	0.5	primary
1	Locoregional skin metastasis 1, right calf	6	964	MTHFD2L	102	70	0.5	metastasis
2	Locoregional skin metastasis 2, right mid-calf	6	964	MTHFD2L	159	42	0.5	metastasis
0	Primary, right lower calf	6	965	BAC05914.1	105	47	0.5	primary
1	Locoregional skin metastasis 1, right calf	6	965	BAC05914.1	53	35	0.5	metastasis
2	Locoregional skin metastasis 2, right mid-calf	6	965	BAC05914.1	129	43	0.5	metastasis
0	Primary, right lower calf	6	966	CFHR5	269	98	0.5	primary
1	Locoregional skin metastasis 1, right calf	6	966	CFHR5	229	157	0.5	metastasis
2	Locoregional skin metastasis 2, right mid-calf	6	966	CFHR5	361	92	0.5	metastasis
0	Primary, right lower calf	6	967	WDR69	165	54	0.5	primary
1	Locoregional skin metastasis 1, right calf	6	967	WDR69	115	79	0.5	metastasis
2	Locoregional skin metastasis 2, right mid-calf	6	967	WDR69	185	48	0.5	metastasis
0	Primary, right lower calf	6	968	GRIN2B	102	32	0.5	primary
1	Locoregional skin metastasis 1, right calf	6	968	GRIN2B	89	77	0.5	metastasis
2	Locoregional skin metastasis 2, right mid-calf	6	968	GRIN2B	121	48	0.5	metastasis
0	Primary, right lower calf	6	969	PPP1R21	170	58	0.5	primary
1	Locoregional skin metastasis 1, right calf	6	969	PPP1R21	156	129	0.5	metastasis
2	Locoregional skin metastasis 2, right mid-calf	6	969	PPP1R21	216	51	0.5	metastasis
0	Primary, right lower calf	6	970	GABRB3	220	74	0.5	primary
1	Locoregional skin metastasis 1, right calf	6	970	GABRB3	140	93	0.5	metastasis
2	Locoregional skin metastasis 2, right mid-calf	6	970	GABRB3	211	82	0.5	metastasis
0	Primary, right lower calf	6	971	PTPRQ	46	20	0.5	primary
1	Locoregional skin metastasis 1, right calf	6	971	PTPRQ	47	44	0.5	metastasis
2	Locoregional skin metastasis 2, right mid-calf	6	971	PTPRQ	74	18	0.5	metastasis
0	Primary, right lower calf	1	972	VPS13C	225	57	0.5	primary
1	Locoregional skin metastasis 1, right calf	1	972	VPS13C	165	110	0.5	metastasis
2	Locoregional skin metastasis 2, right mid-calf	1	972	VPS13C	220	72	0.5	metastasis
0	Primary, right lower calf	6	973	AMDHD2	296	101	0.5	primary
1	Locoregional skin metastasis 1, right calf	6	973	AMDHD2	197	140	0.5	metastasis
2	Locoregional skin metastasis 2, right mid-calf	6	973	AMDHD2	261	109	0.5	metastasis
0	Primary, right lower calf	6	974	POGZ	360	117	0.5	primary
1	Locoregional skin metastasis 1, right calf	6	974	POGZ	265	185	0.5	metastasis
2	Locoregional skin metastasis 2, right mid-calf	6	974	POGZ	364	84	0.5	metastasis
0	Primary, right lower calf	6	975	PDHA2	493	154	0.5	primary
1	Locoregional skin metastasis 1, right calf	6	975	PDHA2	329	227	0.5	metastasis
2	Locoregional skin metastasis 2, right mid-calf	6	975	PDHA2	518	153	0.5	metastasis
0	Primary, right lower calf	6	976	PCNT	74	37	0.5	primary
1	Locoregional skin metastasis 1, right calf	6	976	PCNT	70	41	0.5	metastasis
2	Locoregional skin metastasis 2, right mid-calf	6	976	PCNT	75	36	0.5	metastasis
0	Primary, right lower calf	4	977	APOB	331	53	0.5	primary
1	Locoregional skin metastasis 1, right calf	4	977	APOB	237	163	0.5	metastasis
2	Locoregional skin metastasis 2, right mid-calf	4	977	APOB	382	111	0.5	metastasis
0	Primary, right lower calf	6	978	ZSWIM3	145	44	0.5	primary
1	Locoregional skin metastasis 1, right calf	6	978	ZSWIM3	101	90	0.5	metastasis
2	Locoregional skin metastasis 2, right mid-calf	6	978	ZSWIM3	160	49	0.5	metastasis
0	Primary, right lower calf	1	979	EIF2C1	194	50	0.5	primary
1	Locoregional skin metastasis 1, right calf	1	979	EIF2C1	141	125	0.5	metastasis
2	Locoregional skin metastasis 2, right mid-calf	1	979	EIF2C1	213	61	0.5	metastasis
0	Primary, right lower calf	6	980	LRRK1	458	185	0.5	primary
1	Locoregional skin metastasis 1, right calf	6	980	LRRK1	332	238	0.5	metastasis
2	Locoregional skin metastasis 2, right mid-calf	6	980	LRRK1	493	169	0.5	metastasis
0	Primary, right lower calf	6	981	CBLN4	203	71	0.5	primary
1	Locoregional skin metastasis 1, right calf	6	981	CBLN4	134	94	0.5	metastasis
2	Locoregional skin metastasis 2, right mid-calf	6	981	CBLN4	232	64	0.5	metastasis
0	Primary, right lower calf	6	982	RPGRIP1L	158	82	0.5	primary
1	Locoregional skin metastasis 1, right calf	6	982	RPGRIP1L	139	97	0.5	metastasis
2	Locoregional skin metastasis 2, right mid-calf	6	982	RPGRIP1L	214	68	0.5	metastasis
0	Primary, right lower calf	6	983	OR10A6	299	117	0.5	primary
1	Locoregional skin metastasis 1, right calf	6	983	OR10A6	269	157	0.5	metastasis
2	Locoregional skin metastasis 2, right mid-calf	6	983	OR10A6	303	95	0.5	metastasis
0	Primary, right lower calf	6	984	CNGA1	171	80	0.5	primary
1	Locoregional skin metastasis 1, right calf	6	984	CNGA1	162	94	0.5	metastasis
2	Locoregional skin metastasis 2, right mid-calf	6	984	CNGA1	240	71	0.5	metastasis
0	Primary, right lower calf	6	985	TLR4	254	115	0.5	primary
1	Locoregional skin metastasis 1, right calf	6	985	TLR4	209	150	0.5	metastasis
2	Locoregional skin metastasis 2, right mid-calf	6	985	TLR4	337	105	0.5	metastasis
0	Primary, right lower calf	6	986	HS6ST3	116	63	0.5	primary
1	Locoregional skin metastasis 1, right calf	6	986	HS6ST3	94	67	0.5	metastasis
2	Locoregional skin metastasis 2, right mid-calf	6	986	HS6ST3	162	40	0.5	metastasis
0	Primary, right lower calf	1	987	GPR83	165	42	0.5	primary
1	Locoregional skin metastasis 1, right calf	1	987	GPR83	109	72	0.5	metastasis
2	Locoregional skin metastasis 2, right mid-calf	1	987	GPR83	164	31	0.5	metastasis
0	Primary, right lower calf	4	988	LRP2	154	19	0.5	primary
1	Locoregional skin metastasis 1, right calf	4	988	LRP2	131	62	0.5	metastasis
2	Locoregional skin metastasis 2, right mid-calf	4	988	LRP2	177	50	0.5	metastasis
0	Primary, right lower calf	6	989	C8B	89	24	0.5	primary
1	Locoregional skin metastasis 1, right calf	6	989	C8B	44	51	0.5	metastasis
2	Locoregional skin metastasis 2, right mid-calf	6	989	C8B	109	31	0.5	metastasis
0	Primary, right lower calf	2	990	PLA1A	148	1	0.5	primary
1	Locoregional skin metastasis 1, right calf	2	990	PLA1A	147	0	0.5	metastasis
2	Locoregional skin metastasis 2, right mid-calf	2	990	PLA1A	133	32	0.5	metastasis
0	Primary, right lower calf	6	991	ALS2CL	219	71	0.5	primary
1	Locoregional skin metastasis 1, right calf	6	991	ALS2CL	198	112	0.5	metastasis
2	Locoregional skin metastasis 2, right mid-calf	6	991	ALS2CL	258	91	0.5	metastasis
0	Primary, right lower calf	6	992	FAT3	309	103	0.5	primary
1	Locoregional skin metastasis 1, right calf	6	992	FAT3	212	153	0.5	metastasis
2	Locoregional skin metastasis 2, right mid-calf	6	992	FAT3	256	78	0.5	metastasis
0	Primary, right lower calf	6	993	NPC1L1	108	47	0.5	primary
1	Locoregional skin metastasis 1, right calf	6	993	NPC1L1	70	48	0.5	metastasis
2	Locoregional skin metastasis 2, right mid-calf	6	993	NPC1L1	119	28	0.5	metastasis
0	Primary, right lower calf	6	994	KLHDC8A	179	56	0.5	primary
1	Locoregional skin metastasis 1, right calf	6	994	KLHDC8A	104	64	0.5	metastasis
2	Locoregional skin metastasis 2, right mid-calf	6	994	KLHDC8A	163	56	0.5	metastasis
0	Primary, right lower calf	6	995	RAPGEF3	282	121	0.5	primary
1	Locoregional skin metastasis 1, right calf	6	995	RAPGEF3	220	177	0.5	metastasis
2	Locoregional skin metastasis 2, right mid-calf	6	995	RAPGEF3	313	105	0.5	metastasis
0	Primary, right lower calf	6	996	TDRD12	118	40	0.5	primary
1	Locoregional skin metastasis 1, right calf	6	996	TDRD12	97	49	0.5	metastasis
2	Locoregional skin metastasis 2, right mid-calf	6	996	TDRD12	119	39	0.5	metastasis
0	Primary, right lower calf	1	997	FAM71E2	438	129	0.5	primary
1	Locoregional skin metastasis 1, right calf	1	997	FAM71E2	285	178	0.5	metastasis
2	Locoregional skin metastasis 2, right mid-calf	1	997	FAM71E2	364	125	0.5	metastasis
0	Primary, right lower calf	6	998	RSAD2	183	69	0.5	primary
1	Locoregional skin metastasis 1, right calf	6	998	RSAD2	178	124	0.5	metastasis
2	Locoregional skin metastasis 2, right mid-calf	6	998	RSAD2	265	81	0.5	metastasis
0	Primary, right lower calf	4	999	FAM160A2	111	10	0.5	primary
1	Locoregional skin metastasis 1, right calf	4	999	FAM160A2	55	35	0.5	metastasis
2	Locoregional skin metastasis 2, right mid-calf	4	999	FAM160A2	76	24	0.5	metastasis
0	Primary, right lower calf	4	1000	TTN	294	31	0.5	primary
1	Locoregional skin metastasis 1, right calf	4	1000	TTN	172	129	0.5	metastasis
2	Locoregional skin metastasis 2, right mid-calf	4	1000	TTN	302	83	0.5	metastasis
0	Primary, right lower calf	6	1001	DDX6	133	72	0.5	primary
1	Locoregional skin metastasis 1, right calf	6	1001	DDX6	91	74	0.5	metastasis
2	Locoregional skin metastasis 2, right mid-calf	6	1001	DDX6	130	51	0.5	metastasis
0	Primary, right lower calf	1	1002	PRDM11	600	183	0.5	primary
1	Locoregional skin metastasis 1, right calf	1	1002	PRDM11	476	319	0.5	metastasis
2	Locoregional skin metastasis 2, right mid-calf	1	1002	PRDM11	689	208	0.5	metastasis
0	Primary, right lower calf	6	1003	CFHR3	31	12	0.5	primary
1	Locoregional skin metastasis 1, right calf	6	1003	CFHR3	18	21	0.5	metastasis
2	Locoregional skin metastasis 2, right mid-calf	6	1003	CFHR3	32	6	0.5	metastasis
0	Primary, right lower calf	1	1004	HSPB7	717	190	0.5	primary
1	Locoregional skin metastasis 1, right calf	1	1004	HSPB7	452	338	0.5	metastasis
2	Locoregional skin metastasis 2, right mid-calf	1	1004	HSPB7	681	231	0.5	metastasis
0	Primary, right lower calf	6	1005	ZNF512B	215	70	0.5	primary
1	Locoregional skin metastasis 1, right calf	6	1005	ZNF512B	155	108	0.5	metastasis
2	Locoregional skin metastasis 2, right mid-calf	6	1005	ZNF512B	191	81	0.5	metastasis
0	Primary, right lower calf	6	1006	GRID2	44	13	0.5	primary
1	Locoregional skin metastasis 1, right calf	6	1006	GRID2	29	33	0.5	metastasis
2	Locoregional skin metastasis 2, right mid-calf	6	1006	GRID2	62	15	0.5	metastasis
0	Primary, right lower calf	6	1007	ARHGEF18	11	3	0.5	primary
1	Locoregional skin metastasis 1, right calf	6	1007	ARHGEF18	9	15	0.5	metastasis
2	Locoregional skin metastasis 2, right mid-calf	6	1007	ARHGEF18	18	4	0.5	metastasis
0	Primary, right lower calf	6	1008	UGT3A1	224	87	0.5	primary
1	Locoregional skin metastasis 1, right calf	6	1008	UGT3A1	166	115	0.5	metastasis
2	Locoregional skin metastasis 2, right mid-calf	6	1008	UGT3A1	255	88	0.5	metastasis
0	Primary, right lower calf	6	1009	THADA	89	31	0.5	primary
1	Locoregional skin metastasis 1, right calf	6	1009	THADA	48	42	0.5	metastasis
2	Locoregional skin metastasis 2, right mid-calf	6	1009	THADA	75	25	0.5	metastasis
0	Primary, right lower calf	2	1010	CTNNB1	351	12	0.5	primary
1	Locoregional skin metastasis 1, right calf	2	1010	CTNNB1	377	0	0.5	metastasis
2	Locoregional skin metastasis 2, right mid-calf	2	1010	CTNNB1	427	133	0.5	metastasis
0	Primary, right lower calf	1	1011	CALCOCO1	52	10	0.5	primary
1	Locoregional skin metastasis 1, right calf	1	1011	CALCOCO1	38	25	0.5	metastasis
2	Locoregional skin metastasis 2, right mid-calf	1	1011	CALCOCO1	49	16	0.5	metastasis
0	Primary, right lower calf	4	1012	CCDC140	237	37	0.5	primary
1	Locoregional skin metastasis 1, right calf	4	1012	CCDC140	161	100	0.5	metastasis
2	Locoregional skin metastasis 2, right mid-calf	4	1012	CCDC140	246	86	0.5	metastasis
0	Primary, right lower calf	6	1013	STAB1	204	52	0.5	primary
1	Locoregional skin metastasis 1, right calf	6	1013	STAB1	154	115	0.5	metastasis
2	Locoregional skin metastasis 2, right mid-calf	6	1013	STAB1	236	109	0.5	metastasis
0	Primary, right lower calf	4	1014	PDXDC2P	40	6	0.5	primary
1	Locoregional skin metastasis 1, right calf	4	1014	PDXDC2P	34	20	0.5	metastasis
2	Locoregional skin metastasis 2, right mid-calf	4	1014	PDXDC2P	53	12	0.5	metastasis
0	Primary, right lower calf	1	1015	ABCA13	335	89	0.5	primary
1	Locoregional skin metastasis 1, right calf	1	1015	ABCA13	224	137	0.5	metastasis
2	Locoregional skin metastasis 2, right mid-calf	1	1015	ABCA13	324	131	0.5	metastasis
0	Primary, right lower calf	6	1016	CST2	48	23	0.5	primary
1	Locoregional skin metastasis 1, right calf	6	1016	CST2	33	23	0.5	metastasis
2	Locoregional skin metastasis 2, right mid-calf	6	1016	CST2	46	21	0.5	metastasis
0	Primary, right lower calf	6	1017	SLC9A10	88	26	0.5	primary
1	Locoregional skin metastasis 1, right calf	6	1017	SLC9A10	75	66	0.5	metastasis
2	Locoregional skin metastasis 2, right mid-calf	6	1017	SLC9A10	132	42	0.5	metastasis
0	Primary, right lower calf	6	1018	TFF1	27	6	0.5	primary
1	Locoregional skin metastasis 1, right calf	6	1018	TFF1	19	11	0.5	metastasis
2	Locoregional skin metastasis 2, right mid-calf	6	1018	TFF1	20	10	0.5	metastasis
0	Primary, right lower calf	4	1019	HSP90B3P	148	23	0.5	primary
1	Locoregional skin metastasis 1, right calf	4	1019	HSP90B3P	111	94	0.5	metastasis
2	Locoregional skin metastasis 2, right mid-calf	4	1019	HSP90B3P	175	44	0.5	metastasis
0	Primary, right lower calf	6	1020	SHANK1	58	20	0.5	primary
1	Locoregional skin metastasis 1, right calf	6	1020	SHANK1	31	27	0.5	metastasis
2	Locoregional skin metastasis 2, right mid-calf	6	1020	SHANK1	56	20	0.5	metastasis
0	Primary, right lower calf	1	1021	C2orf89	515	145	0.5	primary
1	Locoregional skin metastasis 1, right calf	1	1021	C2orf89	415	270	0.5	metastasis
2	Locoregional skin metastasis 2, right mid-calf	1	1021	C2orf89	519	165	0.5	metastasis
0	Primary, right lower calf	6	1022	TMEM134	47	17	0.5	primary
1	Locoregional skin metastasis 1, right calf	6	1022	TMEM134	24	18	0.5	metastasis
2	Locoregional skin metastasis 2, right mid-calf	6	1022	TMEM134	31	12	0.5	metastasis
0	Primary, right lower calf	6	1023	OR2A5	204	94	0.5	primary
1	Locoregional skin metastasis 1, right calf	6	1023	OR2A5	176	117	0.5	metastasis
2	Locoregional skin metastasis 2, right mid-calf	6	1023	OR2A5	224	49	0.5	metastasis
0	Primary, right lower calf	6	1024	POLR2G	55	43	0.5	primary
1	Locoregional skin metastasis 1, right calf	6	1024	POLR2G	55	39	0.5	metastasis
2	Locoregional skin metastasis 2, right mid-calf	6	1024	POLR2G	51	27	0.5	metastasis
0	Primary, right lower calf	6	1025	NLRP10	210	84	0.5	primary
1	Locoregional skin metastasis 1, right calf	6	1025	NLRP10	187	116	0.5	metastasis
2	Locoregional skin metastasis 2, right mid-calf	6	1025	NLRP10	231	68	0.5	metastasis
0	Primary, right lower calf	4	1026	SCRN1	501	70	0.5	primary
1	Locoregional skin metastasis 1, right calf	4	1026	SCRN1	321	162	0.5	metastasis
2	Locoregional skin metastasis 2, right mid-calf	4	1026	SCRN1	392	120	0.5	metastasis
0	Primary, right lower calf	1	1027	AK127846	563	149	0.5	primary
1	Locoregional skin metastasis 1, right calf	1	1027	AK127846	420	227	0.5	metastasis
2	Locoregional skin metastasis 2, right mid-calf	1	1027	AK127846	534	163	0.5	metastasis
0	Primary, right lower calf	6	1028	C11orf51	39	11	0.5	primary
1	Locoregional skin metastasis 1, right calf	6	1028	C11orf51	36	17	0.5	metastasis
2	Locoregional skin metastasis 2, right mid-calf	6	1028	C11orf51	44	17	0.5	metastasis
0	Primary, right lower calf	6	1029	IL7R	567	201	0.5	primary
1	Locoregional skin metastasis 1, right calf	6	1029	IL7R	370	255	0.5	metastasis
2	Locoregional skin metastasis 2, right mid-calf	6	1029	IL7R	623	207	0.5	metastasis
0	Primary, right lower calf	6	1030	AP4B1	82	35	0.5	primary
1	Locoregional skin metastasis 1, right calf	6	1030	AP4B1	73	55	0.5	metastasis
2	Locoregional skin metastasis 2, right mid-calf	6	1030	AP4B1	107	26	0.5	metastasis
0	Primary, right lower calf	2	1031	PAPPA2	313	36	0.5	primary
1	Locoregional skin metastasis 1, right calf	2	1031	PAPPA2	313	0	0.5	metastasis
2	Locoregional skin metastasis 2, right mid-calf	2	1031	PAPPA2	353	0	0.5	metastasis
0	Primary, right lower calf	6	1032	TRAPPC11	158	55	0.5	primary
1	Locoregional skin metastasis 1, right calf	6	1032	TRAPPC11	111	74	0.5	metastasis
2	Locoregional skin metastasis 2, right mid-calf	6	1032	TRAPPC11	168	43	0.5	metastasis
0	Primary, right lower calf	1	1033	COL20A1	160	36	0.5	primary
1	Locoregional skin metastasis 1, right calf	1	1033	COL20A1	103	66	0.5	metastasis
2	Locoregional skin metastasis 2, right mid-calf	1	1033	COL20A1	154	54	0.5	metastasis
0	Primary, right lower calf	6	1034	MRPS26	34	13	0.5	primary
1	Locoregional skin metastasis 1, right calf	6	1034	MRPS26	23	20	0.5	metastasis
2	Locoregional skin metastasis 2, right mid-calf	6	1034	MRPS26	37	11	0.5	metastasis
0	Primary, right lower calf	6	1035	KNTC1	35	8	0.5	primary
1	Locoregional skin metastasis 1, right calf	6	1035	KNTC1	32	19	0.5	metastasis
2	Locoregional skin metastasis 2, right mid-calf	6	1035	KNTC1	45	14	0.5	metastasis
0	Primary, right lower calf	1	1036	PTPRT	264	79	0.5	primary
1	Locoregional skin metastasis 1, right calf	1	1036	PTPRT	197	114	0.5	metastasis
2	Locoregional skin metastasis 2, right mid-calf	1	1036	PTPRT	277	85	0.5	metastasis
0	Primary, right lower calf	6	1037	ANK2	223	81	0.5	primary
1	Locoregional skin metastasis 1, right calf	6	1037	ANK2	183	120	0.5	metastasis
2	Locoregional skin metastasis 2, right mid-calf	6	1037	ANK2	306	83	0.5	metastasis
0	Primary, right lower calf	6	1038	MYF5	189	76	0.5	primary
1	Locoregional skin metastasis 1, right calf	6	1038	MYF5	169	97	0.5	metastasis
2	Locoregional skin metastasis 2, right mid-calf	6	1038	MYF5	249	73	0.5	metastasis
0	Primary, right lower calf	0	1039	NBAS	172	14	0.5	primary
1	Locoregional skin metastasis 1, right calf	0	1039	NBAS	116	65	0.5	metastasis
2	Locoregional skin metastasis 2, right mid-calf	0	1039	NBAS	212	13	0.5	metastasis
0	Primary, right lower calf	1	1040	ADAMTS20	145	34	0.5	primary
1	Locoregional skin metastasis 1, right calf	1	1040	ADAMTS20	139	56	0.5	metastasis
2	Locoregional skin metastasis 2, right mid-calf	1	1040	ADAMTS20	155	49	0.5	metastasis
0	Primary, right lower calf	4	1041	TRPC4	193	32	0.5	primary
1	Locoregional skin metastasis 1, right calf	4	1041	TRPC4	127	60	0.5	metastasis
2	Locoregional skin metastasis 2, right mid-calf	4	1041	TRPC4	198	57	0.5	metastasis
0	Primary, right lower calf	6	1042	FLG2	204	73	0.5	primary
1	Locoregional skin metastasis 1, right calf	6	1042	FLG2	137	95	0.5	metastasis
2	Locoregional skin metastasis 2, right mid-calf	6	1042	FLG2	274	68	0.5	metastasis
0	Primary, right lower calf	1	1043	MAGI1	383	83	0.5	primary
1	Locoregional skin metastasis 1, right calf	1	1043	MAGI1	327	159	0.5	metastasis
2	Locoregional skin metastasis 2, right mid-calf	1	1043	MAGI1	464	97	0.5	metastasis
0	Primary, right lower calf	6	1044	OR10A2	782	281	0.5	primary
1	Locoregional skin metastasis 1, right calf	6	1044	OR10A2	523	345	0.5	metastasis
2	Locoregional skin metastasis 2, right mid-calf	6	1044	OR10A2	868	306	0.5	metastasis
0	Primary, right lower calf	6	1045	MUC5B	97	27	0.5	primary
1	Locoregional skin metastasis 1, right calf	6	1045	MUC5B	65	48	0.5	metastasis
2	Locoregional skin metastasis 2, right mid-calf	6	1045	MUC5B	83	41	0.5	metastasis
0	Primary, right lower calf	1	1046	SLC12A1	69	19	0.5	primary
1	Locoregional skin metastasis 1, right calf	1	1046	SLC12A1	41	20	0.5	metastasis
2	Locoregional skin metastasis 2, right mid-calf	1	1046	SLC12A1	68	17	0.5	metastasis
0	Primary, right lower calf	6	1047	C16orf96	162	50	0.5	primary
1	Locoregional skin metastasis 1, right calf	6	1047	C16orf96	99	72	0.5	metastasis
2	Locoregional skin metastasis 2, right mid-calf	6	1047	C16orf96	117	43	0.5	metastasis
0	Primary, right lower calf	0	1048	PTPN13	313	16	0.5	primary
1	Locoregional skin metastasis 1, right calf	0	1048	PTPN13	170	136	0.5	metastasis
2	Locoregional skin metastasis 2, right mid-calf	0	1048	PTPN13	334	18	0.5	metastasis
0	Primary, right lower calf	1	1049	ADAMTS4	88	20	0.5	primary
1	Locoregional skin metastasis 1, right calf	1	1049	ADAMTS4	63	42	0.5	metastasis
2	Locoregional skin metastasis 2, right mid-calf	1	1049	ADAMTS4	80	16	0.5	metastasis
0	Primary, right lower calf	6	1050	MAN2A2	294	135	0.5	primary
1	Locoregional skin metastasis 1, right calf	6	1050	MAN2A2	274	175	0.5	metastasis
2	Locoregional skin metastasis 2, right mid-calf	6	1050	MAN2A2	332	116	0.5	metastasis
0	Primary, right lower calf	6	1051	MLL2	122	42	0.5	primary
1	Locoregional skin metastasis 1, right calf	6	1051	MLL2	103	45	0.5	metastasis
2	Locoregional skin metastasis 2, right mid-calf	6	1051	MLL2	127	38	0.5	metastasis
0	Primary, right lower calf	4	1052	LRP1B	256	38	0.5	primary
1	Locoregional skin metastasis 1, right calf	4	1052	LRP1B	143	82	0.5	metastasis
2	Locoregional skin metastasis 2, right mid-calf	4	1052	LRP1B	212	59	0.5	metastasis
0	Primary, right lower calf	1	1053	DNAH5	234	75	0.5	primary
1	Locoregional skin metastasis 1, right calf	1	1053	DNAH5	201	101	0.5	metastasis
2	Locoregional skin metastasis 2, right mid-calf	1	1053	DNAH5	287	78	0.5	metastasis
0	Primary, right lower calf	6	1054	UCP2	188	53	0.5	primary
1	Locoregional skin metastasis 1, right calf	6	1054	UCP2	129	88	0.5	metastasis
2	Locoregional skin metastasis 2, right mid-calf	6	1054	UCP2	169	65	0.5	metastasis
0	Primary, right lower calf	6	1055	MUC17	126	66	0.5	primary
1	Locoregional skin metastasis 1, right calf	6	1055	MUC17	122	58	0.5	metastasis
2	Locoregional skin metastasis 2, right mid-calf	6	1055	MUC17	145	45	0.5	metastasis
0	Primary, right lower calf	1	1056	C20orf144	96	20	0.5	primary
1	Locoregional skin metastasis 1, right calf	1	1056	C20orf144	52	21	0.5	metastasis
2	Locoregional skin metastasis 2, right mid-calf	1	1056	C20orf144	70	32	0.5	metastasis
0	Primary, right lower calf	6	1057	DNAJA3	174	66	0.5	primary
1	Locoregional skin metastasis 1, right calf	6	1057	DNAJA3	151	91	0.5	metastasis
2	Locoregional skin metastasis 2, right mid-calf	6	1057	DNAJA3	186	64	0.5	metastasis
0	Primary, right lower calf	6	1058	PCNXL2	142	61	0.5	primary
1	Locoregional skin metastasis 1, right calf	6	1058	PCNXL2	116	56	0.5	metastasis
2	Locoregional skin metastasis 2, right mid-calf	6	1058	PCNXL2	143	54	0.5	metastasis
0	Primary, right lower calf	4	1059	CHPF	87	11	0.5	primary
1	Locoregional skin metastasis 1, right calf	4	1059	CHPF	49	29	0.5	metastasis
2	Locoregional skin metastasis 2, right mid-calf	4	1059	CHPF	73	24	0.5	metastasis
0	Primary, right lower calf	6	1060	MACC1	384	133	0.5	primary
1	Locoregional skin metastasis 1, right calf	6	1060	MACC1	297	192	0.5	metastasis
2	Locoregional skin metastasis 2, right mid-calf	6	1060	MACC1	456	149	0.5	metastasis
0	Primary, right lower calf	6	1061	NPHS2	39	20	0.5	primary
1	Locoregional skin metastasis 1, right calf	6	1061	NPHS2	20	23	0.5	metastasis
2	Locoregional skin metastasis 2, right mid-calf	6	1061	NPHS2	41	8	0.5	metastasis
0	Primary, right lower calf	6	1062	TSPAN2	223	95	0.5	primary
1	Locoregional skin metastasis 1, right calf	6	1062	TSPAN2	158	97	0.5	metastasis
2	Locoregional skin metastasis 2, right mid-calf	6	1062	TSPAN2	250	76	0.5	metastasis
0	Primary, right lower calf	6	1063	LY9	105	31	0.5	primary
1	Locoregional skin metastasis 1, right calf	6	1063	LY9	68	48	0.5	metastasis
2	Locoregional skin metastasis 2, right mid-calf	6	1063	LY9	93	26	0.5	metastasis
0	Primary, right lower calf	6	1064	KIAA1683	478	186	0.5	primary
1	Locoregional skin metastasis 1, right calf	6	1064	KIAA1683	356	254	0.5	metastasis
2	Locoregional skin metastasis 2, right mid-calf	6	1064	KIAA1683	427	192	0.5	metastasis
0	Primary, right lower calf	4	1065	MYBPC1	107	11	0.5	primary
1	Locoregional skin metastasis 1, right calf	4	1065	MYBPC1	72	48	0.5	metastasis
2	Locoregional skin metastasis 2, right mid-calf	4	1065	MYBPC1	82	27	0.5	metastasis
0	Primary, right lower calf	6	1066	DLL4	137	47	0.5	primary
1	Locoregional skin metastasis 1, right calf	6	1066	DLL4	120	69	0.5	metastasis
2	Locoregional skin metastasis 2, right mid-calf	6	1066	DLL4	135	47	0.5	metastasis
0	Primary, right lower calf	6	1067	MRPL21	66	26	0.5	primary
1	Locoregional skin metastasis 1, right calf	6	1067	MRPL21	48	41	0.5	metastasis
2	Locoregional skin metastasis 2, right mid-calf	6	1067	MRPL21	68	27	0.5	metastasis
0	Primary, right lower calf	1	1068	ANO7	65	17	0.5	primary
1	Locoregional skin metastasis 1, right calf	1	1068	ANO7	51	32	0.5	metastasis
2	Locoregional skin metastasis 2, right mid-calf	1	1068	ANO7	67	15	0.5	metastasis
0	Primary, right lower calf	2	1069	MUC17	198	31	0.5	primary
1	Locoregional skin metastasis 1, right calf	2	1069	MUC17	187	0	0.5	metastasis
2	Locoregional skin metastasis 2, right mid-calf	2	1069	MUC17	233	0	0.5	metastasis
0	Primary, right lower calf	6	1070	SCAPER	234	93	0.5	primary
1	Locoregional skin metastasis 1, right calf	6	1070	SCAPER	191	122	0.5	metastasis
2	Locoregional skin metastasis 2, right mid-calf	6	1070	SCAPER	292	80	0.5	metastasis
0	Primary, right lower calf	6	1071	COL4A3BP	44	17	0.5	primary
1	Locoregional skin metastasis 1, right calf	6	1071	COL4A3BP	28	24	0.5	metastasis
2	Locoregional skin metastasis 2, right mid-calf	6	1071	COL4A3BP	51	9	0.5	metastasis
0	Primary, right lower calf	1	1072	LRP2	335	74	0.5	primary
1	Locoregional skin metastasis 1, right calf	1	1072	LRP2	306	194	0.5	metastasis
2	Locoregional skin metastasis 2, right mid-calf	1	1072	LRP2	429	132	0.5	metastasis
0	Primary, right lower calf	4	1073	PDCD1	48	3	0.5	primary
1	Locoregional skin metastasis 1, right calf	4	1073	PDCD1	34	20	0.5	metastasis
2	Locoregional skin metastasis 2, right mid-calf	4	1073	PDCD1	45	19	0.5	metastasis
0	Primary, right lower calf	1	1074	SLC12A6	232	70	0.5	primary
1	Locoregional skin metastasis 1, right calf	1	1074	SLC12A6	208	129	0.5	metastasis
2	Locoregional skin metastasis 2, right mid-calf	1	1074	SLC12A6	236	73	0.5	metastasis
0	Primary, right lower calf	6	1075	WHSC1	133	47	0.5	primary
1	Locoregional skin metastasis 1, right calf	6	1075	WHSC1	119	69	0.5	metastasis
2	Locoregional skin metastasis 2, right mid-calf	6	1075	WHSC1	153	43	0.5	metastasis
0	Primary, right lower calf	4	1076	B7H6	262	47	0.5	primary
1	Locoregional skin metastasis 1, right calf	4	1076	B7H6	146	105	0.5	metastasis
2	Locoregional skin metastasis 2, right mid-calf	4	1076	B7H6	235	73	0.5	metastasis
0	Primary, right lower calf	6	1077	PZP	15	6	0.5	primary
1	Locoregional skin metastasis 1, right calf	6	1077	PZP	13	10	0.5	metastasis
2	Locoregional skin metastasis 2, right mid-calf	6	1077	PZP	20	5	0.5	metastasis
0	Primary, right lower calf	1	1078	RNF17	204	51	0.5	primary
1	Locoregional skin metastasis 1, right calf	1	1078	RNF17	165	75	0.5	metastasis
2	Locoregional skin metastasis 2, right mid-calf	1	1078	RNF17	180	84	0.5	metastasis
0	Primary, right lower calf	6	1079	APOBR	49	26	0.5	primary
1	Locoregional skin metastasis 1, right calf	6	1079	APOBR	47	35	0.5	metastasis
2	Locoregional skin metastasis 2, right mid-calf	6	1079	APOBR	52	24	0.5	metastasis
0	Primary, right lower calf	1	1080	DCC	524	162	0.5	primary
1	Locoregional skin metastasis 1, right calf	1	1080	DCC	364	211	0.5	metastasis
2	Locoregional skin metastasis 2, right mid-calf	1	1080	DCC	555	163	0.5	metastasis
0	Primary, right lower calf	6	1081	DRD2	162	69	0.5	primary
1	Locoregional skin metastasis 1, right calf	6	1081	DRD2	120	90	0.5	metastasis
2	Locoregional skin metastasis 2, right mid-calf	6	1081	DRD2	181	29	0.5	metastasis
0	Primary, right lower calf	6	1082	SLC12A5	111	52	0.5	primary
1	Locoregional skin metastasis 1, right calf	6	1082	SLC12A5	66	48	0.5	metastasis
2	Locoregional skin metastasis 2, right mid-calf	6	1082	SLC12A5	153	52	0.5	metastasis
0	Primary, right lower calf	1	1083	HAO2	360	103	0.5	primary
1	Locoregional skin metastasis 1, right calf	1	1083	HAO2	292	179	0.5	metastasis
2	Locoregional skin metastasis 2, right mid-calf	1	1083	HAO2	470	120	0.5	metastasis
0	Primary, right lower calf	4	1084	OR13C2	227	39	0.5	primary
1	Locoregional skin metastasis 1, right calf	4	1084	OR13C2	151	83	0.5	metastasis
2	Locoregional skin metastasis 2, right mid-calf	4	1084	OR13C2	267	66	0.5	metastasis
0	Primary, right lower calf	6	1085	EDNRA	767	268	0.5	primary
1	Locoregional skin metastasis 1, right calf	6	1085	EDNRA	525	409	0.5	metastasis
2	Locoregional skin metastasis 2, right mid-calf	6	1085	EDNRA	827	323	0.5	metastasis
0	Primary, right lower calf	1	1086	APLF	76	15	0.5	primary
1	Locoregional skin metastasis 1, right calf	1	1086	APLF	55	39	0.5	metastasis
2	Locoregional skin metastasis 2, right mid-calf	1	1086	APLF	103	31	0.5	metastasis
0	Primary, right lower calf	6	1087	NAPSA	53	26	0.5	primary
1	Locoregional skin metastasis 1, right calf	6	1087	NAPSA	67	37	0.5	metastasis
2	Locoregional skin metastasis 2, right mid-calf	6	1087	NAPSA	77	31	0.5	metastasis
0	Primary, right lower calf	1	1088	LGI2	72	16	0.5	primary
1	Locoregional skin metastasis 1, right calf	1	1088	LGI2	38	31	0.5	metastasis
2	Locoregional skin metastasis 2, right mid-calf	1	1088	LGI2	56	22	0.5	metastasis
0	Primary, right lower calf	6	1089	HIF3A	516	225	0.5	primary
1	Locoregional skin metastasis 1, right calf	6	1089	HIF3A	354	239	0.5	metastasis
2	Locoregional skin metastasis 2, right mid-calf	6	1089	HIF3A	501	156	0.5	metastasis
0	Primary, right lower calf	6	1090	ACSM1	524	196	0.5	primary
1	Locoregional skin metastasis 1, right calf	6	1090	ACSM1	386	240	0.5	metastasis
2	Locoregional skin metastasis 2, right mid-calf	6	1090	ACSM1	546	212	0.5	metastasis
0	Primary, right lower calf	6	1091	LRIG1	43	12	0.5	primary
1	Locoregional skin metastasis 1, right calf	6	1091	LRIG1	32	23	0.5	metastasis
2	Locoregional skin metastasis 2, right mid-calf	6	1091	LRIG1	47	9	0.5	metastasis
0	Primary, right lower calf	6	1092	TMCO3	293	106	0.5	primary
1	Locoregional skin metastasis 1, right calf	6	1092	TMCO3	213	113	0.5	metastasis
2	Locoregional skin metastasis 2, right mid-calf	6	1092	TMCO3	342	79	0.5	metastasis
0	Primary, right lower calf	6	1093	ATP6V0A2	70	28	0.5	primary
1	Locoregional skin metastasis 1, right calf	6	1093	ATP6V0A2	77	51	0.5	metastasis
2	Locoregional skin metastasis 2, right mid-calf	6	1093	ATP6V0A2	84	39	0.5	metastasis
0	Primary, right lower calf	6	1094	CDH8	268	92	0.5	primary
1	Locoregional skin metastasis 1, right calf	6	1094	CDH8	189	118	0.5	metastasis
2	Locoregional skin metastasis 2, right mid-calf	6	1094	CDH8	325	87	0.5	metastasis
0	Primary, right lower calf	6	1095	DEFB126	363	135	0.5	primary
1	Locoregional skin metastasis 1, right calf	6	1095	DEFB126	231	154	0.5	metastasis
2	Locoregional skin metastasis 2, right mid-calf	6	1095	DEFB126	419	124	0.5	metastasis
0	Primary, right lower calf	6	1096	SLC9A4	353	182	0.5	primary
1	Locoregional skin metastasis 1, right calf	6	1096	SLC9A4	310	262	0.5	metastasis
2	Locoregional skin metastasis 2, right mid-calf	6	1096	SLC9A4	543	161	0.5	metastasis
0	Primary, right lower calf	2	1097	NLRP5	283	53	0.5	primary
1	Locoregional skin metastasis 1, right calf	2	1097	NLRP5	269	0	0.5	metastasis
2	Locoregional skin metastasis 2, right mid-calf	2	1097	NLRP5	348	0	0.5	metastasis
0	Primary, right lower calf	6	1098	FCAMR	361	138	0.5	primary
1	Locoregional skin metastasis 1, right calf	6	1098	FCAMR	248	198	0.5	metastasis
2	Locoregional skin metastasis 2, right mid-calf	6	1098	FCAMR	370	145	0.5	metastasis
0	Primary, right lower calf	4	1099	ADAMTS20	267	42	0.5	primary
1	Locoregional skin metastasis 1, right calf	4	1099	ADAMTS20	157	91	0.5	metastasis
2	Locoregional skin metastasis 2, right mid-calf	4	1099	ADAMTS20	291	61	0.5	metastasis
0	Primary, right lower calf	6	1100	MEFV	65	16	0.5	primary
1	Locoregional skin metastasis 1, right calf	6	1100	MEFV	58	52	0.5	metastasis
2	Locoregional skin metastasis 2, right mid-calf	6	1100	MEFV	74	23	0.5	metastasis
0	Primary, right lower calf	1	1101	CD1C	600	120	0.5	primary
1	Locoregional skin metastasis 1, right calf	1	1101	CD1C	397	265	0.5	metastasis
2	Locoregional skin metastasis 2, right mid-calf	1	1101	CD1C	588	187	0.5	metastasis
0	Primary, right lower calf	1	1102	C2orf55	119	25	0.5	primary
1	Locoregional skin metastasis 1, right calf	1	1102	C2orf55	102	48	0.5	metastasis
2	Locoregional skin metastasis 2, right mid-calf	1	1102	C2orf55	116	34	0.5	metastasis
0	Primary, right lower calf	6	1103	LOC440040	83	25	0.5	primary
1	Locoregional skin metastasis 1, right calf	6	1103	LOC440040	47	48	0.5	metastasis
2	Locoregional skin metastasis 2, right mid-calf	6	1103	LOC440040	67	24	0.5	metastasis
0	Primary, right lower calf	1	1104	VWA5A	222	67	0.5	primary
1	Locoregional skin metastasis 1, right calf	1	1104	VWA5A	139	70	0.5	metastasis
2	Locoregional skin metastasis 2, right mid-calf	1	1104	VWA5A	227	74	0.5	metastasis
0	Primary, right lower calf	6	1105	DNAH3	158	69	0.5	primary
1	Locoregional skin metastasis 1, right calf	6	1105	DNAH3	134	117	0.5	metastasis
2	Locoregional skin metastasis 2, right mid-calf	6	1105	DNAH3	174	56	0.5	metastasis
0	Primary, right lower calf	6	1106	PACS1	123	39	0.5	primary
1	Locoregional skin metastasis 1, right calf	6	1106	PACS1	92	58	0.5	metastasis
2	Locoregional skin metastasis 2, right mid-calf	6	1106	PACS1	114	31	0.5	metastasis
0	Primary, right lower calf	4	1107	DCAF16	235	34	0.5	primary
1	Locoregional skin metastasis 1, right calf	4	1107	DCAF16	138	83	0.5	metastasis
2	Locoregional skin metastasis 2, right mid-calf	4	1107	DCAF16	179	61	0.5	metastasis
0	Primary, right lower calf	1	1108	CXXC11	285	72	0.5	primary
1	Locoregional skin metastasis 1, right calf	1	1108	CXXC11	161	109	0.5	metastasis
2	Locoregional skin metastasis 2, right mid-calf	1	1108	CXXC11	269	90	0.5	metastasis
0	Primary, right lower calf	1	1109	ATR	98	23	0.5	primary
1	Locoregional skin metastasis 1, right calf	1	1109	ATR	80	37	0.5	metastasis
2	Locoregional skin metastasis 2, right mid-calf	1	1109	ATR	86	19	0.5	metastasis
0	Primary, right lower calf	6	1110	ZNF322	6	1	0.5	primary
1	Locoregional skin metastasis 1, right calf	6	1110	ZNF322	5	4	0.5	metastasis
2	Locoregional skin metastasis 2, right mid-calf	6	1110	ZNF322	11	3	0.5	metastasis
0	Primary, right lower calf	6	1111	LPAR3	229	93	0.5	primary
1	Locoregional skin metastasis 1, right calf	6	1111	LPAR3	194	164	0.5	metastasis
2	Locoregional skin metastasis 2, right mid-calf	6	1111	LPAR3	303	114	0.5	metastasis
0	Primary, right lower calf	4	1112	OR2A12	1008	117	0.5	primary
1	Locoregional skin metastasis 1, right calf	4	1112	OR2A12	629	361	0.5	metastasis
2	Locoregional skin metastasis 2, right mid-calf	4	1112	OR2A12	926	277	0.5	metastasis
0	Primary, right lower calf	1	1113	SURF6	1237	344	0.5	primary
1	Locoregional skin metastasis 1, right calf	1	1113	SURF6	849	501	0.5	metastasis
2	Locoregional skin metastasis 2, right mid-calf	1	1113	SURF6	1190	400	0.5	metastasis
0	Primary, right lower calf	6	1114	CCDC141	382	161	0.5	primary
1	Locoregional skin metastasis 1, right calf	6	1114	CCDC141	348	243	0.5	metastasis
2	Locoregional skin metastasis 2, right mid-calf	6	1114	CCDC141	517	180	0.5	metastasis
0	Primary, right lower calf	6	1115	ITGA7	15	6	0.5	primary
1	Locoregional skin metastasis 1, right calf	6	1115	ITGA7	7	6	0.5	metastasis
2	Locoregional skin metastasis 2, right mid-calf	6	1115	ITGA7	7	6	0.5	metastasis
0	Primary, right lower calf	6	1116	ITPKC	20	13	0.5	primary
1	Locoregional skin metastasis 1, right calf	6	1116	ITPKC	18	15	0.5	metastasis
2	Locoregional skin metastasis 2, right mid-calf	6	1116	ITPKC	17	6	0.5	metastasis
0	Primary, right lower calf	1	1117	TIE1	320	81	0.5	primary
1	Locoregional skin metastasis 1, right calf	1	1117	TIE1	185	123	0.5	metastasis
2	Locoregional skin metastasis 2, right mid-calf	1	1117	TIE1	269	86	0.5	metastasis
0	Primary, right lower calf	6	1118	CDH8	154	49	0.5	primary
1	Locoregional skin metastasis 1, right calf	6	1118	CDH8	121	78	0.5	metastasis
2	Locoregional skin metastasis 2, right mid-calf	6	1118	CDH8	183	75	0.5	metastasis
0	Primary, right lower calf	1	1119	SH3BP4	305	90	0.5	primary
1	Locoregional skin metastasis 1, right calf	1	1119	SH3BP4	244	150	0.5	metastasis
2	Locoregional skin metastasis 2, right mid-calf	1	1119	SH3BP4	318	86	0.5	metastasis
0	Primary, right lower calf	4	1120	DNAH10	172	27	0.5	primary
1	Locoregional skin metastasis 1, right calf	4	1120	DNAH10	128	92	0.5	metastasis
2	Locoregional skin metastasis 2, right mid-calf	4	1120	DNAH10	179	61	0.5	metastasis
0	Primary, right lower calf	6	1121	KBTBD12	83	27	0.5	primary
1	Locoregional skin metastasis 1, right calf	6	1121	KBTBD12	72	55	0.5	metastasis
2	Locoregional skin metastasis 2, right mid-calf	6	1121	KBTBD12	96	30	0.5	metastasis
0	Primary, right lower calf	6	1122	DNAJA2	72	27	0.5	primary
1	Locoregional skin metastasis 1, right calf	6	1122	DNAJA2	50	40	0.5	metastasis
2	Locoregional skin metastasis 2, right mid-calf	6	1122	DNAJA2	71	25	0.5	metastasis
0	Primary, right lower calf	4	1123	GRIP1	68	8	0.5	primary
1	Locoregional skin metastasis 1, right calf	4	1123	GRIP1	53	31	0.5	metastasis
2	Locoregional skin metastasis 2, right mid-calf	4	1123	GRIP1	73	23	0.5	metastasis
0	Primary, right lower calf	1	1124	CACNA1D	236	49	0.5	primary
1	Locoregional skin metastasis 1, right calf	1	1124	CACNA1D	185	131	0.5	metastasis
2	Locoregional skin metastasis 2, right mid-calf	1	1124	CACNA1D	278	138	0.5	metastasis
0	Primary, right lower calf	6	1125	LY9	1222	442	0.5	primary
1	Locoregional skin metastasis 1, right calf	6	1125	LY9	837	526	0.5	metastasis
2	Locoregional skin metastasis 2, right mid-calf	6	1125	LY9	1150	393	0.5	metastasis
0	Primary, right lower calf	6	1126	SNAP25	38	10	0.5	primary
1	Locoregional skin metastasis 1, right calf	6	1126	SNAP25	34	12	0.5	metastasis
2	Locoregional skin metastasis 2, right mid-calf	6	1126	SNAP25	49	21	0.5	metastasis
0	Primary, right lower calf	6	1127	IL1RL2	179	86	0.5	primary
1	Locoregional skin metastasis 1, right calf	6	1127	IL1RL2	141	90	0.5	metastasis
2	Locoregional skin metastasis 2, right mid-calf	6	1127	IL1RL2	206	77	0.5	metastasis
0	Primary, right lower calf	6	1128	NLRP11	979	315	0.5	primary
1	Locoregional skin metastasis 1, right calf	6	1128	NLRP11	766	479	0.5	metastasis
2	Locoregional skin metastasis 2, right mid-calf	6	1128	NLRP11	1075	323	0.5	metastasis
0	Primary, right lower calf	4	1129	MAN1C1	220	18	0.5	primary
1	Locoregional skin metastasis 1, right calf	4	1129	MAN1C1	136	84	0.5	metastasis
2	Locoregional skin metastasis 2, right mid-calf	4	1129	MAN1C1	182	57	0.5	metastasis
0	Primary, right lower calf	1	1130	PDE3A	287	70	0.5	primary
1	Locoregional skin metastasis 1, right calf	1	1130	PDE3A	238	161	0.5	metastasis
2	Locoregional skin metastasis 2, right mid-calf	1	1130	PDE3A	336	103	0.5	metastasis
0	Primary, right lower calf	6	1131	KLHL26	337	136	0.5	primary
1	Locoregional skin metastasis 1, right calf	6	1131	KLHL26	205	143	0.5	metastasis
2	Locoregional skin metastasis 2, right mid-calf	6	1131	KLHL26	346	108	0.5	metastasis
0	Primary, right lower calf	1	1132	IL18R1	70	20	0.5	primary
1	Locoregional skin metastasis 1, right calf	1	1132	IL18R1	62	25	0.5	metastasis
2	Locoregional skin metastasis 2, right mid-calf	1	1132	IL18R1	83	27	0.5	metastasis
0	Primary, right lower calf	6	1133	LPHN3	213	80	0.5	primary
1	Locoregional skin metastasis 1, right calf	6	1133	LPHN3	163	121	0.5	metastasis
2	Locoregional skin metastasis 2, right mid-calf	6	1133	LPHN3	254	56	0.5	metastasis
0	Primary, right lower calf	1	1134	GBP1	137	33	0.5	primary
1	Locoregional skin metastasis 1, right calf	1	1134	GBP1	101	75	0.5	metastasis
2	Locoregional skin metastasis 2, right mid-calf	1	1134	GBP1	153	31	0.5	metastasis
0	Primary, right lower calf	6	1135	ARHGAP30	257	87	0.5	primary
1	Locoregional skin metastasis 1, right calf	6	1135	ARHGAP30	170	101	0.5	metastasis
2	Locoregional skin metastasis 2, right mid-calf	6	1135	ARHGAP30	208	90	0.5	metastasis
0	Primary, right lower calf	6	1136	PLCZ1	234	101	0.5	primary
1	Locoregional skin metastasis 1, right calf	6	1136	PLCZ1	184	121	0.5	metastasis
2	Locoregional skin metastasis 2, right mid-calf	6	1136	PLCZ1	321	55	0.5	metastasis
0	Primary, right lower calf	6	1137	CSMD2	227	111	0.5	primary
1	Locoregional skin metastasis 1, right calf	6	1137	CSMD2	205	135	0.5	metastasis
2	Locoregional skin metastasis 2, right mid-calf	6	1137	CSMD2	285	80	0.5	metastasis
0	Primary, right lower calf	4	1138	ODZ4	332	31	0.5	primary
1	Locoregional skin metastasis 1, right calf	4	1138	ODZ4	227	176	0.5	metastasis
2	Locoregional skin metastasis 2, right mid-calf	4	1138	ODZ4	324	117	0.5	metastasis
0	Primary, right lower calf	6	1139	XIRP1	89	28	0.5	primary
1	Locoregional skin metastasis 1, right calf	6	1139	XIRP1	105	72	0.5	metastasis
2	Locoregional skin metastasis 2, right mid-calf	6	1139	XIRP1	128	50	0.5	metastasis
0	Primary, right lower calf	6	1140	FZD1	665	242	0.5	primary
1	Locoregional skin metastasis 1, right calf	6	1140	FZD1	483	300	0.5	metastasis
2	Locoregional skin metastasis 2, right mid-calf	6	1140	FZD1	764	209	0.5	metastasis
0	Primary, right lower calf	6	1141	OR10G8	54	20	0.5	primary
1	Locoregional skin metastasis 1, right calf	6	1141	OR10G8	33	22	0.5	metastasis
2	Locoregional skin metastasis 2, right mid-calf	6	1141	OR10G8	72	19	0.5	metastasis
0	Primary, right lower calf	6	1142	RAB11FIP5	71	33	0.5	primary
1	Locoregional skin metastasis 1, right calf	6	1142	RAB11FIP5	47	40	0.5	metastasis
2	Locoregional skin metastasis 2, right mid-calf	6	1142	RAB11FIP5	78	38	0.5	metastasis
0	Primary, right lower calf	1	1143	MYO5C	113	28	0.5	primary
1	Locoregional skin metastasis 1, right calf	1	1143	MYO5C	78	60	0.5	metastasis
2	Locoregional skin metastasis 2, right mid-calf	1	1143	MYO5C	109	35	0.5	metastasis
0	Primary, right lower calf	6	1144	ADAMTS6	163	63	0.5	primary
1	Locoregional skin metastasis 1, right calf	6	1144	ADAMTS6	121	100	0.5	metastasis
2	Locoregional skin metastasis 2, right mid-calf	6	1144	ADAMTS6	194	48	0.5	metastasis
0	Primary, right lower calf	1	1145	EEA1	353	102	0.5	primary
1	Locoregional skin metastasis 1, right calf	1	1145	EEA1	257	172	0.5	metastasis
2	Locoregional skin metastasis 2, right mid-calf	1	1145	EEA1	362	89	0.5	metastasis
0	Primary, right lower calf	6	1146	CCNI	151	60	0.5	primary
1	Locoregional skin metastasis 1, right calf	6	1146	CCNI	127	88	0.5	metastasis
2	Locoregional skin metastasis 2, right mid-calf	6	1146	CCNI	151	62	0.5	metastasis
0	Primary, right lower calf	1	1147	APOB	295	76	0.5	primary
1	Locoregional skin metastasis 1, right calf	1	1147	APOB	246	134	0.5	metastasis
2	Locoregional skin metastasis 2, right mid-calf	1	1147	APOB	317	125	0.5	metastasis
0	Primary, right lower calf	4	1148	DHX57	62	5	0.5	primary
1	Locoregional skin metastasis 1, right calf	4	1148	DHX57	44	34	0.5	metastasis
2	Locoregional skin metastasis 2, right mid-calf	4	1148	DHX57	75	27	0.5	metastasis
0	Primary, right lower calf	6	1149	COL8A1	111	34	0.5	primary
1	Locoregional skin metastasis 1, right calf	6	1149	COL8A1	95	57	0.5	metastasis
2	Locoregional skin metastasis 2, right mid-calf	6	1149	COL8A1	150	39	0.5	metastasis
0	Primary, right lower calf	6	1150	C7orf61	155	55	0.5	primary
1	Locoregional skin metastasis 1, right calf	6	1150	C7orf61	107	80	0.5	metastasis
2	Locoregional skin metastasis 2, right mid-calf	6	1150	C7orf61	90	34	0.5	metastasis
0	Primary, right lower calf	4	1151	TBC1D5	74	10	0.5	primary
1	Locoregional skin metastasis 1, right calf	4	1151	TBC1D5	51	29	0.5	metastasis
2	Locoregional skin metastasis 2, right mid-calf	4	1151	TBC1D5	105	30	0.5	metastasis
0	Primary, right lower calf	6	1152	ITSN1	176	55	0.5	primary
1	Locoregional skin metastasis 1, right calf	6	1152	ITSN1	107	81	0.5	metastasis
2	Locoregional skin metastasis 2, right mid-calf	6	1152	ITSN1	156	54	0.5	metastasis
0	Primary, right lower calf	6	1153	PKNOX1	113	42	0.5	primary
1	Locoregional skin metastasis 1, right calf	6	1153	PKNOX1	94	50	0.5	metastasis
2	Locoregional skin metastasis 2, right mid-calf	6	1153	PKNOX1	116	32	0.5	metastasis
0	Primary, right lower calf	1	1154	ARSJ	367	113	0.5	primary
1	Locoregional skin metastasis 1, right calf	1	1154	ARSJ	275	157	0.5	metastasis
2	Locoregional skin metastasis 2, right mid-calf	1	1154	ARSJ	409	119	0.5	metastasis
0	Primary, right lower calf	6	1155	LIMCH1	59	24	0.5	primary
1	Locoregional skin metastasis 1, right calf	6	1155	LIMCH1	44	38	0.5	metastasis
2	Locoregional skin metastasis 2, right mid-calf	6	1155	LIMCH1	84	21	0.5	metastasis
0	Primary, right lower calf	6	1156	APBA1	28	5	0.5	primary
1	Locoregional skin metastasis 1, right calf	6	1156	APBA1	8	9	0.5	metastasis
2	Locoregional skin metastasis 2, right mid-calf	6	1156	APBA1	12	2	0.5	metastasis
0	Primary, right lower calf	6	1157	B3GALT2	106	56	0.5	primary
1	Locoregional skin metastasis 1, right calf	6	1157	B3GALT2	84	52	0.5	metastasis
2	Locoregional skin metastasis 2, right mid-calf	6	1157	B3GALT2	162	46	0.5	metastasis
0	Primary, right lower calf	6	1158	KIAA1107	206	84	0.5	primary
1	Locoregional skin metastasis 1, right calf	6	1158	KIAA1107	177	146	0.5	metastasis
2	Locoregional skin metastasis 2, right mid-calf	6	1158	KIAA1107	248	76	0.5	metastasis
0	Primary, right lower calf	1	1159	PTGFR	399	90	0.5	primary
1	Locoregional skin metastasis 1, right calf	1	1159	PTGFR	282	184	0.5	metastasis
2	Locoregional skin metastasis 2, right mid-calf	1	1159	PTGFR	493	147	0.5	metastasis
0	Primary, right lower calf	1	1160	OR4F6	374	117	0.5	primary
1	Locoregional skin metastasis 1, right calf	1	1160	OR4F6	268	162	0.5	metastasis
2	Locoregional skin metastasis 2, right mid-calf	1	1160	OR4F6	450	91	0.5	metastasis
