anatomical_site_index	anatomical_site_label	cluster_index	character_index	character_label	ref	var	var_read_prob	site_category
0	Primary, left ear	2	0	C14orf80	144	69	0.5	primary
1	Lymph node metastasis, left cervical node	2	0	C14orf80	119	44	0.5	metastasis
2	Locoregional skin metastasis, left ear	2	0	C14orf80	146	45	0.5	metastasis
3	Distant skin metastasis, back	2	0	C14orf80	170	62	0.5	metastasis
0	Primary, left ear	2	1	FBXO21	31	20	0.5	primary
1	Lymph node metastasis, left cervical node	2	1	FBXO21	32	19	0.5	metastasis
2	Locoregional skin metastasis, left ear	2	1	FBXO21	28	7	0.5	metastasis
3	Distant skin metastasis, back	2	1	FBXO21	32	15	0.5	metastasis
0	Primary, left ear	2	2	RBM25	133	71	0.5	primary
1	Lymph node metastasis, left cervical node	2	2	RBM25	165	75	0.5	metastasis
2	Locoregional skin metastasis, left ear	2	2	RBM25	65	20	0.5	metastasis
3	Distant skin metastasis, back	2	2	RBM25	138	51	0.5	metastasis
0	Primary, left ear	2	3	FSIP2	72	27	0.5	primary
1	Lymph node metastasis, left cervical node	2	3	FSIP2	62	29	0.5	metastasis
2	Locoregional skin metastasis, left ear	2	3	FSIP2	73	24	0.5	metastasis
3	Distant skin metastasis, back	2	3	FSIP2	58	17	0.5	metastasis
0	Primary, left ear	6	4	PNPLA6	449	276	0.5	primary
1	Lymph node metastasis, left cervical node	6	4	PNPLA6	759	240	0.5	metastasis
2	Locoregional skin metastasis, left ear	6	4	PNPLA6	971	188	0.5	metastasis
3	Distant skin metastasis, back	6	4	PNPLA6	623	190	0.5	metastasis
0	Primary, left ear	2	5	MYH2	11	11	0.5	primary
1	Lymph node metastasis, left cervical node	2	5	MYH2	19	4	0.5	metastasis
2	Locoregional skin metastasis, left ear	2	5	MYH2	19	8	0.5	metastasis
3	Distant skin metastasis, back	2	5	MYH2	15	10	0.5	metastasis
0	Primary, left ear	2	6	PLEKHG1	594	283	0.5	primary
1	Lymph node metastasis, left cervical node	2	6	PLEKHG1	743	299	0.5	metastasis
2	Locoregional skin metastasis, left ear	2	6	PLEKHG1	906	205	0.5	metastasis
3	Distant skin metastasis, back	2	6	PLEKHG1	607	237	0.5	metastasis
0	Primary, left ear	2	7	SSBP4	59	30	0.5	primary
1	Lymph node metastasis, left cervical node	2	7	SSBP4	62	26	0.5	metastasis
2	Locoregional skin metastasis, left ear	2	7	SSBP4	47	12	0.5	metastasis
3	Distant skin metastasis, back	2	7	SSBP4	66	22	0.5	metastasis
0	Primary, left ear	7	8	DNAH9	72	26	0.5	primary
1	Lymph node metastasis, left cervical node	7	8	DNAH9	77	33	0.5	metastasis
2	Locoregional skin metastasis, left ear	7	8	DNAH9	38	5	0.5	metastasis
3	Distant skin metastasis, back	7	8	DNAH9	81	20	0.5	metastasis
0	Primary, left ear	1	9	EPT1	139	56	0.5	primary
1	Lymph node metastasis, left cervical node	1	9	EPT1	177	52	0.5	metastasis
2	Locoregional skin metastasis, left ear	1	9	EPT1	67	10	0.5	metastasis
3	Distant skin metastasis, back	1	9	EPT1	145	56	0.5	metastasis
0	Primary, left ear	7	10	ITGB4	205	72	0.5	primary
1	Lymph node metastasis, left cervical node	7	10	ITGB4	223	80	0.5	metastasis
2	Locoregional skin metastasis, left ear	7	10	ITGB4	177	45	0.5	metastasis
3	Distant skin metastasis, back	7	10	ITGB4	239	74	0.5	metastasis
0	Primary, left ear	1	11	SAMD8	137	53	0.5	primary
1	Lymph node metastasis, left cervical node	1	11	SAMD8	151	50	0.5	metastasis
2	Locoregional skin metastasis, left ear	1	11	SAMD8	58	11	0.5	metastasis
3	Distant skin metastasis, back	1	11	SAMD8	140	57	0.5	metastasis
0	Primary, left ear	5	12	SYT15	179	35	0.5	primary
1	Lymph node metastasis, left cervical node	5	12	SYT15	213	20	0.5	metastasis
2	Locoregional skin metastasis, left ear	5	12	SYT15	247	30	0.5	metastasis
3	Distant skin metastasis, back	5	12	SYT15	255	35	0.5	metastasis
0	Primary, left ear	2	13	CCDC64	100	47	0.5	primary
1	Lymph node metastasis, left cervical node	2	13	CCDC64	127	65	0.5	metastasis
2	Locoregional skin metastasis, left ear	2	13	CCDC64	165	46	0.5	metastasis
3	Distant skin metastasis, back	2	13	CCDC64	117	34	0.5	metastasis
0	Primary, left ear	1	14	FAM194A	217	93	0.5	primary
1	Lymph node metastasis, left cervical node	1	14	FAM194A	277	94	0.5	metastasis
2	Locoregional skin metastasis, left ear	1	14	FAM194A	91	25	0.5	metastasis
3	Distant skin metastasis, back	1	14	FAM194A	219	73	0.5	metastasis
0	Primary, left ear	2	15	C2orf71	242	127	0.5	primary
1	Lymph node metastasis, left cervical node	2	15	C2orf71	241	94	0.5	metastasis
2	Locoregional skin metastasis, left ear	2	15	C2orf71	265	75	0.5	metastasis
3	Distant skin metastasis, back	2	15	C2orf71	226	105	0.5	metastasis
0	Primary, left ear	4	16	NLRP3	266	113	0.5	primary
1	Lymph node metastasis, left cervical node	4	16	NLRP3	359	113	0.5	metastasis
2	Locoregional skin metastasis, left ear	4	16	NLRP3	457	70	0.5	metastasis
3	Distant skin metastasis, back	4	16	NLRP3	297	111	0.5	metastasis
0	Primary, left ear	7	17	CAMK2G	23	12	0.5	primary
1	Lymph node metastasis, left cervical node	7	17	CAMK2G	30	10	0.5	metastasis
2	Locoregional skin metastasis, left ear	7	17	CAMK2G	40	2	0.5	metastasis
3	Distant skin metastasis, back	7	17	CAMK2G	33	10	0.5	metastasis
0	Primary, left ear	2	18	MUC5B	127	58	0.5	primary
1	Lymph node metastasis, left cervical node	2	18	MUC5B	149	62	0.5	metastasis
2	Locoregional skin metastasis, left ear	2	18	MUC5B	161	39	0.5	metastasis
3	Distant skin metastasis, back	2	18	MUC5B	139	53	0.5	metastasis
0	Primary, left ear	6	19	CNST	21	19	0.5	primary
1	Lymph node metastasis, left cervical node	6	19	CNST	34	7	0.5	metastasis
2	Locoregional skin metastasis, left ear	6	19	CNST	26	3	0.5	metastasis
3	Distant skin metastasis, back	6	19	CNST	25	9	0.5	metastasis
0	Primary, left ear	2	20	CCDC147	27	11	0.5	primary
1	Lymph node metastasis, left cervical node	2	20	CCDC147	40	15	0.5	metastasis
2	Locoregional skin metastasis, left ear	2	20	CCDC147	33	6	0.5	metastasis
3	Distant skin metastasis, back	2	20	CCDC147	27	8	0.5	metastasis
0	Primary, left ear	2	21	CLDND1	197	103	0.5	primary
1	Lymph node metastasis, left cervical node	2	21	CLDND1	204	84	0.5	metastasis
2	Locoregional skin metastasis, left ear	2	21	CLDND1	220	35	0.5	metastasis
3	Distant skin metastasis, back	2	21	CLDND1	183	89	0.5	metastasis
0	Primary, left ear	4	22	ANKRD26	24	11	0.5	primary
1	Lymph node metastasis, left cervical node	4	22	ANKRD26	28	5	0.5	metastasis
2	Locoregional skin metastasis, left ear	4	22	ANKRD26	22	1	0.5	metastasis
3	Distant skin metastasis, back	4	22	ANKRD26	25	4	0.5	metastasis
0	Primary, left ear	2	23	NMBR	49	16	0.5	primary
1	Lymph node metastasis, left cervical node	2	23	NMBR	44	19	0.5	metastasis
2	Locoregional skin metastasis, left ear	2	23	NMBR	28	4	0.5	metastasis
3	Distant skin metastasis, back	2	23	NMBR	28	12	0.5	metastasis
0	Primary, left ear	2	24	KIF12	39	25	0.5	primary
1	Lymph node metastasis, left cervical node	2	24	KIF12	44	17	0.5	metastasis
2	Locoregional skin metastasis, left ear	2	24	KIF12	40	12	0.5	metastasis
3	Distant skin metastasis, back	2	24	KIF12	46	16	0.5	metastasis
0	Primary, left ear	2	25	MUC1	72	30	0.5	primary
1	Lymph node metastasis, left cervical node	2	25	MUC1	64	21	0.5	metastasis
2	Locoregional skin metastasis, left ear	2	25	MUC1	98	29	0.5	metastasis
3	Distant skin metastasis, back	2	25	MUC1	63	22	0.5	metastasis
0	Primary, left ear	2	26	NYNRIN	71	31	0.5	primary
1	Lymph node metastasis, left cervical node	2	26	NYNRIN	91	45	0.5	metastasis
2	Locoregional skin metastasis, left ear	2	26	NYNRIN	63	22	0.5	metastasis
3	Distant skin metastasis, back	2	26	NYNRIN	103	31	0.5	metastasis
0	Primary, left ear	7	27	ANKRD26P1	77	23	0.5	primary
1	Lymph node metastasis, left cervical node	7	27	ANKRD26P1	96	37	0.5	metastasis
2	Locoregional skin metastasis, left ear	7	27	ANKRD26P1	39	9	0.5	metastasis
3	Distant skin metastasis, back	7	27	ANKRD26P1	83	23	0.5	metastasis
0	Primary, left ear	2	28	SEC31B	138	73	0.5	primary
1	Lymph node metastasis, left cervical node	2	28	SEC31B	123	58	0.5	metastasis
2	Locoregional skin metastasis, left ear	2	28	SEC31B	73	14	0.5	metastasis
3	Distant skin metastasis, back	2	28	SEC31B	144	63	0.5	metastasis
0	Primary, left ear	1	29	DTNA	133	43	0.5	primary
1	Lymph node metastasis, left cervical node	1	29	DTNA	141	36	0.5	metastasis
2	Locoregional skin metastasis, left ear	1	29	DTNA	122	36	0.5	metastasis
3	Distant skin metastasis, back	1	29	DTNA	142	50	0.5	metastasis
0	Primary, left ear	6	30	WDFY4	277	135	0.5	primary
1	Lymph node metastasis, left cervical node	6	30	WDFY4	304	82	0.5	metastasis
2	Locoregional skin metastasis, left ear	6	30	WDFY4	322	71	0.5	metastasis
3	Distant skin metastasis, back	6	30	WDFY4	253	84	0.5	metastasis
0	Primary, left ear	2	31	NLRP10	110	45	0.5	primary
1	Lymph node metastasis, left cervical node	2	31	NLRP10	101	48	0.5	metastasis
2	Locoregional skin metastasis, left ear	2	31	NLRP10	132	37	0.5	metastasis
3	Distant skin metastasis, back	2	31	NLRP10	111	32	0.5	metastasis
0	Primary, left ear	1	32	SDPR	337	160	0.5	primary
1	Lymph node metastasis, left cervical node	1	32	SDPR	366	101	0.5	metastasis
2	Locoregional skin metastasis, left ear	1	32	SDPR	229	50	0.5	metastasis
3	Distant skin metastasis, back	1	32	SDPR	342	124	0.5	metastasis
0	Primary, left ear	1	33	DAB1	114	41	0.5	primary
1	Lymph node metastasis, left cervical node	1	33	DAB1	144	49	0.5	metastasis
2	Locoregional skin metastasis, left ear	1	33	DAB1	175	43	0.5	metastasis
3	Distant skin metastasis, back	1	33	DAB1	102	49	0.5	metastasis
0	Primary, left ear	2	34	DUSP27	31	11	0.5	primary
1	Lymph node metastasis, left cervical node	2	34	DUSP27	29	11	0.5	metastasis
2	Locoregional skin metastasis, left ear	2	34	DUSP27	50	12	0.5	metastasis
3	Distant skin metastasis, back	2	34	DUSP27	34	9	0.5	metastasis
0	Primary, left ear	7	35	GDF10	193	85	0.5	primary
1	Lymph node metastasis, left cervical node	7	35	GDF10	168	65	0.5	metastasis
2	Locoregional skin metastasis, left ear	7	35	GDF10	245	45	0.5	metastasis
3	Distant skin metastasis, back	7	35	GDF10	208	57	0.5	metastasis
0	Primary, left ear	7	36	DTHD1	133	70	0.5	primary
1	Lymph node metastasis, left cervical node	7	36	DTHD1	147	56	0.5	metastasis
2	Locoregional skin metastasis, left ear	7	36	DTHD1	153	26	0.5	metastasis
3	Distant skin metastasis, back	7	36	DTHD1	163	41	0.5	metastasis
0	Primary, left ear	2	37	ANKRD13D	99	55	0.5	primary
1	Lymph node metastasis, left cervical node	2	37	ANKRD13D	109	41	0.5	metastasis
2	Locoregional skin metastasis, left ear	2	37	ANKRD13D	62	34	0.5	metastasis
3	Distant skin metastasis, back	2	37	ANKRD13D	103	45	0.5	metastasis
0	Primary, left ear	2	38	CD300LB	131	67	0.5	primary
1	Lymph node metastasis, left cervical node	2	38	CD300LB	156	57	0.5	metastasis
2	Locoregional skin metastasis, left ear	2	38	CD300LB	148	30	0.5	metastasis
3	Distant skin metastasis, back	2	38	CD300LB	122	49	0.5	metastasis
0	Primary, left ear	2	39	UPK3A	315	204	0.5	primary
1	Lymph node metastasis, left cervical node	2	39	UPK3A	382	149	0.5	metastasis
2	Locoregional skin metastasis, left ear	2	39	UPK3A	412	97	0.5	metastasis
3	Distant skin metastasis, back	2	39	UPK3A	395	179	0.5	metastasis
0	Primary, left ear	1	40	KDM3A	84	30	0.5	primary
1	Lymph node metastasis, left cervical node	1	40	KDM3A	79	26	0.5	metastasis
2	Locoregional skin metastasis, left ear	1	40	KDM3A	32	10	0.5	metastasis
3	Distant skin metastasis, back	1	40	KDM3A	87	35	0.5	metastasis
0	Primary, left ear	2	41	EPHA7	184	106	0.5	primary
1	Lymph node metastasis, left cervical node	2	41	EPHA7	192	72	0.5	metastasis
2	Locoregional skin metastasis, left ear	2	41	EPHA7	96	27	0.5	metastasis
3	Distant skin metastasis, back	2	41	EPHA7	167	52	0.5	metastasis
0	Primary, left ear	2	42	MYH13	51	24	0.5	primary
1	Lymph node metastasis, left cervical node	2	42	MYH13	57	34	0.5	metastasis
2	Locoregional skin metastasis, left ear	2	42	MYH13	84	20	0.5	metastasis
3	Distant skin metastasis, back	2	42	MYH13	61	18	0.5	metastasis
0	Primary, left ear	1	43	DLGAP1	105	34	0.5	primary
1	Lymph node metastasis, left cervical node	1	43	DLGAP1	117	33	0.5	metastasis
2	Locoregional skin metastasis, left ear	1	43	DLGAP1	131	25	0.5	metastasis
3	Distant skin metastasis, back	1	43	DLGAP1	95	80	0.5	metastasis
0	Primary, left ear	1	44	CETN1	77	50	0.5	primary
1	Lymph node metastasis, left cervical node	1	44	CETN1	91	20	0.5	metastasis
2	Locoregional skin metastasis, left ear	1	44	CETN1	101	8	0.5	metastasis
3	Distant skin metastasis, back	1	44	CETN1	88	44	0.5	metastasis
0	Primary, left ear	7	45	SEC31B	110	50	0.5	primary
1	Lymph node metastasis, left cervical node	7	45	SEC31B	124	44	0.5	metastasis
2	Locoregional skin metastasis, left ear	7	45	SEC31B	72	15	0.5	metastasis
3	Distant skin metastasis, back	7	45	SEC31B	123	39	0.5	metastasis
0	Primary, left ear	1	46	SGMS1	95	32	0.5	primary
1	Lymph node metastasis, left cervical node	1	46	SGMS1	104	27	0.5	metastasis
2	Locoregional skin metastasis, left ear	1	46	SGMS1	65	20	0.5	metastasis
3	Distant skin metastasis, back	1	46	SGMS1	89	26	0.5	metastasis
0	Primary, left ear	2	47	CPD	290	134	0.5	primary
1	Lymph node metastasis, left cervical node	2	47	CPD	320	128	0.5	metastasis
2	Locoregional skin metastasis, left ear	2	47	CPD	116	49	0.5	metastasis
3	Distant skin metastasis, back	2	47	CPD	274	95	0.5	metastasis
0	Primary, left ear	2	48	OR10H4	503	228	0.5	primary
1	Lymph node metastasis, left cervical node	2	48	OR10H4	589	267	0.5	metastasis
2	Locoregional skin metastasis, left ear	2	48	OR10H4	726	168	0.5	metastasis
3	Distant skin metastasis, back	2	48	OR10H4	532	200	0.5	metastasis
0	Primary, left ear	2	49	NT5C1A	47	43	0.5	primary
1	Lymph node metastasis, left cervical node	2	49	NT5C1A	64	23	0.5	metastasis
2	Locoregional skin metastasis, left ear	2	49	NT5C1A	81	23	0.5	metastasis
3	Distant skin metastasis, back	2	49	NT5C1A	79	56	0.5	metastasis
0	Primary, left ear	2	50	NCF4	178	91	0.5	primary
1	Lymph node metastasis, left cervical node	2	50	NCF4	241	85	0.5	metastasis
2	Locoregional skin metastasis, left ear	2	50	NCF4	133	29	0.5	metastasis
3	Distant skin metastasis, back	2	50	NCF4	206	91	0.5	metastasis
0	Primary, left ear	1	51	ELFN2	256	93	0.5	primary
1	Lymph node metastasis, left cervical node	1	51	ELFN2	278	104	0.5	metastasis
2	Locoregional skin metastasis, left ear	1	51	ELFN2	368	79	0.5	metastasis
3	Distant skin metastasis, back	1	51	ELFN2	236	104	0.5	metastasis
0	Primary, left ear	6	52	KIAA1107	28	18	0.5	primary
1	Lymph node metastasis, left cervical node	6	52	KIAA1107	45	11	0.5	metastasis
2	Locoregional skin metastasis, left ear	6	52	KIAA1107	16	4	0.5	metastasis
3	Distant skin metastasis, back	6	52	KIAA1107	39	9	0.5	metastasis
0	Primary, left ear	2	53	TBC1D1	81	38	0.5	primary
1	Lymph node metastasis, left cervical node	2	53	TBC1D1	88	35	0.5	metastasis
2	Locoregional skin metastasis, left ear	2	53	TBC1D1	82	10	0.5	metastasis
3	Distant skin metastasis, back	2	53	TBC1D1	65	55	0.5	metastasis
0	Primary, left ear	2	54	TLE2	188	81	0.5	primary
1	Lymph node metastasis, left cervical node	2	54	TLE2	251	94	0.5	metastasis
2	Locoregional skin metastasis, left ear	2	54	TLE2	289	58	0.5	metastasis
3	Distant skin metastasis, back	2	54	TLE2	247	95	0.5	metastasis
0	Primary, left ear	2	55	TRIM11	84	55	0.5	primary
1	Lymph node metastasis, left cervical node	2	55	TRIM11	94	31	0.5	metastasis
2	Locoregional skin metastasis, left ear	2	55	TRIM11	98	33	0.5	metastasis
3	Distant skin metastasis, back	2	55	TRIM11	80	38	0.5	metastasis
0	Primary, left ear	2	56	ZNF559	47	18	0.5	primary
1	Lymph node metastasis, left cervical node	2	56	ZNF559	63	30	0.5	metastasis
2	Locoregional skin metastasis, left ear	2	56	ZNF559	50	15	0.5	metastasis
3	Distant skin metastasis, back	2	56	ZNF559	61	27	0.5	metastasis
0	Primary, left ear	4	57	NSUN6	13	2	0.5	primary
1	Lymph node metastasis, left cervical node	4	57	NSUN6	35	7	0.5	metastasis
2	Locoregional skin metastasis, left ear	4	57	NSUN6	11	1	0.5	metastasis
3	Distant skin metastasis, back	4	57	NSUN6	11	3	0.5	metastasis
0	Primary, left ear	2	58	C10orf108	208	133	0.5	primary
1	Lymph node metastasis, left cervical node	2	58	C10orf108	247	101	0.5	metastasis
2	Locoregional skin metastasis, left ear	2	58	C10orf108	333	76	0.5	metastasis
3	Distant skin metastasis, back	2	58	C10orf108	247	114	0.5	metastasis
0	Primary, left ear	2	59	FSIP2	217	97	0.5	primary
1	Lymph node metastasis, left cervical node	2	59	FSIP2	174	75	0.5	metastasis
2	Locoregional skin metastasis, left ear	2	59	FSIP2	73	16	0.5	metastasis
3	Distant skin metastasis, back	2	59	FSIP2	171	62	0.5	metastasis
0	Primary, left ear	6	60	NEBL	62	38	0.5	primary
1	Lymph node metastasis, left cervical node	6	60	NEBL	84	24	0.5	metastasis
2	Locoregional skin metastasis, left ear	6	60	NEBL	70	24	0.5	metastasis
3	Distant skin metastasis, back	6	60	NEBL	56	14	0.5	metastasis
0	Primary, left ear	2	61	TTC18	209	78	0.5	primary
1	Lymph node metastasis, left cervical node	2	61	TTC18	220	83	0.5	metastasis
2	Locoregional skin metastasis, left ear	2	61	TTC18	155	45	0.5	metastasis
3	Distant skin metastasis, back	2	61	TTC18	225	88	0.5	metastasis
0	Primary, left ear	2	62	MUC16	124	73	0.5	primary
1	Lymph node metastasis, left cervical node	2	62	MUC16	174	69	0.5	metastasis
2	Locoregional skin metastasis, left ear	2	62	MUC16	138	28	0.5	metastasis
3	Distant skin metastasis, back	2	62	MUC16	145	48	0.5	metastasis
0	Primary, left ear	4	63	OXER1	146	60	0.5	primary
1	Lymph node metastasis, left cervical node	4	63	OXER1	171	52	0.5	metastasis
2	Locoregional skin metastasis, left ear	4	63	OXER1	166	29	0.5	metastasis
3	Distant skin metastasis, back	4	63	OXER1	141	43	0.5	metastasis
0	Primary, left ear	2	64	MYH2	93	55	0.5	primary
1	Lymph node metastasis, left cervical node	2	64	MYH2	94	39	0.5	metastasis
2	Locoregional skin metastasis, left ear	2	64	MYH2	43	9	0.5	metastasis
3	Distant skin metastasis, back	2	64	MYH2	86	42	0.5	metastasis
0	Primary, left ear	7	65	SZT2	272	132	0.5	primary
1	Lymph node metastasis, left cervical node	7	65	SZT2	338	145	0.5	metastasis
2	Locoregional skin metastasis, left ear	7	65	SZT2	345	62	0.5	metastasis
3	Distant skin metastasis, back	7	65	SZT2	388	109	0.5	metastasis
0	Primary, left ear	2	66	ITGB3	125	56	0.5	primary
1	Lymph node metastasis, left cervical node	2	66	ITGB3	149	43	0.5	metastasis
2	Locoregional skin metastasis, left ear	2	66	ITGB3	140	46	0.5	metastasis
3	Distant skin metastasis, back	2	66	ITGB3	122	73	0.5	metastasis
0	Primary, left ear	1	67	CERKL	79	41	0.5	primary
1	Lymph node metastasis, left cervical node	1	67	CERKL	88	16	0.5	metastasis
2	Locoregional skin metastasis, left ear	1	67	CERKL	67	25	0.5	metastasis
3	Distant skin metastasis, back	1	67	CERKL	63	27	0.5	metastasis
0	Primary, left ear	2	68	TXNRD2	90	47	0.5	primary
1	Lymph node metastasis, left cervical node	2	68	TXNRD2	106	32	0.5	metastasis
2	Locoregional skin metastasis, left ear	2	68	TXNRD2	104	31	0.5	metastasis
3	Distant skin metastasis, back	2	68	TXNRD2	91	56	0.5	metastasis
0	Primary, left ear	2	69	MMP26	63	45	0.5	primary
1	Lymph node metastasis, left cervical node	2	69	MMP26	105	38	0.5	metastasis
2	Locoregional skin metastasis, left ear	2	69	MMP26	97	21	0.5	metastasis
3	Distant skin metastasis, back	2	69	MMP26	95	34	0.5	metastasis
0	Primary, left ear	2	70	CNTNAP5	42	27	0.5	primary
1	Lymph node metastasis, left cervical node	2	70	CNTNAP5	50	19	0.5	metastasis
2	Locoregional skin metastasis, left ear	2	70	CNTNAP5	78	7	0.5	metastasis
3	Distant skin metastasis, back	2	70	CNTNAP5	40	17	0.5	metastasis
0	Primary, left ear	2	71	PRDM1	68	28	0.5	primary
1	Lymph node metastasis, left cervical node	2	71	PRDM1	75	26	0.5	metastasis
2	Locoregional skin metastasis, left ear	2	71	PRDM1	77	19	0.5	metastasis
3	Distant skin metastasis, back	2	71	PRDM1	45	23	0.5	metastasis
0	Primary, left ear	6	72	CD28	86	47	0.5	primary
1	Lymph node metastasis, left cervical node	6	72	CD28	102	25	0.5	metastasis
2	Locoregional skin metastasis, left ear	6	72	CD28	54	11	0.5	metastasis
3	Distant skin metastasis, back	6	72	CD28	96	22	0.5	metastasis
0	Primary, left ear	1	73	TRAF3	67	24	0.5	primary
1	Lymph node metastasis, left cervical node	1	73	TRAF3	76	14	0.5	metastasis
2	Locoregional skin metastasis, left ear	1	73	TRAF3	77	16	0.5	metastasis
3	Distant skin metastasis, back	1	73	TRAF3	47	19	0.5	metastasis
0	Primary, left ear	7	74	GJA8	312	141	0.5	primary
1	Lymph node metastasis, left cervical node	7	74	GJA8	285	113	0.5	metastasis
2	Locoregional skin metastasis, left ear	7	74	GJA8	315	62	0.5	metastasis
3	Distant skin metastasis, back	7	74	GJA8	314	101	0.5	metastasis
0	Primary, left ear	2	75	RBM47	152	61	0.5	primary
1	Lymph node metastasis, left cervical node	2	75	RBM47	205	76	0.5	metastasis
2	Locoregional skin metastasis, left ear	2	75	RBM47	214	59	0.5	metastasis
3	Distant skin metastasis, back	2	75	RBM47	198	69	0.5	metastasis
0	Primary, left ear	1	76	MKX	176	60	0.5	primary
1	Lymph node metastasis, left cervical node	1	76	MKX	191	68	0.5	metastasis
2	Locoregional skin metastasis, left ear	1	76	MKX	231	39	0.5	metastasis
3	Distant skin metastasis, back	1	76	MKX	160	78	0.5	metastasis
0	Primary, left ear	4	77	C22orf25	136	40	0.5	primary
1	Lymph node metastasis, left cervical node	4	77	C22orf25	147	36	0.5	metastasis
2	Locoregional skin metastasis, left ear	4	77	C22orf25	128	23	0.5	metastasis
3	Distant skin metastasis, back	4	77	C22orf25	105	46	0.5	metastasis
0	Primary, left ear	4	78	CLSTN2	31	14	0.5	primary
1	Lymph node metastasis, left cervical node	4	78	CLSTN2	32	5	0.5	metastasis
2	Locoregional skin metastasis, left ear	4	78	CLSTN2	35	4	0.5	metastasis
3	Distant skin metastasis, back	4	78	CLSTN2	28	3	0.5	metastasis
0	Primary, left ear	7	79	CHRM3	570	223	0.5	primary
1	Lymph node metastasis, left cervical node	7	79	CHRM3	572	197	0.5	metastasis
2	Locoregional skin metastasis, left ear	7	79	CHRM3	600	113	0.5	metastasis
3	Distant skin metastasis, back	7	79	CHRM3	479	163	0.5	metastasis
0	Primary, left ear	1	80	DNAH7	76	32	0.5	primary
1	Lymph node metastasis, left cervical node	1	80	DNAH7	84	11	0.5	metastasis
2	Locoregional skin metastasis, left ear	1	80	DNAH7	66	14	0.5	metastasis
3	Distant skin metastasis, back	1	80	DNAH7	71	28	0.5	metastasis
0	Primary, left ear	2	81	CDC42BPG	57	21	0.5	primary
1	Lymph node metastasis, left cervical node	2	81	CDC42BPG	93	41	0.5	metastasis
2	Locoregional skin metastasis, left ear	2	81	CDC42BPG	72	18	0.5	metastasis
3	Distant skin metastasis, back	2	81	CDC42BPG	43	26	0.5	metastasis
0	Primary, left ear	2	82	KCNG2	84	46	0.5	primary
1	Lymph node metastasis, left cervical node	2	82	KCNG2	82	24	0.5	metastasis
2	Locoregional skin metastasis, left ear	2	82	KCNG2	173	44	0.5	metastasis
3	Distant skin metastasis, back	2	82	KCNG2	84	35	0.5	metastasis
0	Primary, left ear	4	83	ANO8	88	39	0.5	primary
1	Lymph node metastasis, left cervical node	4	83	ANO8	133	29	0.5	metastasis
2	Locoregional skin metastasis, left ear	4	83	ANO8	122	21	0.5	metastasis
3	Distant skin metastasis, back	4	83	ANO8	123	44	0.5	metastasis
0	Primary, left ear	7	84	OR52N1	285	113	0.5	primary
1	Lymph node metastasis, left cervical node	7	84	OR52N1	232	88	0.5	metastasis
2	Locoregional skin metastasis, left ear	7	84	OR52N1	252	50	0.5	metastasis
3	Distant skin metastasis, back	7	84	OR52N1	277	75	0.5	metastasis
0	Primary, left ear	2	85	CCDC88B	256	119	0.5	primary
1	Lymph node metastasis, left cervical node	2	85	CCDC88B	278	147	0.5	metastasis
2	Locoregional skin metastasis, left ear	2	85	CCDC88B	281	69	0.5	metastasis
3	Distant skin metastasis, back	2	85	CCDC88B	263	138	0.5	metastasis
0	Primary, left ear	7	86	ZFP3	190	80	0.5	primary
1	Lymph node metastasis, left cervical node	7	86	ZFP3	230	83	0.5	metastasis
2	Locoregional skin metastasis, left ear	7	86	ZFP3	74	14	0.5	metastasis
3	Distant skin metastasis, back	7	86	ZFP3	213	51	0.5	metastasis
0	Primary, left ear	6	87	OR2G3	335	163	0.5	primary
1	Lymph node metastasis, left cervical node	6	87	OR2G3	483	144	0.5	metastasis
2	Locoregional skin metastasis, left ear	6	87	OR2G3	461	111	0.5	metastasis
3	Distant skin metastasis, back	6	87	OR2G3	380	111	0.5	metastasis
0	Primary, left ear	7	88	SLC5A8	157	60	0.5	primary
1	Lymph node metastasis, left cervical node	7	88	SLC5A8	141	62	0.5	metastasis
2	Locoregional skin metastasis, left ear	7	88	SLC5A8	64	14	0.5	metastasis
3	Distant skin metastasis, back	7	88	SLC5A8	108	35	0.5	metastasis
0	Primary, left ear	2	89	GPS2	34	18	0.5	primary
1	Lymph node metastasis, left cervical node	2	89	GPS2	40	10	0.5	metastasis
2	Locoregional skin metastasis, left ear	2	89	GPS2	25	6	0.5	metastasis
3	Distant skin metastasis, back	2	89	GPS2	34	20	0.5	metastasis
0	Primary, left ear	5	90	GLE1	19	0	0.5	primary
1	Lymph node metastasis, left cervical node	5	90	GLE1	21	4	0.5	metastasis
2	Locoregional skin metastasis, left ear	5	90	GLE1	14	0	0.5	metastasis
3	Distant skin metastasis, back	5	90	GLE1	28	0	0.5	metastasis
0	Primary, left ear	2	91	ZC3H12D	192	145	0.5	primary
1	Lymph node metastasis, left cervical node	2	91	ZC3H12D	280	101	0.5	metastasis
2	Locoregional skin metastasis, left ear	2	91	ZC3H12D	354	99	0.5	metastasis
3	Distant skin metastasis, back	2	91	ZC3H12D	273	90	0.5	metastasis
0	Primary, left ear	4	92	HSDL2	233	82	0.5	primary
1	Lymph node metastasis, left cervical node	4	92	HSDL2	299	66	0.5	metastasis
2	Locoregional skin metastasis, left ear	4	92	HSDL2	105	15	0.5	metastasis
3	Distant skin metastasis, back	4	92	HSDL2	244	84	0.5	metastasis
0	Primary, left ear	4	93	UNC80	272	99	0.5	primary
1	Lymph node metastasis, left cervical node	4	93	UNC80	274	91	0.5	metastasis
2	Locoregional skin metastasis, left ear	4	93	UNC80	322	53	0.5	metastasis
3	Distant skin metastasis, back	4	93	UNC80	218	78	0.5	metastasis
0	Primary, left ear	1	94	TTN	318	133	0.5	primary
1	Lymph node metastasis, left cervical node	1	94	TTN	295	92	0.5	metastasis
2	Locoregional skin metastasis, left ear	1	94	TTN	167	35	0.5	metastasis
3	Distant skin metastasis, back	1	94	TTN	272	105	0.5	metastasis
0	Primary, left ear	2	95	ZFYVE9	38	27	0.5	primary
1	Lymph node metastasis, left cervical node	2	95	ZFYVE9	45	19	0.5	metastasis
2	Locoregional skin metastasis, left ear	2	95	ZFYVE9	43	6	0.5	metastasis
3	Distant skin metastasis, back	2	95	ZFYVE9	38	22	0.5	metastasis
0	Primary, left ear	2	96	AV1S4A1N1T	170	64	0.5	primary
1	Lymph node metastasis, left cervical node	2	96	AV1S4A1N1T	134	56	0.5	metastasis
2	Locoregional skin metastasis, left ear	2	96	AV1S4A1N1T	122	45	0.5	metastasis
3	Distant skin metastasis, back	2	96	AV1S4A1N1T	152	51	0.5	metastasis
0	Primary, left ear	2	97	NID2	44	21	0.5	primary
1	Lymph node metastasis, left cervical node	2	97	NID2	50	23	0.5	metastasis
2	Locoregional skin metastasis, left ear	2	97	NID2	70	11	0.5	metastasis
3	Distant skin metastasis, back	2	97	NID2	45	22	0.5	metastasis
0	Primary, left ear	6	98	AGXT	57	31	0.5	primary
1	Lymph node metastasis, left cervical node	6	98	AGXT	76	19	0.5	metastasis
2	Locoregional skin metastasis, left ear	6	98	AGXT	67	18	0.5	metastasis
3	Distant skin metastasis, back	6	98	AGXT	57	20	0.5	metastasis
0	Primary, left ear	2	99	OR4C16	285	168	0.5	primary
1	Lymph node metastasis, left cervical node	2	99	OR4C16	344	149	0.5	metastasis
2	Locoregional skin metastasis, left ear	2	99	OR4C16	136	38	0.5	metastasis
3	Distant skin metastasis, back	2	99	OR4C16	277	115	0.5	metastasis
0	Primary, left ear	4	100	TAOK3	129	42	0.5	primary
1	Lymph node metastasis, left cervical node	4	100	TAOK3	180	47	0.5	metastasis
2	Locoregional skin metastasis, left ear	4	100	TAOK3	113	21	0.5	metastasis
3	Distant skin metastasis, back	4	100	TAOK3	127	36	0.5	metastasis
0	Primary, left ear	6	101	FSIP2	317	174	0.5	primary
1	Lymph node metastasis, left cervical node	6	101	FSIP2	371	99	0.5	metastasis
2	Locoregional skin metastasis, left ear	6	101	FSIP2	132	41	0.5	metastasis
3	Distant skin metastasis, back	6	101	FSIP2	330	83	0.5	metastasis
0	Primary, left ear	2	102	SMTNL1	24	10	0.5	primary
1	Lymph node metastasis, left cervical node	2	102	SMTNL1	34	8	0.5	metastasis
2	Locoregional skin metastasis, left ear	2	102	SMTNL1	39	14	0.5	metastasis
3	Distant skin metastasis, back	2	102	SMTNL1	26	18	0.5	metastasis
0	Primary, left ear	4	103	FLG2	772	312	0.5	primary
1	Lymph node metastasis, left cervical node	4	103	FLG2	725	237	0.5	metastasis
2	Locoregional skin metastasis, left ear	4	103	FLG2	650	124	0.5	metastasis
3	Distant skin metastasis, back	4	103	FLG2	677	219	0.5	metastasis
0	Primary, left ear	2	104	C6orf103	64	18	0.5	primary
1	Lymph node metastasis, left cervical node	2	104	C6orf103	55	31	0.5	metastasis
2	Locoregional skin metastasis, left ear	2	104	C6orf103	25	9	0.5	metastasis
3	Distant skin metastasis, back	2	104	C6orf103	59	23	0.5	metastasis
0	Primary, left ear	7	105	MX1	92	41	0.5	primary
1	Lymph node metastasis, left cervical node	7	105	MX1	121	44	0.5	metastasis
2	Locoregional skin metastasis, left ear	7	105	MX1	100	19	0.5	metastasis
3	Distant skin metastasis, back	7	105	MX1	112	31	0.5	metastasis
0	Primary, left ear	2	106	LOXL4	125	57	0.5	primary
1	Lymph node metastasis, left cervical node	2	106	LOXL4	128	53	0.5	metastasis
2	Locoregional skin metastasis, left ear	2	106	LOXL4	137	38	0.5	metastasis
3	Distant skin metastasis, back	2	106	LOXL4	98	57	0.5	metastasis
0	Primary, left ear	6	107	AGPAT4	109	61	0.5	primary
1	Lymph node metastasis, left cervical node	6	107	AGPAT4	125	42	0.5	metastasis
2	Locoregional skin metastasis, left ear	6	107	AGPAT4	187	32	0.5	metastasis
3	Distant skin metastasis, back	6	107	AGPAT4	106	30	0.5	metastasis
0	Primary, left ear	2	108	GPR126	80	49	0.5	primary
1	Lymph node metastasis, left cervical node	2	108	GPR126	95	47	0.5	metastasis
2	Locoregional skin metastasis, left ear	2	108	GPR126	40	15	0.5	metastasis
3	Distant skin metastasis, back	2	108	GPR126	99	34	0.5	metastasis
0	Primary, left ear	2	109	MUC16	311	117	0.5	primary
1	Lymph node metastasis, left cervical node	2	109	MUC16	358	148	0.5	metastasis
2	Locoregional skin metastasis, left ear	2	109	MUC16	451	95	0.5	metastasis
3	Distant skin metastasis, back	2	109	MUC16	291	119	0.5	metastasis
0	Primary, left ear	4	110	TTN	554	216	0.5	primary
1	Lymph node metastasis, left cervical node	4	110	TTN	558	174	0.5	metastasis
2	Locoregional skin metastasis, left ear	4	110	TTN	571	108	0.5	metastasis
3	Distant skin metastasis, back	4	110	TTN	446	138	0.5	metastasis
0	Primary, left ear	2	111	ANKRD45	156	87	0.5	primary
1	Lymph node metastasis, left cervical node	2	111	ANKRD45	210	85	0.5	metastasis
2	Locoregional skin metastasis, left ear	2	111	ANKRD45	60	16	0.5	metastasis
3	Distant skin metastasis, back	2	111	ANKRD45	176	54	0.5	metastasis
0	Primary, left ear	2	112	OR1E1	91	30	0.5	primary
1	Lymph node metastasis, left cervical node	2	112	OR1E1	83	40	0.5	metastasis
2	Locoregional skin metastasis, left ear	2	112	OR1E1	88	26	0.5	metastasis
3	Distant skin metastasis, back	2	112	OR1E1	78	35	0.5	metastasis
0	Primary, left ear	6	113	PCNXL2	96	61	0.5	primary
1	Lymph node metastasis, left cervical node	6	113	PCNXL2	116	36	0.5	metastasis
2	Locoregional skin metastasis, left ear	6	113	PCNXL2	131	31	0.5	metastasis
3	Distant skin metastasis, back	6	113	PCNXL2	112	35	0.5	metastasis
0	Primary, left ear	2	114	LCK	47	21	0.5	primary
1	Lymph node metastasis, left cervical node	2	114	LCK	38	18	0.5	metastasis
2	Locoregional skin metastasis, left ear	2	114	LCK	72	25	0.5	metastasis
3	Distant skin metastasis, back	2	114	LCK	62	19	0.5	metastasis
0	Primary, left ear	4	115	GJA8	323	112	0.5	primary
1	Lymph node metastasis, left cervical node	4	115	GJA8	322	102	0.5	metastasis
2	Locoregional skin metastasis, left ear	4	115	GJA8	435	92	0.5	metastasis
3	Distant skin metastasis, back	4	115	GJA8	302	88	0.5	metastasis
0	Primary, left ear	1	116	SHISA9	89	30	0.5	primary
1	Lymph node metastasis, left cervical node	1	116	SHISA9	108	35	0.5	metastasis
2	Locoregional skin metastasis, left ear	1	116	SHISA9	128	32	0.5	metastasis
3	Distant skin metastasis, back	1	116	SHISA9	101	35	0.5	metastasis
0	Primary, left ear	2	117	ABCC6	26	11	0.5	primary
1	Lymph node metastasis, left cervical node	2	117	ABCC6	33	14	0.5	metastasis
2	Locoregional skin metastasis, left ear	2	117	ABCC6	44	12	0.5	metastasis
3	Distant skin metastasis, back	2	117	ABCC6	28	16	0.5	metastasis
0	Primary, left ear	2	118	UBC	19	6	0.5	primary
1	Lymph node metastasis, left cervical node	2	118	UBC	28	13	0.5	metastasis
2	Locoregional skin metastasis, left ear	2	118	UBC	20	4	0.5	metastasis
3	Distant skin metastasis, back	2	118	UBC	15	3	0.5	metastasis
0	Primary, left ear	7	119	TTN	92	41	0.5	primary
1	Lymph node metastasis, left cervical node	7	119	TTN	102	45	0.5	metastasis
2	Locoregional skin metastasis, left ear	7	119	TTN	52	16	0.5	metastasis
3	Distant skin metastasis, back	7	119	TTN	78	15	0.5	metastasis
0	Primary, left ear	1	120	PPP4R1	69	29	0.5	primary
1	Lymph node metastasis, left cervical node	1	120	PPP4R1	74	23	0.5	metastasis
2	Locoregional skin metastasis, left ear	1	120	PPP4R1	73	8	0.5	metastasis
3	Distant skin metastasis, back	1	120	PPP4R1	75	55	0.5	metastasis
0	Primary, left ear	6	121	TTN	287	145	0.5	primary
1	Lymph node metastasis, left cervical node	6	121	TTN	298	96	0.5	metastasis
2	Locoregional skin metastasis, left ear	6	121	TTN	166	41	0.5	metastasis
3	Distant skin metastasis, back	6	121	TTN	291	82	0.5	metastasis
0	Primary, left ear	2	122	ZNF521	214	100	0.5	primary
1	Lymph node metastasis, left cervical node	2	122	ZNF521	213	87	0.5	metastasis
2	Locoregional skin metastasis, left ear	2	122	ZNF521	222	41	0.5	metastasis
3	Distant skin metastasis, back	2	122	ZNF521	204	74	0.5	metastasis
0	Primary, left ear	2	123	PLCH1	216	127	0.5	primary
1	Lymph node metastasis, left cervical node	2	123	PLCH1	293	102	0.5	metastasis
2	Locoregional skin metastasis, left ear	2	123	PLCH1	271	62	0.5	metastasis
3	Distant skin metastasis, back	2	123	PLCH1	259	94	0.5	metastasis
0	Primary, left ear	2	124	PARVG	142	84	0.5	primary
1	Lymph node metastasis, left cervical node	2	124	PARVG	184	75	0.5	metastasis
2	Locoregional skin metastasis, left ear	2	124	PARVG	161	39	0.5	metastasis
3	Distant skin metastasis, back	2	124	PARVG	192	57	0.5	metastasis
0	Primary, left ear	2	125	UFL1	35	31	0.5	primary
1	Lymph node metastasis, left cervical node	2	125	UFL1	32	21	0.5	metastasis
2	Locoregional skin metastasis, left ear	2	125	UFL1	13	4	0.5	metastasis
3	Distant skin metastasis, back	2	125	UFL1	39	4	0.5	metastasis
0	Primary, left ear	2	126	SLC9A11	52	22	0.5	primary
1	Lymph node metastasis, left cervical node	2	126	SLC9A11	48	13	0.5	metastasis
2	Locoregional skin metastasis, left ear	2	126	SLC9A11	22	7	0.5	metastasis
3	Distant skin metastasis, back	2	126	SLC9A11	50	16	0.5	metastasis
0	Primary, left ear	2	127	FTCD	55	23	0.5	primary
1	Lymph node metastasis, left cervical node	2	127	FTCD	59	28	0.5	metastasis
2	Locoregional skin metastasis, left ear	2	127	FTCD	67	17	0.5	metastasis
3	Distant skin metastasis, back	2	127	FTCD	41	24	0.5	metastasis
0	Primary, left ear	2	128	CACNA1I	18	5	0.5	primary
1	Lymph node metastasis, left cervical node	2	128	CACNA1I	9	9	0.5	metastasis
2	Locoregional skin metastasis, left ear	2	128	CACNA1I	19	8	0.5	metastasis
3	Distant skin metastasis, back	2	128	CACNA1I	20	6	0.5	metastasis
0	Primary, left ear	7	129	KPRP	649	267	0.5	primary
1	Lymph node metastasis, left cervical node	7	129	KPRP	687	264	0.5	metastasis
2	Locoregional skin metastasis, left ear	7	129	KPRP	571	139	0.5	metastasis
3	Distant skin metastasis, back	7	129	KPRP	611	209	0.5	metastasis
0	Primary, left ear	2	130	FCRL6	96	44	0.5	primary
1	Lymph node metastasis, left cervical node	2	130	FCRL6	111	36	0.5	metastasis
2	Locoregional skin metastasis, left ear	2	130	FCRL6	92	20	0.5	metastasis
3	Distant skin metastasis, back	2	130	FCRL6	116	42	0.5	metastasis
0	Primary, left ear	2	131	ITSN1	70	34	0.5	primary
1	Lymph node metastasis, left cervical node	2	131	ITSN1	76	28	0.5	metastasis
2	Locoregional skin metastasis, left ear	2	131	ITSN1	87	28	0.5	metastasis
3	Distant skin metastasis, back	2	131	ITSN1	63	22	0.5	metastasis
0	Primary, left ear	7	132	TTN	177	60	0.5	primary
1	Lymph node metastasis, left cervical node	7	132	TTN	151	64	0.5	metastasis
2	Locoregional skin metastasis, left ear	7	132	TTN	110	20	0.5	metastasis
3	Distant skin metastasis, back	7	132	TTN	138	45	0.5	metastasis
0	Primary, left ear	2	133	NOXO1	103	47	0.5	primary
1	Lymph node metastasis, left cervical node	2	133	NOXO1	95	38	0.5	metastasis
2	Locoregional skin metastasis, left ear	2	133	NOXO1	145	39	0.5	metastasis
3	Distant skin metastasis, back	2	133	NOXO1	105	38	0.5	metastasis
0	Primary, left ear	5	134	OR2L3	56	12	0.5	primary
1	Lymph node metastasis, left cervical node	5	134	OR2L3	78	13	0.5	metastasis
2	Locoregional skin metastasis, left ear	5	134	OR2L3	72	9	0.5	metastasis
3	Distant skin metastasis, back	5	134	OR2L3	73	13	0.5	metastasis
0	Primary, left ear	6	135	YLPM1	115	58	0.5	primary
1	Lymph node metastasis, left cervical node	6	135	YLPM1	169	51	0.5	metastasis
2	Locoregional skin metastasis, left ear	6	135	YLPM1	64	9	0.5	metastasis
3	Distant skin metastasis, back	6	135	YLPM1	108	37	0.5	metastasis
0	Primary, left ear	7	136	EPHA6	63	25	0.5	primary
1	Lymph node metastasis, left cervical node	7	136	EPHA6	72	27	0.5	metastasis
2	Locoregional skin metastasis, left ear	7	136	EPHA6	34	4	0.5	metastasis
3	Distant skin metastasis, back	7	136	EPHA6	62	18	0.5	metastasis
0	Primary, left ear	4	137	ARHGAP21	75	23	0.5	primary
1	Lymph node metastasis, left cervical node	4	137	ARHGAP21	75	22	0.5	metastasis
2	Locoregional skin metastasis, left ear	4	137	ARHGAP21	46	5	0.5	metastasis
3	Distant skin metastasis, back	4	137	ARHGAP21	59	23	0.5	metastasis
0	Primary, left ear	1	138	CCDC79	111	51	0.5	primary
1	Lymph node metastasis, left cervical node	1	138	CCDC79	167	42	0.5	metastasis
2	Locoregional skin metastasis, left ear	1	138	CCDC79	59	7	0.5	metastasis
3	Distant skin metastasis, back	1	138	CCDC79	139	52	0.5	metastasis
0	Primary, left ear	1	139	SLC25A36	54	26	0.5	primary
1	Lymph node metastasis, left cervical node	1	139	SLC25A36	77	17	0.5	metastasis
2	Locoregional skin metastasis, left ear	1	139	SLC25A36	32	7	0.5	metastasis
3	Distant skin metastasis, back	1	139	SLC25A36	64	24	0.5	metastasis
0	Primary, left ear	2	140	MUC16	62	34	0.5	primary
1	Lymph node metastasis, left cervical node	2	140	MUC16	79	48	0.5	metastasis
2	Locoregional skin metastasis, left ear	2	140	MUC16	88	13	0.5	metastasis
3	Distant skin metastasis, back	2	140	MUC16	58	32	0.5	metastasis
0	Primary, left ear	2	141	CLEC4F	248	121	0.5	primary
1	Lymph node metastasis, left cervical node	2	141	CLEC4F	274	103	0.5	metastasis
2	Locoregional skin metastasis, left ear	2	141	CLEC4F	138	40	0.5	metastasis
3	Distant skin metastasis, back	2	141	CLEC4F	254	84	0.5	metastasis
0	Primary, left ear	6	142	DNAH14	190	83	0.5	primary
1	Lymph node metastasis, left cervical node	6	142	DNAH14	209	60	0.5	metastasis
2	Locoregional skin metastasis, left ear	6	142	DNAH14	88	16	0.5	metastasis
3	Distant skin metastasis, back	6	142	DNAH14	153	50	0.5	metastasis
0	Primary, left ear	1	143	CPNE6	71	29	0.5	primary
1	Lymph node metastasis, left cervical node	1	143	CPNE6	79	26	0.5	metastasis
2	Locoregional skin metastasis, left ear	1	143	CPNE6	54	10	0.5	metastasis
3	Distant skin metastasis, back	1	143	CPNE6	66	24	0.5	metastasis
0	Primary, left ear	6	144	RNASE11	294	146	0.5	primary
1	Lymph node metastasis, left cervical node	6	144	RNASE11	368	121	0.5	metastasis
2	Locoregional skin metastasis, left ear	6	144	RNASE11	181	49	0.5	metastasis
3	Distant skin metastasis, back	6	144	RNASE11	303	97	0.5	metastasis
0	Primary, left ear	7	145	DNAH6	146	52	0.5	primary
1	Lymph node metastasis, left cervical node	7	145	DNAH6	108	39	0.5	metastasis
2	Locoregional skin metastasis, left ear	7	145	DNAH6	57	22	0.5	metastasis
3	Distant skin metastasis, back	7	145	DNAH6	121	39	0.5	metastasis
0	Primary, left ear	2	146	EP400NL	84	43	0.5	primary
1	Lymph node metastasis, left cervical node	2	146	EP400NL	146	61	0.5	metastasis
2	Locoregional skin metastasis, left ear	2	146	EP400NL	141	31	0.5	metastasis
3	Distant skin metastasis, back	2	146	EP400NL	95	44	0.5	metastasis
0	Primary, left ear	7	147	MED1	248	96	0.5	primary
1	Lymph node metastasis, left cervical node	7	147	MED1	332	121	0.5	metastasis
2	Locoregional skin metastasis, left ear	7	147	MED1	233	42	0.5	metastasis
3	Distant skin metastasis, back	7	147	MED1	310	114	0.5	metastasis
0	Primary, left ear	1	148	TNR	28	6	0.5	primary
1	Lymph node metastasis, left cervical node	1	148	TNR	33	8	0.5	metastasis
2	Locoregional skin metastasis, left ear	1	148	TNR	22	10	0.5	metastasis
3	Distant skin metastasis, back	1	148	TNR	18	13	0.5	metastasis
0	Primary, left ear	4	149	C10orf128	83	41	0.5	primary
1	Lymph node metastasis, left cervical node	4	149	C10orf128	120	32	0.5	metastasis
2	Locoregional skin metastasis, left ear	4	149	C10orf128	187	30	0.5	metastasis
3	Distant skin metastasis, back	4	149	C10orf128	94	31	0.5	metastasis
0	Primary, left ear	2	150	NF2	76	42	0.5	primary
1	Lymph node metastasis, left cervical node	2	150	NF2	81	53	0.5	metastasis
2	Locoregional skin metastasis, left ear	2	150	NF2	61	6	0.5	metastasis
3	Distant skin metastasis, back	2	150	NF2	66	32	0.5	metastasis
0	Primary, left ear	2	151	C3	52	35	0.5	primary
1	Lymph node metastasis, left cervical node	2	151	C3	82	34	0.5	metastasis
2	Locoregional skin metastasis, left ear	2	151	C3	79	20	0.5	metastasis
3	Distant skin metastasis, back	2	151	C3	64	28	0.5	metastasis
0	Primary, left ear	2	152	PPAN	102	54	0.5	primary
1	Lymph node metastasis, left cervical node	2	152	PPAN	132	52	0.5	metastasis
2	Locoregional skin metastasis, left ear	2	152	PPAN	154	41	0.5	metastasis
3	Distant skin metastasis, back	2	152	PPAN	154	60	0.5	metastasis
0	Primary, left ear	1	153	SLC5A1	213	86	0.5	primary
1	Lymph node metastasis, left cervical node	1	153	SLC5A1	268	83	0.5	metastasis
2	Locoregional skin metastasis, left ear	1	153	SLC5A1	214	38	0.5	metastasis
3	Distant skin metastasis, back	1	153	SLC5A1	233	103	0.5	metastasis
0	Primary, left ear	6	154	TAF3	104	65	0.5	primary
1	Lymph node metastasis, left cervical node	6	154	TAF3	179	52	0.5	metastasis
2	Locoregional skin metastasis, left ear	6	154	TAF3	227	45	0.5	metastasis
3	Distant skin metastasis, back	6	154	TAF3	124	37	0.5	metastasis
0	Primary, left ear	2	155	OVCH2	40	24	0.5	primary
1	Lymph node metastasis, left cervical node	2	155	OVCH2	56	22	0.5	metastasis
2	Locoregional skin metastasis, left ear	2	155	OVCH2	50	9	0.5	metastasis
3	Distant skin metastasis, back	2	155	OVCH2	48	17	0.5	metastasis
0	Primary, left ear	7	156	MYH1	217	85	0.5	primary
1	Lymph node metastasis, left cervical node	7	156	MYH1	247	101	0.5	metastasis
2	Locoregional skin metastasis, left ear	7	156	MYH1	114	31	0.5	metastasis
3	Distant skin metastasis, back	7	156	MYH1	193	51	0.5	metastasis
0	Primary, left ear	2	157	DSG2	130	52	0.5	primary
1	Lymph node metastasis, left cervical node	2	157	DSG2	144	52	0.5	metastasis
2	Locoregional skin metastasis, left ear	2	157	DSG2	53	19	0.5	metastasis
3	Distant skin metastasis, back	2	157	DSG2	124	43	0.5	metastasis
0	Primary, left ear	6	158	SPTA1	148	72	0.5	primary
1	Lymph node metastasis, left cervical node	6	158	SPTA1	202	62	0.5	metastasis
2	Locoregional skin metastasis, left ear	6	158	SPTA1	200	35	0.5	metastasis
3	Distant skin metastasis, back	6	158	SPTA1	155	31	0.5	metastasis
0	Primary, left ear	3	159	LPHN2	264	110	0.5	primary
1	Lymph node metastasis, left cervical node	3	159	LPHN2	312	80	0.5	metastasis
2	Locoregional skin metastasis, left ear	3	159	LPHN2	115	19	0.5	metastasis
3	Distant skin metastasis, back	3	159	LPHN2	274	59	0.5	metastasis
0	Primary, left ear	1	160	LZTS2	146	65	0.5	primary
1	Lymph node metastasis, left cervical node	1	160	LZTS2	195	54	0.5	metastasis
2	Locoregional skin metastasis, left ear	1	160	LZTS2	196	49	0.5	metastasis
3	Distant skin metastasis, back	1	160	LZTS2	199	95	0.5	metastasis
0	Primary, left ear	2	161	APEX1	674	312	0.5	primary
1	Lymph node metastasis, left cervical node	2	161	APEX1	720	259	0.5	metastasis
2	Locoregional skin metastasis, left ear	2	161	APEX1	666	141	0.5	metastasis
3	Distant skin metastasis, back	2	161	APEX1	684	283	0.5	metastasis
0	Primary, left ear	2	162	DAK	177	96	0.5	primary
1	Lymph node metastasis, left cervical node	2	162	DAK	209	70	0.5	metastasis
2	Locoregional skin metastasis, left ear	2	162	DAK	221	50	0.5	metastasis
3	Distant skin metastasis, back	2	162	DAK	218	107	0.5	metastasis
0	Primary, left ear	7	163	CAMSAP2	101	45	0.5	primary
1	Lymph node metastasis, left cervical node	7	163	CAMSAP2	118	44	0.5	metastasis
2	Locoregional skin metastasis, left ear	7	163	CAMSAP2	63	10	0.5	metastasis
3	Distant skin metastasis, back	7	163	CAMSAP2	130	32	0.5	metastasis
0	Primary, left ear	6	164	ME1	194	97	0.5	primary
1	Lymph node metastasis, left cervical node	6	164	ME1	229	69	0.5	metastasis
2	Locoregional skin metastasis, left ear	6	164	ME1	78	27	0.5	metastasis
3	Distant skin metastasis, back	6	164	ME1	200	73	0.5	metastasis
0	Primary, left ear	7	165	PAPPA2	133	48	0.5	primary
1	Lymph node metastasis, left cervical node	7	165	PAPPA2	135	48	0.5	metastasis
2	Locoregional skin metastasis, left ear	7	165	PAPPA2	181	32	0.5	metastasis
3	Distant skin metastasis, back	7	165	PAPPA2	97	36	0.5	metastasis
0	Primary, left ear	2	166	NOTCH1	40	20	0.5	primary
1	Lymph node metastasis, left cervical node	2	166	NOTCH1	33	12	0.5	metastasis
2	Locoregional skin metastasis, left ear	2	166	NOTCH1	40	9	0.5	metastasis
3	Distant skin metastasis, back	2	166	NOTCH1	23	17	0.5	metastasis
0	Primary, left ear	7	167	CDH23	215	90	0.5	primary
1	Lymph node metastasis, left cervical node	7	167	CDH23	221	94	0.5	metastasis
2	Locoregional skin metastasis, left ear	7	167	CDH23	370	71	0.5	metastasis
3	Distant skin metastasis, back	7	167	CDH23	234	73	0.5	metastasis
0	Primary, left ear	2	168	RNF20	139	59	0.5	primary
1	Lymph node metastasis, left cervical node	2	168	RNF20	136	57	0.5	metastasis
2	Locoregional skin metastasis, left ear	2	168	RNF20	140	26	0.5	metastasis
3	Distant skin metastasis, back	2	168	RNF20	106	45	0.5	metastasis
0	Primary, left ear	1	169	SEC23B	36	15	0.5	primary
1	Lymph node metastasis, left cervical node	1	169	SEC23B	74	19	0.5	metastasis
2	Locoregional skin metastasis, left ear	1	169	SEC23B	53	10	0.5	metastasis
3	Distant skin metastasis, back	1	169	SEC23B	59	20	0.5	metastasis
0	Primary, left ear	6	170	PPIL2	213	118	0.5	primary
1	Lymph node metastasis, left cervical node	6	170	PPIL2	276	81	0.5	metastasis
2	Locoregional skin metastasis, left ear	6	170	PPIL2	147	22	0.5	metastasis
3	Distant skin metastasis, back	6	170	PPIL2	297	101	0.5	metastasis
0	Primary, left ear	2	171	CTSL2	105	49	0.5	primary
1	Lymph node metastasis, left cervical node	2	171	CTSL2	94	52	0.5	metastasis
2	Locoregional skin metastasis, left ear	2	171	CTSL2	114	23	0.5	metastasis
3	Distant skin metastasis, back	2	171	CTSL2	103	33	0.5	metastasis
0	Primary, left ear	2	172	HIRIP3	256	114	0.5	primary
1	Lymph node metastasis, left cervical node	2	172	HIRIP3	247	121	0.5	metastasis
2	Locoregional skin metastasis, left ear	2	172	HIRIP3	214	57	0.5	metastasis
3	Distant skin metastasis, back	2	172	HIRIP3	286	121	0.5	metastasis
0	Primary, left ear	1	173	POLR1B	101	56	0.5	primary
1	Lymph node metastasis, left cervical node	1	173	POLR1B	133	21	0.5	metastasis
2	Locoregional skin metastasis, left ear	1	173	POLR1B	125	28	0.5	metastasis
3	Distant skin metastasis, back	1	173	POLR1B	121	50	0.5	metastasis
0	Primary, left ear	2	174	SLC17A5	40	19	0.5	primary
1	Lymph node metastasis, left cervical node	2	174	SLC17A5	60	23	0.5	metastasis
2	Locoregional skin metastasis, left ear	2	174	SLC17A5	18	5	0.5	metastasis
3	Distant skin metastasis, back	2	174	SLC17A5	45	21	0.5	metastasis
0	Primary, left ear	2	175	CSMD2	11	10	0.5	primary
1	Lymph node metastasis, left cervical node	2	175	CSMD2	8	12	0.5	metastasis
2	Locoregional skin metastasis, left ear	2	175	CSMD2	10	2	0.5	metastasis
3	Distant skin metastasis, back	2	175	CSMD2	15	6	0.5	metastasis
0	Primary, left ear	3	176	TMEM132C	141	54	0.5	primary
1	Lymph node metastasis, left cervical node	3	176	TMEM132C	154	57	0.5	metastasis
2	Locoregional skin metastasis, left ear	3	176	TMEM132C	198	52	0.5	metastasis
3	Distant skin metastasis, back	3	176	TMEM132C	145	29	0.5	metastasis
0	Primary, left ear	7	177	IMPG1	113	41	0.5	primary
1	Lymph node metastasis, left cervical node	7	177	IMPG1	109	38	0.5	metastasis
2	Locoregional skin metastasis, left ear	7	177	IMPG1	156	31	0.5	metastasis
3	Distant skin metastasis, back	7	177	IMPG1	103	34	0.5	metastasis
0	Primary, left ear	2	178	RNF157	79	28	0.5	primary
1	Lymph node metastasis, left cervical node	2	178	RNF157	97	38	0.5	metastasis
2	Locoregional skin metastasis, left ear	2	178	RNF157	104	29	0.5	metastasis
3	Distant skin metastasis, back	2	178	RNF157	62	31	0.5	metastasis
0	Primary, left ear	2	179	LRRC55	224	111	0.5	primary
1	Lymph node metastasis, left cervical node	2	179	LRRC55	280	120	0.5	metastasis
2	Locoregional skin metastasis, left ear	2	179	LRRC55	315	71	0.5	metastasis
3	Distant skin metastasis, back	2	179	LRRC55	221	77	0.5	metastasis
0	Primary, left ear	4	180	2013-09-03 00	215	87	0.5	primary
1	Lymph node metastasis, left cervical node	4	180	2013-09-03 00	255	74	0.5	metastasis
2	Locoregional skin metastasis, left ear	4	180	2013-09-03 00	261	55	0.5	metastasis
3	Distant skin metastasis, back	4	180	2013-09-03 00	280	82	0.5	metastasis
0	Primary, left ear	2	181	ZCCHC6	522	260	0.5	primary
1	Lymph node metastasis, left cervical node	2	181	ZCCHC6	623	222	0.5	metastasis
2	Locoregional skin metastasis, left ear	2	181	ZCCHC6	271	69	0.5	metastasis
3	Distant skin metastasis, back	2	181	ZCCHC6	541	217	0.5	metastasis
0	Primary, left ear	7	182	DNAH6	33	14	0.5	primary
1	Lymph node metastasis, left cervical node	7	182	DNAH6	26	12	0.5	metastasis
2	Locoregional skin metastasis, left ear	7	182	DNAH6	26	3	0.5	metastasis
3	Distant skin metastasis, back	7	182	DNAH6	21	6	0.5	metastasis
0	Primary, left ear	2	183	HKDC1	93	52	0.5	primary
1	Lymph node metastasis, left cervical node	2	183	HKDC1	122	52	0.5	metastasis
2	Locoregional skin metastasis, left ear	2	183	HKDC1	152	34	0.5	metastasis
3	Distant skin metastasis, back	2	183	HKDC1	110	39	0.5	metastasis
0	Primary, left ear	2	184	SYNE1	53	28	0.5	primary
1	Lymph node metastasis, left cervical node	2	184	SYNE1	52	24	0.5	metastasis
2	Locoregional skin metastasis, left ear	2	184	SYNE1	28	6	0.5	metastasis
3	Distant skin metastasis, back	2	184	SYNE1	34	17	0.5	metastasis
0	Primary, left ear	7	185	KRT12	115	60	0.5	primary
1	Lymph node metastasis, left cervical node	7	185	KRT12	117	45	0.5	metastasis
2	Locoregional skin metastasis, left ear	7	185	KRT12	157	26	0.5	metastasis
3	Distant skin metastasis, back	7	185	KRT12	156	46	0.5	metastasis
0	Primary, left ear	2	186	ARHGAP28	39	31	0.5	primary
1	Lymph node metastasis, left cervical node	2	186	ARHGAP28	26	13	0.5	metastasis
2	Locoregional skin metastasis, left ear	2	186	ARHGAP28	36	7	0.5	metastasis
3	Distant skin metastasis, back	2	186	ARHGAP28	35	17	0.5	metastasis
0	Primary, left ear	2	187	CPNE4	71	29	0.5	primary
1	Lymph node metastasis, left cervical node	2	187	CPNE4	96	35	0.5	metastasis
2	Locoregional skin metastasis, left ear	2	187	CPNE4	80	17	0.5	metastasis
3	Distant skin metastasis, back	2	187	CPNE4	63	22	0.5	metastasis
0	Primary, left ear	7	188	KANK3	34	8	0.5	primary
1	Lymph node metastasis, left cervical node	7	188	KANK3	36	21	0.5	metastasis
2	Locoregional skin metastasis, left ear	7	188	KANK3	57	10	0.5	metastasis
3	Distant skin metastasis, back	7	188	KANK3	41	10	0.5	metastasis
0	Primary, left ear	6	189	SHC3	181	89	0.5	primary
1	Lymph node metastasis, left cervical node	6	189	SHC3	224	70	0.5	metastasis
2	Locoregional skin metastasis, left ear	6	189	SHC3	208	56	0.5	metastasis
3	Distant skin metastasis, back	6	189	SHC3	257	75	0.5	metastasis
0	Primary, left ear	4	190	RIMBP2	142	42	0.5	primary
1	Lymph node metastasis, left cervical node	4	190	RIMBP2	143	31	0.5	metastasis
2	Locoregional skin metastasis, left ear	4	190	RIMBP2	152	16	0.5	metastasis
3	Distant skin metastasis, back	4	190	RIMBP2	107	29	0.5	metastasis
0	Primary, left ear	2	191	GNL2	108	58	0.5	primary
1	Lymph node metastasis, left cervical node	2	191	GNL2	133	56	0.5	metastasis
2	Locoregional skin metastasis, left ear	2	191	GNL2	78	15	0.5	metastasis
3	Distant skin metastasis, back	2	191	GNL2	113	56	0.5	metastasis
0	Primary, left ear	4	192	MYO18B	50	20	0.5	primary
1	Lymph node metastasis, left cervical node	4	192	MYO18B	80	26	0.5	metastasis
2	Locoregional skin metastasis, left ear	4	192	MYO18B	69	5	0.5	metastasis
3	Distant skin metastasis, back	4	192	MYO18B	55	14	0.5	metastasis
0	Primary, left ear	7	193	ARHGEF11	49	16	0.5	primary
1	Lymph node metastasis, left cervical node	7	193	ARHGEF11	70	26	0.5	metastasis
2	Locoregional skin metastasis, left ear	7	193	ARHGEF11	66	16	0.5	metastasis
3	Distant skin metastasis, back	7	193	ARHGEF11	68	14	0.5	metastasis
0	Primary, left ear	3	194	IGFN1	103	46	0.5	primary
1	Lymph node metastasis, left cervical node	3	194	IGFN1	139	52	0.5	metastasis
2	Locoregional skin metastasis, left ear	3	194	IGFN1	137	32	0.5	metastasis
3	Distant skin metastasis, back	3	194	IGFN1	120	20	0.5	metastasis
0	Primary, left ear	2	195	BIN1	172	67	0.5	primary
1	Lymph node metastasis, left cervical node	2	195	BIN1	159	75	0.5	metastasis
2	Locoregional skin metastasis, left ear	2	195	BIN1	192	60	0.5	metastasis
3	Distant skin metastasis, back	2	195	BIN1	161	95	0.5	metastasis
0	Primary, left ear	4	196	CCNY	60	20	0.5	primary
1	Lymph node metastasis, left cervical node	4	196	CCNY	57	15	0.5	metastasis
2	Locoregional skin metastasis, left ear	4	196	CCNY	31	4	0.5	metastasis
3	Distant skin metastasis, back	4	196	CCNY	63	23	0.5	metastasis
0	Primary, left ear	7	197	MUC16	119	44	0.5	primary
1	Lymph node metastasis, left cervical node	7	197	MUC16	123	47	0.5	metastasis
2	Locoregional skin metastasis, left ear	7	197	MUC16	102	25	0.5	metastasis
3	Distant skin metastasis, back	7	197	MUC16	130	37	0.5	metastasis
0	Primary, left ear	1	198	OR13C4	220	97	0.5	primary
1	Lymph node metastasis, left cervical node	1	198	OR13C4	186	47	0.5	metastasis
2	Locoregional skin metastasis, left ear	1	198	OR13C4	71	30	0.5	metastasis
3	Distant skin metastasis, back	1	198	OR13C4	162	69	0.5	metastasis
0	Primary, left ear	2	199	CCL7	77	32	0.5	primary
1	Lymph node metastasis, left cervical node	2	199	CCL7	75	34	0.5	metastasis
2	Locoregional skin metastasis, left ear	2	199	CCL7	37	17	0.5	metastasis
3	Distant skin metastasis, back	2	199	CCL7	73	30	0.5	metastasis
0	Primary, left ear	7	200	C10orf71	210	69	0.5	primary
1	Lymph node metastasis, left cervical node	7	200	C10orf71	183	75	0.5	metastasis
2	Locoregional skin metastasis, left ear	7	200	C10orf71	266	58	0.5	metastasis
3	Distant skin metastasis, back	7	200	C10orf71	225	67	0.5	metastasis
0	Primary, left ear	7	201	GPR128	73	25	0.5	primary
1	Lymph node metastasis, left cervical node	7	201	GPR128	80	38	0.5	metastasis
2	Locoregional skin metastasis, left ear	7	201	GPR128	57	9	0.5	metastasis
3	Distant skin metastasis, back	7	201	GPR128	74	18	0.5	metastasis
0	Primary, left ear	7	202	SCAF8	46	10	0.5	primary
1	Lymph node metastasis, left cervical node	7	202	SCAF8	18	8	0.5	metastasis
2	Locoregional skin metastasis, left ear	7	202	SCAF8	25	4	0.5	metastasis
3	Distant skin metastasis, back	7	202	SCAF8	21	5	0.5	metastasis
0	Primary, left ear	2	203	LY9	36	17	0.5	primary
1	Lymph node metastasis, left cervical node	2	203	LY9	47	14	0.5	metastasis
2	Locoregional skin metastasis, left ear	2	203	LY9	33	12	0.5	metastasis
3	Distant skin metastasis, back	2	203	LY9	44	19	0.5	metastasis
0	Primary, left ear	2	204	UROC1	181	103	0.5	primary
1	Lymph node metastasis, left cervical node	2	204	UROC1	215	81	0.5	metastasis
2	Locoregional skin metastasis, left ear	2	204	UROC1	240	65	0.5	metastasis
3	Distant skin metastasis, back	2	204	UROC1	196	68	0.5	metastasis
0	Primary, left ear	2	205	UGT1A5	22	5	0.5	primary
1	Lymph node metastasis, left cervical node	2	205	UGT1A5	18	10	0.5	metastasis
2	Locoregional skin metastasis, left ear	2	205	UGT1A5	22	7	0.5	metastasis
3	Distant skin metastasis, back	2	205	UGT1A5	16	7	0.5	metastasis
0	Primary, left ear	2	206	GOLGA3	484	258	0.5	primary
1	Lymph node metastasis, left cervical node	2	206	GOLGA3	650	231	0.5	metastasis
2	Locoregional skin metastasis, left ear	2	206	GOLGA3	741	157	0.5	metastasis
3	Distant skin metastasis, back	2	206	GOLGA3	527	245	0.5	metastasis
0	Primary, left ear	6	207	CNTNAP5	427	208	0.5	primary
1	Lymph node metastasis, left cervical node	6	207	CNTNAP5	464	103	0.5	metastasis
2	Locoregional skin metastasis, left ear	6	207	CNTNAP5	305	81	0.5	metastasis
3	Distant skin metastasis, back	6	207	CNTNAP5	422	138	0.5	metastasis
0	Primary, left ear	2	208	KCNJ6	178	91	0.5	primary
1	Lymph node metastasis, left cervical node	2	208	KCNJ6	192	71	0.5	metastasis
2	Locoregional skin metastasis, left ear	2	208	KCNJ6	223	41	0.5	metastasis
3	Distant skin metastasis, back	2	208	KCNJ6	179	79	0.5	metastasis
0	Primary, left ear	6	209	PGBD5	103	46	0.5	primary
1	Lymph node metastasis, left cervical node	6	209	PGBD5	138	33	0.5	metastasis
2	Locoregional skin metastasis, left ear	6	209	PGBD5	162	36	0.5	metastasis
3	Distant skin metastasis, back	6	209	PGBD5	136	33	0.5	metastasis
0	Primary, left ear	2	210	PPM1F	295	184	0.5	primary
1	Lymph node metastasis, left cervical node	2	210	PPM1F	381	166	0.5	metastasis
2	Locoregional skin metastasis, left ear	2	210	PPM1F	367	90	0.5	metastasis
3	Distant skin metastasis, back	2	210	PPM1F	325	107	0.5	metastasis
0	Primary, left ear	6	211	SPHKAP	120	58	0.5	primary
1	Lymph node metastasis, left cervical node	6	211	SPHKAP	165	35	0.5	metastasis
2	Locoregional skin metastasis, left ear	6	211	SPHKAP	175	31	0.5	metastasis
3	Distant skin metastasis, back	6	211	SPHKAP	119	39	0.5	metastasis
0	Primary, left ear	4	212	APBB1IP	252	72	0.5	primary
1	Lymph node metastasis, left cervical node	4	212	APBB1IP	322	93	0.5	metastasis
2	Locoregional skin metastasis, left ear	4	212	APBB1IP	208	45	0.5	metastasis
3	Distant skin metastasis, back	4	212	APBB1IP	252	72	0.5	metastasis
0	Primary, left ear	1	213	DNAH9	114	47	0.5	primary
1	Lymph node metastasis, left cervical node	1	213	DNAH9	131	38	0.5	metastasis
2	Locoregional skin metastasis, left ear	1	213	DNAH9	65	18	0.5	metastasis
3	Distant skin metastasis, back	1	213	DNAH9	99	37	0.5	metastasis
0	Primary, left ear	2	214	COL4A3	20	11	0.5	primary
1	Lymph node metastasis, left cervical node	2	214	COL4A3	16	3	0.5	metastasis
2	Locoregional skin metastasis, left ear	2	214	COL4A3	25	5	0.5	metastasis
3	Distant skin metastasis, back	2	214	COL4A3	14	7	0.5	metastasis
0	Primary, left ear	2	215	SOCS1	79	39	0.5	primary
1	Lymph node metastasis, left cervical node	2	215	SOCS1	100	35	0.5	metastasis
2	Locoregional skin metastasis, left ear	2	215	SOCS1	139	35	0.5	metastasis
3	Distant skin metastasis, back	2	215	SOCS1	114	52	0.5	metastasis
0	Primary, left ear	2	216	PROS1	101	55	0.5	primary
1	Lymph node metastasis, left cervical node	2	216	PROS1	123	48	0.5	metastasis
2	Locoregional skin metastasis, left ear	2	216	PROS1	54	11	0.5	metastasis
3	Distant skin metastasis, back	2	216	PROS1	96	44	0.5	metastasis
0	Primary, left ear	4	217	SPG7	106	38	0.5	primary
1	Lymph node metastasis, left cervical node	4	217	SPG7	134	31	0.5	metastasis
2	Locoregional skin metastasis, left ear	4	217	SPG7	131	20	0.5	metastasis
3	Distant skin metastasis, back	4	217	SPG7	144	36	0.5	metastasis
0	Primary, left ear	3	218	ELTD1	58	19	0.5	primary
1	Lymph node metastasis, left cervical node	3	218	ELTD1	51	14	0.5	metastasis
2	Locoregional skin metastasis, left ear	3	218	ELTD1	26	11	0.5	metastasis
3	Distant skin metastasis, back	3	218	ELTD1	57	9	0.5	metastasis
0	Primary, left ear	4	219	MUSK	28	10	0.5	primary
1	Lymph node metastasis, left cervical node	4	219	MUSK	23	4	0.5	metastasis
2	Locoregional skin metastasis, left ear	4	219	MUSK	35	6	0.5	metastasis
3	Distant skin metastasis, back	4	219	MUSK	26	8	0.5	metastasis
0	Primary, left ear	7	220	ANO4	233	123	0.5	primary
1	Lymph node metastasis, left cervical node	7	220	ANO4	336	136	0.5	metastasis
2	Locoregional skin metastasis, left ear	7	220	ANO4	185	39	0.5	metastasis
3	Distant skin metastasis, back	7	220	ANO4	288	76	0.5	metastasis
0	Primary, left ear	2	221	ROR1	292	138	0.5	primary
1	Lymph node metastasis, left cervical node	2	221	ROR1	352	146	0.5	metastasis
2	Locoregional skin metastasis, left ear	2	221	ROR1	298	71	0.5	metastasis
3	Distant skin metastasis, back	2	221	ROR1	249	95	0.5	metastasis
0	Primary, left ear	1	222	BAI3	113	47	0.5	primary
1	Lymph node metastasis, left cervical node	1	222	BAI3	100	32	0.5	metastasis
2	Locoregional skin metastasis, left ear	1	222	BAI3	50	5	0.5	metastasis
3	Distant skin metastasis, back	1	222	BAI3	99	39	0.5	metastasis
0	Primary, left ear	2	223	IRF6	59	45	0.5	primary
1	Lymph node metastasis, left cervical node	2	223	IRF6	71	22	0.5	metastasis
2	Locoregional skin metastasis, left ear	2	223	IRF6	63	18	0.5	metastasis
3	Distant skin metastasis, back	2	223	IRF6	61	24	0.5	metastasis
0	Primary, left ear	2	224	YLPM1	203	111	0.5	primary
1	Lymph node metastasis, left cervical node	2	224	YLPM1	285	131	0.5	metastasis
2	Locoregional skin metastasis, left ear	2	224	YLPM1	294	46	0.5	metastasis
3	Distant skin metastasis, back	2	224	YLPM1	230	93	0.5	metastasis
0	Primary, left ear	1	225	CFH	26	4	0.5	primary
1	Lymph node metastasis, left cervical node	1	225	CFH	25	7	0.5	metastasis
2	Locoregional skin metastasis, left ear	1	225	CFH	4	2	0.5	metastasis
3	Distant skin metastasis, back	1	225	CFH	24	10	0.5	metastasis
0	Primary, left ear	7	226	NOS1	173	77	0.5	primary
1	Lymph node metastasis, left cervical node	7	226	NOS1	279	93	0.5	metastasis
2	Locoregional skin metastasis, left ear	7	226	NOS1	316	64	0.5	metastasis
3	Distant skin metastasis, back	7	226	NOS1	246	64	0.5	metastasis
0	Primary, left ear	2	227	ARHGAP28	51	31	0.5	primary
1	Lymph node metastasis, left cervical node	2	227	ARHGAP28	42	19	0.5	metastasis
2	Locoregional skin metastasis, left ear	2	227	ARHGAP28	31	7	0.5	metastasis
3	Distant skin metastasis, back	2	227	ARHGAP28	50	18	0.5	metastasis
0	Primary, left ear	2	228	PMFBP1	43	24	0.5	primary
1	Lymph node metastasis, left cervical node	2	228	PMFBP1	65	24	0.5	metastasis
2	Locoregional skin metastasis, left ear	2	228	PMFBP1	66	13	0.5	metastasis
3	Distant skin metastasis, back	2	228	PMFBP1	47	20	0.5	metastasis
0	Primary, left ear	1	229	ADAMTS18	204	82	0.5	primary
1	Lymph node metastasis, left cervical node	1	229	ADAMTS18	214	58	0.5	metastasis
2	Locoregional skin metastasis, left ear	1	229	ADAMTS18	93	19	0.5	metastasis
3	Distant skin metastasis, back	1	229	ADAMTS18	143	55	0.5	metastasis
0	Primary, left ear	6	230	MRC2	46	27	0.5	primary
1	Lymph node metastasis, left cervical node	6	230	MRC2	94	28	0.5	metastasis
2	Locoregional skin metastasis, left ear	6	230	MRC2	109	17	0.5	metastasis
3	Distant skin metastasis, back	6	230	MRC2	72	23	0.5	metastasis
0	Primary, left ear	7	231	C1orf101	111	37	0.5	primary
1	Lymph node metastasis, left cervical node	7	231	C1orf101	113	43	0.5	metastasis
2	Locoregional skin metastasis, left ear	7	231	C1orf101	54	19	0.5	metastasis
3	Distant skin metastasis, back	7	231	C1orf101	122	40	0.5	metastasis
0	Primary, left ear	2	232	MASP1	222	136	0.5	primary
1	Lymph node metastasis, left cervical node	2	232	MASP1	209	81	0.5	metastasis
2	Locoregional skin metastasis, left ear	2	232	MASP1	245	44	0.5	metastasis
3	Distant skin metastasis, back	2	232	MASP1	237	96	0.5	metastasis
0	Primary, left ear	6	233	ARHGAP19	113	52	0.5	primary
1	Lymph node metastasis, left cervical node	6	233	ARHGAP19	176	57	0.5	metastasis
2	Locoregional skin metastasis, left ear	6	233	ARHGAP19	69	18	0.5	metastasis
3	Distant skin metastasis, back	6	233	ARHGAP19	138	46	0.5	metastasis
0	Primary, left ear	2	234	DNAH9	100	50	0.5	primary
1	Lymph node metastasis, left cervical node	2	234	DNAH9	124	64	0.5	metastasis
2	Locoregional skin metastasis, left ear	2	234	DNAH9	116	22	0.5	metastasis
3	Distant skin metastasis, back	2	234	DNAH9	144	48	0.5	metastasis
0	Primary, left ear	2	235	UNC13A	85	38	0.5	primary
1	Lymph node metastasis, left cervical node	2	235	UNC13A	130	50	0.5	metastasis
2	Locoregional skin metastasis, left ear	2	235	UNC13A	156	34	0.5	metastasis
3	Distant skin metastasis, back	2	235	UNC13A	131	49	0.5	metastasis
0	Primary, left ear	2	236	OR3A4P	286	128	0.5	primary
1	Lymph node metastasis, left cervical node	2	236	OR3A4P	305	114	0.5	metastasis
2	Locoregional skin metastasis, left ear	2	236	OR3A4P	324	76	0.5	metastasis
3	Distant skin metastasis, back	2	236	OR3A4P	279	107	0.5	metastasis
0	Primary, left ear	4	237	OR13C3	512	157	0.5	primary
1	Lymph node metastasis, left cervical node	4	237	OR13C3	499	160	0.5	metastasis
2	Locoregional skin metastasis, left ear	4	237	OR13C3	344	76	0.5	metastasis
3	Distant skin metastasis, back	4	237	OR13C3	434	142	0.5	metastasis
0	Primary, left ear	6	238	DNAH6	30	17	0.5	primary
1	Lymph node metastasis, left cervical node	6	238	DNAH6	63	11	0.5	metastasis
2	Locoregional skin metastasis, left ear	6	238	DNAH6	15	5	0.5	metastasis
3	Distant skin metastasis, back	6	238	DNAH6	33	12	0.5	metastasis
0	Primary, left ear	6	239	MYOM1	23	9	0.5	primary
1	Lymph node metastasis, left cervical node	6	239	MYOM1	32	8	0.5	metastasis
2	Locoregional skin metastasis, left ear	6	239	MYOM1	33	8	0.5	metastasis
3	Distant skin metastasis, back	6	239	MYOM1	24	6	0.5	metastasis
0	Primary, left ear	2	240	PLAC1L	35	16	0.5	primary
1	Lymph node metastasis, left cervical node	2	240	PLAC1L	35	15	0.5	metastasis
2	Locoregional skin metastasis, left ear	2	240	PLAC1L	9	4	0.5	metastasis
3	Distant skin metastasis, back	2	240	PLAC1L	39	22	0.5	metastasis
0	Primary, left ear	2	241	MUC16	32	19	0.5	primary
1	Lymph node metastasis, left cervical node	2	241	MUC16	31	20	0.5	metastasis
2	Locoregional skin metastasis, left ear	2	241	MUC16	27	8	0.5	metastasis
3	Distant skin metastasis, back	2	241	MUC16	28	15	0.5	metastasis
0	Primary, left ear	2	242	BZRAP1	124	49	0.5	primary
1	Lymph node metastasis, left cervical node	2	242	BZRAP1	109	49	0.5	metastasis
2	Locoregional skin metastasis, left ear	2	242	BZRAP1	138	40	0.5	metastasis
3	Distant skin metastasis, back	2	242	BZRAP1	110	48	0.5	metastasis
0	Primary, left ear	1	243	OTOG	102	48	0.5	primary
1	Lymph node metastasis, left cervical node	1	243	OTOG	137	33	0.5	metastasis
2	Locoregional skin metastasis, left ear	1	243	OTOG	93	10	0.5	metastasis
3	Distant skin metastasis, back	1	243	OTOG	111	48	0.5	metastasis
0	Primary, left ear	2	244	ZFP37	222	117	0.5	primary
1	Lymph node metastasis, left cervical node	2	244	ZFP37	231	103	0.5	metastasis
2	Locoregional skin metastasis, left ear	2	244	ZFP37	94	28	0.5	metastasis
3	Distant skin metastasis, back	2	244	ZFP37	210	91	0.5	metastasis
0	Primary, left ear	6	245	GRIN2A	237	118	0.5	primary
1	Lymph node metastasis, left cervical node	6	245	GRIN2A	341	76	0.5	metastasis
2	Locoregional skin metastasis, left ear	6	245	GRIN2A	221	55	0.5	metastasis
3	Distant skin metastasis, back	6	245	GRIN2A	225	80	0.5	metastasis
0	Primary, left ear	7	246	CHRD	22	9	0.5	primary
1	Lymph node metastasis, left cervical node	7	246	CHRD	18	5	0.5	metastasis
2	Locoregional skin metastasis, left ear	7	246	CHRD	36	6	0.5	metastasis
3	Distant skin metastasis, back	7	246	CHRD	29	7	0.5	metastasis
0	Primary, left ear	1	247	MMP2	60	23	0.5	primary
1	Lymph node metastasis, left cervical node	1	247	MMP2	60	15	0.5	metastasis
2	Locoregional skin metastasis, left ear	1	247	MMP2	86	15	0.5	metastasis
3	Distant skin metastasis, back	1	247	MMP2	67	29	0.5	metastasis
0	Primary, left ear	6	248	NEFH	16	12	0.5	primary
1	Lymph node metastasis, left cervical node	6	248	NEFH	23	2	0.5	metastasis
2	Locoregional skin metastasis, left ear	6	248	NEFH	20	5	0.5	metastasis
3	Distant skin metastasis, back	6	248	NEFH	10	4	0.5	metastasis
0	Primary, left ear	2	249	GPRC5C	516	254	0.5	primary
1	Lymph node metastasis, left cervical node	2	249	GPRC5C	685	262	0.5	metastasis
2	Locoregional skin metastasis, left ear	2	249	GPRC5C	785	201	0.5	metastasis
3	Distant skin metastasis, back	2	249	GPRC5C	644	210	0.5	metastasis
0	Primary, left ear	2	250	SPATA20	206	100	0.5	primary
1	Lymph node metastasis, left cervical node	2	250	SPATA20	220	84	0.5	metastasis
2	Locoregional skin metastasis, left ear	2	250	SPATA20	157	40	0.5	metastasis
3	Distant skin metastasis, back	2	250	SPATA20	232	81	0.5	metastasis
0	Primary, left ear	2	251	DFNB31	133	83	0.5	primary
1	Lymph node metastasis, left cervical node	2	251	DFNB31	165	63	0.5	metastasis
2	Locoregional skin metastasis, left ear	2	251	DFNB31	110	30	0.5	metastasis
3	Distant skin metastasis, back	2	251	DFNB31	140	41	0.5	metastasis
0	Primary, left ear	6	252	APOB	436	224	0.5	primary
1	Lymph node metastasis, left cervical node	6	252	APOB	580	181	0.5	metastasis
2	Locoregional skin metastasis, left ear	6	252	APOB	232	54	0.5	metastasis
3	Distant skin metastasis, back	6	252	APOB	447	133	0.5	metastasis
0	Primary, left ear	6	253	HTR3C	121	60	0.5	primary
1	Lymph node metastasis, left cervical node	6	253	HTR3C	169	55	0.5	metastasis
2	Locoregional skin metastasis, left ear	6	253	HTR3C	131	36	0.5	metastasis
3	Distant skin metastasis, back	6	253	HTR3C	130	38	0.5	metastasis
0	Primary, left ear	6	254	SP2	91	38	0.5	primary
1	Lymph node metastasis, left cervical node	6	254	SP2	146	41	0.5	metastasis
2	Locoregional skin metastasis, left ear	6	254	SP2	122	31	0.5	metastasis
3	Distant skin metastasis, back	6	254	SP2	132	37	0.5	metastasis
0	Primary, left ear	7	255	S1PR4	221	87	0.5	primary
1	Lymph node metastasis, left cervical node	7	255	S1PR4	264	121	0.5	metastasis
2	Locoregional skin metastasis, left ear	7	255	S1PR4	301	80	0.5	metastasis
3	Distant skin metastasis, back	7	255	S1PR4	266	84	0.5	metastasis
0	Primary, left ear	1	256	TRPM6	204	81	0.5	primary
1	Lymph node metastasis, left cervical node	1	256	TRPM6	172	55	0.5	metastasis
2	Locoregional skin metastasis, left ear	1	256	TRPM6	222	33	0.5	metastasis
3	Distant skin metastasis, back	1	256	TRPM6	143	59	0.5	metastasis
0	Primary, left ear	2	257	S100A7L2	197	94	0.5	primary
1	Lymph node metastasis, left cervical node	2	257	S100A7L2	219	79	0.5	metastasis
2	Locoregional skin metastasis, left ear	2	257	S100A7L2	174	42	0.5	metastasis
3	Distant skin metastasis, back	2	257	S100A7L2	182	73	0.5	metastasis
0	Primary, left ear	7	258	CLEC3A	269	134	0.5	primary
1	Lymph node metastasis, left cervical node	7	258	CLEC3A	309	144	0.5	metastasis
2	Locoregional skin metastasis, left ear	7	258	CLEC3A	359	75	0.5	metastasis
3	Distant skin metastasis, back	7	258	CLEC3A	306	94	0.5	metastasis
0	Primary, left ear	2	259	MAP3K14	163	64	0.5	primary
1	Lymph node metastasis, left cervical node	2	259	MAP3K14	201	94	0.5	metastasis
2	Locoregional skin metastasis, left ear	2	259	MAP3K14	219	56	0.5	metastasis
3	Distant skin metastasis, back	2	259	MAP3K14	168	72	0.5	metastasis
0	Primary, left ear	7	260	CPB1	108	32	0.5	primary
1	Lymph node metastasis, left cervical node	7	260	CPB1	83	43	0.5	metastasis
2	Locoregional skin metastasis, left ear	7	260	CPB1	67	15	0.5	metastasis
3	Distant skin metastasis, back	7	260	CPB1	84	25	0.5	metastasis
0	Primary, left ear	1	261	COL6A6	169	72	0.5	primary
1	Lymph node metastasis, left cervical node	1	261	COL6A6	198	64	0.5	metastasis
2	Locoregional skin metastasis, left ear	1	261	COL6A6	220	43	0.5	metastasis
3	Distant skin metastasis, back	1	261	COL6A6	154	62	0.5	metastasis
0	Primary, left ear	2	262	FOXG1	234	121	0.5	primary
1	Lymph node metastasis, left cervical node	2	262	FOXG1	235	80	0.5	metastasis
2	Locoregional skin metastasis, left ear	2	262	FOXG1	345	78	0.5	metastasis
3	Distant skin metastasis, back	2	262	FOXG1	262	126	0.5	metastasis
0	Primary, left ear	2	263	FLG	13	4	0.5	primary
1	Lymph node metastasis, left cervical node	2	263	FLG	13	6	0.5	metastasis
2	Locoregional skin metastasis, left ear	2	263	FLG	11	2	0.5	metastasis
3	Distant skin metastasis, back	2	263	FLG	13	3	0.5	metastasis
0	Primary, left ear	7	264	CCDC60	460	229	0.5	primary
1	Lymph node metastasis, left cervical node	7	264	CCDC60	558	233	0.5	metastasis
2	Locoregional skin metastasis, left ear	7	264	CCDC60	639	132	0.5	metastasis
3	Distant skin metastasis, back	7	264	CCDC60	508	158	0.5	metastasis
0	Primary, left ear	2	265	SPTA1	77	38	0.5	primary
1	Lymph node metastasis, left cervical node	2	265	SPTA1	96	46	0.5	metastasis
2	Locoregional skin metastasis, left ear	2	265	SPTA1	53	16	0.5	metastasis
3	Distant skin metastasis, back	2	265	SPTA1	68	25	0.5	metastasis
0	Primary, left ear	2	266	GPR139	103	40	0.5	primary
1	Lymph node metastasis, left cervical node	2	266	GPR139	107	53	0.5	metastasis
2	Locoregional skin metastasis, left ear	2	266	GPR139	139	30	0.5	metastasis
3	Distant skin metastasis, back	2	266	GPR139	109	40	0.5	metastasis
0	Primary, left ear	6	267	UTP18	43	23	0.5	primary
1	Lymph node metastasis, left cervical node	6	267	UTP18	53	8	0.5	metastasis
2	Locoregional skin metastasis, left ear	6	267	UTP18	44	8	0.5	metastasis
3	Distant skin metastasis, back	6	267	UTP18	39	10	0.5	metastasis
0	Primary, left ear	2	268	C22orf15	118	58	0.5	primary
1	Lymph node metastasis, left cervical node	2	268	C22orf15	118	59	0.5	metastasis
2	Locoregional skin metastasis, left ear	2	268	C22orf15	88	23	0.5	metastasis
3	Distant skin metastasis, back	2	268	C22orf15	106	48	0.5	metastasis
0	Primary, left ear	2	269	FAM117B	187	102	0.5	primary
1	Lymph node metastasis, left cervical node	2	269	FAM117B	226	94	0.5	metastasis
2	Locoregional skin metastasis, left ear	2	269	FAM117B	127	21	0.5	metastasis
3	Distant skin metastasis, back	2	269	FAM117B	193	72	0.5	metastasis
0	Primary, left ear	7	270	MAP7	74	29	0.5	primary
1	Lymph node metastasis, left cervical node	7	270	MAP7	68	27	0.5	metastasis
2	Locoregional skin metastasis, left ear	7	270	MAP7	108	15	0.5	metastasis
3	Distant skin metastasis, back	7	270	MAP7	60	23	0.5	metastasis
0	Primary, left ear	2	271	NEURL	284	186	0.5	primary
1	Lymph node metastasis, left cervical node	2	271	NEURL	344	160	0.5	metastasis
2	Locoregional skin metastasis, left ear	2	271	NEURL	610	175	0.5	metastasis
3	Distant skin metastasis, back	2	271	NEURL	393	141	0.5	metastasis
0	Primary, left ear	1	272	ATP13A4	112	43	0.5	primary
1	Lymph node metastasis, left cervical node	1	272	ATP13A4	119	38	0.5	metastasis
2	Locoregional skin metastasis, left ear	1	272	ATP13A4	33	9	0.5	metastasis
3	Distant skin metastasis, back	1	272	ATP13A4	116	38	0.5	metastasis
0	Primary, left ear	1	273	ROR2	235	120	0.5	primary
1	Lymph node metastasis, left cervical node	1	273	ROR2	280	86	0.5	metastasis
2	Locoregional skin metastasis, left ear	1	273	ROR2	470	104	0.5	metastasis
3	Distant skin metastasis, back	1	273	ROR2	280	114	0.5	metastasis
0	Primary, left ear	2	274	FZR1	79	49	0.5	primary
1	Lymph node metastasis, left cervical node	2	274	FZR1	118	55	0.5	metastasis
2	Locoregional skin metastasis, left ear	2	274	FZR1	165	54	0.5	metastasis
3	Distant skin metastasis, back	2	274	FZR1	107	47	0.5	metastasis
0	Primary, left ear	4	275	ANKRD26P1	91	24	0.5	primary
1	Lymph node metastasis, left cervical node	4	275	ANKRD26P1	104	31	0.5	metastasis
2	Locoregional skin metastasis, left ear	4	275	ANKRD26P1	44	6	0.5	metastasis
3	Distant skin metastasis, back	4	275	ANKRD26P1	84	19	0.5	metastasis
0	Primary, left ear	2	276	SLC30A6	36	22	0.5	primary
1	Lymph node metastasis, left cervical node	2	276	SLC30A6	45	16	0.5	metastasis
2	Locoregional skin metastasis, left ear	2	276	SLC30A6	9	6	0.5	metastasis
3	Distant skin metastasis, back	2	276	SLC30A6	43	9	0.5	metastasis
0	Primary, left ear	6	277	WDR49	48	27	0.5	primary
1	Lymph node metastasis, left cervical node	6	277	WDR49	79	26	0.5	metastasis
2	Locoregional skin metastasis, left ear	6	277	WDR49	31	8	0.5	metastasis
3	Distant skin metastasis, back	6	277	WDR49	78	15	0.5	metastasis
0	Primary, left ear	2	278	DPYSL5	103	49	0.5	primary
1	Lymph node metastasis, left cervical node	2	278	DPYSL5	121	40	0.5	metastasis
2	Locoregional skin metastasis, left ear	2	278	DPYSL5	88	35	0.5	metastasis
3	Distant skin metastasis, back	2	278	DPYSL5	133	42	0.5	metastasis
0	Primary, left ear	1	279	PTPN14	43	22	0.5	primary
1	Lymph node metastasis, left cervical node	1	279	PTPN14	52	11	0.5	metastasis
2	Locoregional skin metastasis, left ear	1	279	PTPN14	24	1	0.5	metastasis
3	Distant skin metastasis, back	1	279	PTPN14	32	12	0.5	metastasis
0	Primary, left ear	2	280	PATL1	12	12	0.5	primary
1	Lymph node metastasis, left cervical node	2	280	PATL1	16	10	0.5	metastasis
2	Locoregional skin metastasis, left ear	2	280	PATL1	12	2	0.5	metastasis
3	Distant skin metastasis, back	2	280	PATL1	21	7	0.5	metastasis
0	Primary, left ear	1	281	AV1S4A1N1T	60	23	0.5	primary
1	Lymph node metastasis, left cervical node	1	281	AV1S4A1N1T	79	24	0.5	metastasis
2	Locoregional skin metastasis, left ear	1	281	AV1S4A1N1T	22	5	0.5	metastasis
3	Distant skin metastasis, back	1	281	AV1S4A1N1T	53	27	0.5	metastasis
0	Primary, left ear	7	282	NOS1	89	51	0.5	primary
1	Lymph node metastasis, left cervical node	7	282	NOS1	123	58	0.5	metastasis
2	Locoregional skin metastasis, left ear	7	282	NOS1	128	33	0.5	metastasis
3	Distant skin metastasis, back	7	282	NOS1	128	29	0.5	metastasis
0	Primary, left ear	1	283	FAM131A	680	321	0.5	primary
1	Lymph node metastasis, left cervical node	1	283	FAM131A	872	289	0.5	metastasis
2	Locoregional skin metastasis, left ear	1	283	FAM131A	681	144	0.5	metastasis
3	Distant skin metastasis, back	1	283	FAM131A	838	298	0.5	metastasis
0	Primary, left ear	4	284	GLT1D1	145	47	0.5	primary
1	Lymph node metastasis, left cervical node	4	284	GLT1D1	180	53	0.5	metastasis
2	Locoregional skin metastasis, left ear	4	284	GLT1D1	175	31	0.5	metastasis
3	Distant skin metastasis, back	4	284	GLT1D1	123	34	0.5	metastasis
0	Primary, left ear	6	285	OR1S1	472	221	0.5	primary
1	Lymph node metastasis, left cervical node	6	285	OR1S1	476	141	0.5	metastasis
2	Locoregional skin metastasis, left ear	6	285	OR1S1	290	57	0.5	metastasis
3	Distant skin metastasis, back	6	285	OR1S1	463	141	0.5	metastasis
0	Primary, left ear	2	286	KLHL26	385	190	0.5	primary
1	Lymph node metastasis, left cervical node	2	286	KLHL26	469	184	0.5	metastasis
2	Locoregional skin metastasis, left ear	2	286	KLHL26	580	133	0.5	metastasis
3	Distant skin metastasis, back	2	286	KLHL26	454	193	0.5	metastasis
0	Primary, left ear	2	287	MYH2	73	37	0.5	primary
1	Lymph node metastasis, left cervical node	2	287	MYH2	55	28	0.5	metastasis
2	Locoregional skin metastasis, left ear	2	287	MYH2	71	18	0.5	metastasis
3	Distant skin metastasis, back	2	287	MYH2	76	23	0.5	metastasis
0	Primary, left ear	7	288	OR4K13	95	46	0.5	primary
1	Lymph node metastasis, left cervical node	7	288	OR4K13	105	40	0.5	metastasis
2	Locoregional skin metastasis, left ear	7	288	OR4K13	76	20	0.5	metastasis
3	Distant skin metastasis, back	7	288	OR4K13	100	26	0.5	metastasis
0	Primary, left ear	7	289	CNTRL	66	24	0.5	primary
1	Lymph node metastasis, left cervical node	7	289	CNTRL	68	30	0.5	metastasis
2	Locoregional skin metastasis, left ear	7	289	CNTRL	29	6	0.5	metastasis
3	Distant skin metastasis, back	7	289	CNTRL	69	22	0.5	metastasis
0	Primary, left ear	2	290	ESPNL	47	18	0.5	primary
1	Lymph node metastasis, left cervical node	2	290	ESPNL	61	18	0.5	metastasis
2	Locoregional skin metastasis, left ear	2	290	ESPNL	70	23	0.5	metastasis
3	Distant skin metastasis, back	2	290	ESPNL	54	32	0.5	metastasis
0	Primary, left ear	2	291	MED13	43	23	0.5	primary
1	Lymph node metastasis, left cervical node	2	291	MED13	30	31	0.5	metastasis
2	Locoregional skin metastasis, left ear	2	291	MED13	26	5	0.5	metastasis
3	Distant skin metastasis, back	2	291	MED13	40	10	0.5	metastasis
0	Primary, left ear	7	292	MYH1	156	76	0.5	primary
1	Lymph node metastasis, left cervical node	7	292	MYH1	162	80	0.5	metastasis
2	Locoregional skin metastasis, left ear	7	292	MYH1	81	19	0.5	metastasis
3	Distant skin metastasis, back	7	292	MYH1	173	50	0.5	metastasis
0	Primary, left ear	2	293	EIF3D	74	50	0.5	primary
1	Lymph node metastasis, left cervical node	2	293	EIF3D	90	38	0.5	metastasis
2	Locoregional skin metastasis, left ear	2	293	EIF3D	97	14	0.5	metastasis
3	Distant skin metastasis, back	2	293	EIF3D	78	38	0.5	metastasis
0	Primary, left ear	2	294	ALOX5	470	223	0.5	primary
1	Lymph node metastasis, left cervical node	2	294	ALOX5	575	214	0.5	metastasis
2	Locoregional skin metastasis, left ear	2	294	ALOX5	819	206	0.5	metastasis
3	Distant skin metastasis, back	2	294	ALOX5	525	179	0.5	metastasis
0	Primary, left ear	6	295	PROK2	376	159	0.5	primary
1	Lymph node metastasis, left cervical node	6	295	PROK2	413	119	0.5	metastasis
2	Locoregional skin metastasis, left ear	6	295	PROK2	168	38	0.5	metastasis
3	Distant skin metastasis, back	6	295	PROK2	365	100	0.5	metastasis
0	Primary, left ear	1	296	HECW2	508	213	0.5	primary
1	Lymph node metastasis, left cervical node	1	296	HECW2	522	147	0.5	metastasis
2	Locoregional skin metastasis, left ear	1	296	HECW2	355	79	0.5	metastasis
3	Distant skin metastasis, back	1	296	HECW2	425	151	0.5	metastasis
0	Primary, left ear	1	297	FAM13C	55	25	0.5	primary
1	Lymph node metastasis, left cervical node	1	297	FAM13C	71	20	0.5	metastasis
2	Locoregional skin metastasis, left ear	1	297	FAM13C	73	10	0.5	metastasis
3	Distant skin metastasis, back	1	297	FAM13C	74	37	0.5	metastasis
0	Primary, left ear	1	298	C11orf42	353	154	0.5	primary
1	Lymph node metastasis, left cervical node	1	298	C11orf42	382	114	0.5	metastasis
2	Locoregional skin metastasis, left ear	1	298	C11orf42	341	88	0.5	metastasis
3	Distant skin metastasis, back	1	298	C11orf42	337	114	0.5	metastasis
0	Primary, left ear	1	299	LOC389791	291	175	0.5	primary
1	Lymph node metastasis, left cervical node	1	299	LOC389791	392	110	0.5	metastasis
2	Locoregional skin metastasis, left ear	1	299	LOC389791	393	92	0.5	metastasis
3	Distant skin metastasis, back	1	299	LOC389791	411	182	0.5	metastasis
0	Primary, left ear	2	300	CYP4B1	189	116	0.5	primary
1	Lymph node metastasis, left cervical node	2	300	CYP4B1	254	80	0.5	metastasis
2	Locoregional skin metastasis, left ear	2	300	CYP4B1	239	54	0.5	metastasis
3	Distant skin metastasis, back	2	300	CYP4B1	232	115	0.5	metastasis
0	Primary, left ear	2	301	PCNT	102	52	0.5	primary
1	Lymph node metastasis, left cervical node	2	301	PCNT	152	63	0.5	metastasis
2	Locoregional skin metastasis, left ear	2	301	PCNT	206	50	0.5	metastasis
3	Distant skin metastasis, back	2	301	PCNT	117	62	0.5	metastasis
0	Primary, left ear	7	302	C12orf63	81	17	0.5	primary
1	Lymph node metastasis, left cervical node	7	302	C12orf63	59	23	0.5	metastasis
2	Locoregional skin metastasis, left ear	7	302	C12orf63	21	6	0.5	metastasis
3	Distant skin metastasis, back	7	302	C12orf63	43	18	0.5	metastasis
0	Primary, left ear	6	303	ZNF236	40	18	0.5	primary
1	Lymph node metastasis, left cervical node	6	303	ZNF236	44	3	0.5	metastasis
2	Locoregional skin metastasis, left ear	6	303	ZNF236	25	7	0.5	metastasis
3	Distant skin metastasis, back	6	303	ZNF236	31	2	0.5	metastasis
0	Primary, left ear	1	304	TMEFF2	404	200	0.5	primary
1	Lymph node metastasis, left cervical node	1	304	TMEFF2	372	72	0.5	metastasis
2	Locoregional skin metastasis, left ear	1	304	TMEFF2	330	70	0.5	metastasis
3	Distant skin metastasis, back	1	304	TMEFF2	354	146	0.5	metastasis
0	Primary, left ear	7	305	O3FAR1	230	108	0.5	primary
1	Lymph node metastasis, left cervical node	7	305	O3FAR1	272	94	0.5	metastasis
2	Locoregional skin metastasis, left ear	7	305	O3FAR1	219	40	0.5	metastasis
3	Distant skin metastasis, back	7	305	O3FAR1	285	86	0.5	metastasis
0	Primary, left ear	7	306	SYT16	121	40	0.5	primary
1	Lymph node metastasis, left cervical node	7	306	SYT16	93	38	0.5	metastasis
2	Locoregional skin metastasis, left ear	7	306	SYT16	124	28	0.5	metastasis
3	Distant skin metastasis, back	7	306	SYT16	95	35	0.5	metastasis
0	Primary, left ear	2	307	STK36	210	116	0.5	primary
1	Lymph node metastasis, left cervical node	2	307	STK36	227	93	0.5	metastasis
2	Locoregional skin metastasis, left ear	2	307	STK36	115	32	0.5	metastasis
3	Distant skin metastasis, back	2	307	STK36	241	80	0.5	metastasis
0	Primary, left ear	2	308	GABRG1	99	46	0.5	primary
1	Lymph node metastasis, left cervical node	2	308	GABRG1	77	30	0.5	metastasis
2	Locoregional skin metastasis, left ear	2	308	GABRG1	42	6	0.5	metastasis
3	Distant skin metastasis, back	2	308	GABRG1	94	46	0.5	metastasis
0	Primary, left ear	2	309	PRRC2C	73	32	0.5	primary
1	Lymph node metastasis, left cervical node	2	309	PRRC2C	71	24	0.5	metastasis
2	Locoregional skin metastasis, left ear	2	309	PRRC2C	57	15	0.5	metastasis
3	Distant skin metastasis, back	2	309	PRRC2C	76	26	0.5	metastasis
0	Primary, left ear	2	310	DTX3L	157	67	0.5	primary
1	Lymph node metastasis, left cervical node	2	310	DTX3L	197	73	0.5	metastasis
2	Locoregional skin metastasis, left ear	2	310	DTX3L	132	28	0.5	metastasis
3	Distant skin metastasis, back	2	310	DTX3L	177	97	0.5	metastasis
0	Primary, left ear	4	311	TTN	129	56	0.5	primary
1	Lymph node metastasis, left cervical node	4	311	TTN	112	22	0.5	metastasis
2	Locoregional skin metastasis, left ear	4	311	TTN	149	26	0.5	metastasis
3	Distant skin metastasis, back	4	311	TTN	115	30	0.5	metastasis
0	Primary, left ear	3	312	BEND4	283	104	0.5	primary
1	Lymph node metastasis, left cervical node	3	312	BEND4	295	97	0.5	metastasis
2	Locoregional skin metastasis, left ear	3	312	BEND4	301	68	0.5	metastasis
3	Distant skin metastasis, back	3	312	BEND4	280	72	0.5	metastasis
0	Primary, left ear	2	313	PTGER2	197	118	0.5	primary
1	Lymph node metastasis, left cervical node	2	313	PTGER2	200	82	0.5	metastasis
2	Locoregional skin metastasis, left ear	2	313	PTGER2	289	66	0.5	metastasis
3	Distant skin metastasis, back	2	313	PTGER2	208	83	0.5	metastasis
0	Primary, left ear	2	314	SORCS3	297	133	0.5	primary
1	Lymph node metastasis, left cervical node	2	314	SORCS3	267	140	0.5	metastasis
2	Locoregional skin metastasis, left ear	2	314	SORCS3	215	44	0.5	metastasis
3	Distant skin metastasis, back	2	314	SORCS3	231	118	0.5	metastasis
0	Primary, left ear	7	315	CAPN8	399	192	0.5	primary
1	Lymph node metastasis, left cervical node	7	315	CAPN8	440	165	0.5	metastasis
2	Locoregional skin metastasis, left ear	7	315	CAPN8	483	73	0.5	metastasis
3	Distant skin metastasis, back	7	315	CAPN8	453	135	0.5	metastasis
0	Primary, left ear	2	316	ITGAX	73	36	0.5	primary
1	Lymph node metastasis, left cervical node	2	316	ITGAX	109	52	0.5	metastasis
2	Locoregional skin metastasis, left ear	2	316	ITGAX	101	28	0.5	metastasis
3	Distant skin metastasis, back	2	316	ITGAX	87	32	0.5	metastasis
0	Primary, left ear	2	317	PCNXL3	331	151	0.5	primary
1	Lymph node metastasis, left cervical node	2	317	PCNXL3	371	132	0.5	metastasis
2	Locoregional skin metastasis, left ear	2	317	PCNXL3	512	128	0.5	metastasis
3	Distant skin metastasis, back	2	317	PCNXL3	434	167	0.5	metastasis
0	Primary, left ear	6	318	TTN	368	191	0.5	primary
1	Lymph node metastasis, left cervical node	6	318	TTN	409	106	0.5	metastasis
2	Locoregional skin metastasis, left ear	6	318	TTN	417	65	0.5	metastasis
3	Distant skin metastasis, back	6	318	TTN	349	91	0.5	metastasis
0	Primary, left ear	3	319	CFHR3	168	54	0.5	primary
1	Lymph node metastasis, left cervical node	3	319	CFHR3	160	57	0.5	metastasis
2	Locoregional skin metastasis, left ear	3	319	CFHR3	68	16	0.5	metastasis
3	Distant skin metastasis, back	3	319	CFHR3	152	25	0.5	metastasis
0	Primary, left ear	2	320	OR4C15	89	44	0.5	primary
1	Lymph node metastasis, left cervical node	2	320	OR4C15	78	26	0.5	metastasis
2	Locoregional skin metastasis, left ear	2	320	OR4C15	36	8	0.5	metastasis
3	Distant skin metastasis, back	2	320	OR4C15	70	21	0.5	metastasis
0	Primary, left ear	1	321	ACTL7A	285	111	0.5	primary
1	Lymph node metastasis, left cervical node	1	321	ACTL7A	328	111	0.5	metastasis
2	Locoregional skin metastasis, left ear	1	321	ACTL7A	319	78	0.5	metastasis
3	Distant skin metastasis, back	1	321	ACTL7A	255	96	0.5	metastasis
0	Primary, left ear	2	322	AIRE	76	47	0.5	primary
1	Lymph node metastasis, left cervical node	2	322	AIRE	89	55	0.5	metastasis
2	Locoregional skin metastasis, left ear	2	322	AIRE	155	31	0.5	metastasis
3	Distant skin metastasis, back	2	322	AIRE	89	39	0.5	metastasis
0	Primary, left ear	2	323	TTN	205	80	0.5	primary
1	Lymph node metastasis, left cervical node	2	323	TTN	195	80	0.5	metastasis
2	Locoregional skin metastasis, left ear	2	323	TTN	70	31	0.5	metastasis
3	Distant skin metastasis, back	2	323	TTN	174	54	0.5	metastasis
0	Primary, left ear	4	324	COBLL1	135	45	0.5	primary
1	Lymph node metastasis, left cervical node	4	324	COBLL1	93	35	0.5	metastasis
2	Locoregional skin metastasis, left ear	4	324	COBLL1	129	11	0.5	metastasis
3	Distant skin metastasis, back	4	324	COBLL1	109	25	0.5	metastasis
0	Primary, left ear	2	325	MUC16	130	53	0.5	primary
1	Lymph node metastasis, left cervical node	2	325	MUC16	134	60	0.5	metastasis
2	Locoregional skin metastasis, left ear	2	325	MUC16	115	30	0.5	metastasis
3	Distant skin metastasis, back	2	325	MUC16	113	37	0.5	metastasis
0	Primary, left ear	6	326	HIVEP3	235	138	0.5	primary
1	Lymph node metastasis, left cervical node	6	326	HIVEP3	287	71	0.5	metastasis
2	Locoregional skin metastasis, left ear	6	326	HIVEP3	372	80	0.5	metastasis
3	Distant skin metastasis, back	6	326	HIVEP3	353	128	0.5	metastasis
0	Primary, left ear	7	327	MCHR2	178	59	0.5	primary
1	Lymph node metastasis, left cervical node	7	327	MCHR2	164	65	0.5	metastasis
2	Locoregional skin metastasis, left ear	7	327	MCHR2	114	14	0.5	metastasis
3	Distant skin metastasis, back	7	327	MCHR2	183	50	0.5	metastasis
0	Primary, left ear	2	328	2013-03-10 00	177	93	0.5	primary
1	Lymph node metastasis, left cervical node	2	328	2013-03-10 00	243	110	0.5	metastasis
2	Locoregional skin metastasis, left ear	2	328	2013-03-10 00	131	26	0.5	metastasis
3	Distant skin metastasis, back	2	328	2013-03-10 00	267	87	0.5	metastasis
0	Primary, left ear	7	329	ZEB1	184	60	0.5	primary
1	Lymph node metastasis, left cervical node	7	329	ZEB1	160	63	0.5	metastasis
2	Locoregional skin metastasis, left ear	7	329	ZEB1	211	37	0.5	metastasis
3	Distant skin metastasis, back	7	329	ZEB1	171	54	0.5	metastasis
0	Primary, left ear	7	330	LOXHD1	215	75	0.5	primary
1	Lymph node metastasis, left cervical node	7	330	LOXHD1	246	90	0.5	metastasis
2	Locoregional skin metastasis, left ear	7	330	LOXHD1	201	52	0.5	metastasis
3	Distant skin metastasis, back	7	330	LOXHD1	204	69	0.5	metastasis
0	Primary, left ear	3	331	OR5K3	221	74	0.5	primary
1	Lymph node metastasis, left cervical node	3	331	OR5K3	257	79	0.5	metastasis
2	Locoregional skin metastasis, left ear	3	331	OR5K3	102	29	0.5	metastasis
3	Distant skin metastasis, back	3	331	OR5K3	212	53	0.5	metastasis
0	Primary, left ear	6	332	NEB	76	27	0.5	primary
1	Lymph node metastasis, left cervical node	6	332	NEB	70	17	0.5	metastasis
2	Locoregional skin metastasis, left ear	6	332	NEB	35	11	0.5	metastasis
3	Distant skin metastasis, back	6	332	NEB	71	19	0.5	metastasis
0	Primary, left ear	2	333	SENP3	137	56	0.5	primary
1	Lymph node metastasis, left cervical node	2	333	SENP3	142	60	0.5	metastasis
2	Locoregional skin metastasis, left ear	2	333	SENP3	94	16	0.5	metastasis
3	Distant skin metastasis, back	2	333	SENP3	136	74	0.5	metastasis
0	Primary, left ear	6	334	FAM123C	393	209	0.5	primary
1	Lymph node metastasis, left cervical node	6	334	FAM123C	453	140	0.5	metastasis
2	Locoregional skin metastasis, left ear	6	334	FAM123C	518	132	0.5	metastasis
3	Distant skin metastasis, back	6	334	FAM123C	370	134	0.5	metastasis
0	Primary, left ear	1	335	NUP160	142	70	0.5	primary
1	Lymph node metastasis, left cervical node	1	335	NUP160	228	62	0.5	metastasis
2	Locoregional skin metastasis, left ear	1	335	NUP160	261	65	0.5	metastasis
3	Distant skin metastasis, back	1	335	NUP160	191	91	0.5	metastasis
0	Primary, left ear	2	336	VPS4B	55	28	0.5	primary
1	Lymph node metastasis, left cervical node	2	336	VPS4B	45	19	0.5	metastasis
2	Locoregional skin metastasis, left ear	2	336	VPS4B	50	21	0.5	metastasis
3	Distant skin metastasis, back	2	336	VPS4B	71	36	0.5	metastasis
0	Primary, left ear	6	337	OR2W5	140	76	0.5	primary
1	Lymph node metastasis, left cervical node	6	337	OR2W5	169	56	0.5	metastasis
2	Locoregional skin metastasis, left ear	6	337	OR2W5	121	38	0.5	metastasis
3	Distant skin metastasis, back	6	337	OR2W5	160	45	0.5	metastasis
0	Primary, left ear	2	338	GMIP	109	64	0.5	primary
1	Lymph node metastasis, left cervical node	2	338	GMIP	147	49	0.5	metastasis
2	Locoregional skin metastasis, left ear	2	338	GMIP	108	24	0.5	metastasis
3	Distant skin metastasis, back	2	338	GMIP	162	60	0.5	metastasis
0	Primary, left ear	2	339	GDF7	196	104	0.5	primary
1	Lymph node metastasis, left cervical node	2	339	GDF7	213	71	0.5	metastasis
2	Locoregional skin metastasis, left ear	2	339	GDF7	356	81	0.5	metastasis
3	Distant skin metastasis, back	2	339	GDF7	199	75	0.5	metastasis
0	Primary, left ear	1	340	C1orf173	730	307	0.5	primary
1	Lymph node metastasis, left cervical node	1	340	C1orf173	767	245	0.5	metastasis
2	Locoregional skin metastasis, left ear	1	340	C1orf173	725	140	0.5	metastasis
3	Distant skin metastasis, back	1	340	C1orf173	623	243	0.5	metastasis
0	Primary, left ear	2	341	TRPM2	46	19	0.5	primary
1	Lymph node metastasis, left cervical node	2	341	TRPM2	52	25	0.5	metastasis
2	Locoregional skin metastasis, left ear	2	341	TRPM2	58	13	0.5	metastasis
3	Distant skin metastasis, back	2	341	TRPM2	59	25	0.5	metastasis
0	Primary, left ear	6	342	ADCY4	46	32	0.5	primary
1	Lymph node metastasis, left cervical node	6	342	ADCY4	51	15	0.5	metastasis
2	Locoregional skin metastasis, left ear	6	342	ADCY4	64	18	0.5	metastasis
3	Distant skin metastasis, back	6	342	ADCY4	59	16	0.5	metastasis
0	Primary, left ear	7	343	C6orf221	83	37	0.5	primary
1	Lymph node metastasis, left cervical node	7	343	C6orf221	114	51	0.5	metastasis
2	Locoregional skin metastasis, left ear	7	343	C6orf221	164	31	0.5	metastasis
3	Distant skin metastasis, back	7	343	C6orf221	98	23	0.5	metastasis
0	Primary, left ear	7	344	2013-03-10 00	323	119	0.5	primary
1	Lymph node metastasis, left cervical node	7	344	2013-03-10 00	391	147	0.5	metastasis
2	Locoregional skin metastasis, left ear	7	344	2013-03-10 00	353	94	0.5	metastasis
3	Distant skin metastasis, back	7	344	2013-03-10 00	357	122	0.5	metastasis
0	Primary, left ear	7	345	FCRL3	93	35	0.5	primary
1	Lymph node metastasis, left cervical node	7	345	FCRL3	73	32	0.5	metastasis
2	Locoregional skin metastasis, left ear	7	345	FCRL3	95	12	0.5	metastasis
3	Distant skin metastasis, back	7	345	FCRL3	88	25	0.5	metastasis
0	Primary, left ear	2	346	LMOD1	1725	843	0.5	primary
1	Lymph node metastasis, left cervical node	2	346	LMOD1	1955	764	0.5	metastasis
2	Locoregional skin metastasis, left ear	2	346	LMOD1	1137	239	0.5	metastasis
3	Distant skin metastasis, back	2	346	LMOD1	1936	681	0.5	metastasis
0	Primary, left ear	2	347	AIM1	50	22	0.5	primary
1	Lymph node metastasis, left cervical node	2	347	AIM1	55	24	0.5	metastasis
2	Locoregional skin metastasis, left ear	2	347	AIM1	21	8	0.5	metastasis
3	Distant skin metastasis, back	2	347	AIM1	58	23	0.5	metastasis
0	Primary, left ear	7	348	FAM129C	83	33	0.5	primary
1	Lymph node metastasis, left cervical node	7	348	FAM129C	104	39	0.5	metastasis
2	Locoregional skin metastasis, left ear	7	348	FAM129C	80	21	0.5	metastasis
3	Distant skin metastasis, back	7	348	FAM129C	106	33	0.5	metastasis
0	Primary, left ear	2	349	LIPI	48	17	0.5	primary
1	Lymph node metastasis, left cervical node	2	349	LIPI	44	17	0.5	metastasis
2	Locoregional skin metastasis, left ear	2	349	LIPI	12	7	0.5	metastasis
3	Distant skin metastasis, back	2	349	LIPI	40	10	0.5	metastasis
0	Primary, left ear	6	350	TTN	381	148	0.5	primary
1	Lymph node metastasis, left cervical node	6	350	TTN	359	95	0.5	metastasis
2	Locoregional skin metastasis, left ear	6	350	TTN	517	128	0.5	metastasis
3	Distant skin metastasis, back	6	350	TTN	296	88	0.5	metastasis
0	Primary, left ear	2	351	EML1	35	16	0.5	primary
1	Lymph node metastasis, left cervical node	2	351	EML1	43	20	0.5	metastasis
2	Locoregional skin metastasis, left ear	2	351	EML1	49	7	0.5	metastasis
3	Distant skin metastasis, back	2	351	EML1	27	11	0.5	metastasis
0	Primary, left ear	7	352	APOB	172	79	0.5	primary
1	Lymph node metastasis, left cervical node	7	352	APOB	202	73	0.5	metastasis
2	Locoregional skin metastasis, left ear	7	352	APOB	183	23	0.5	metastasis
3	Distant skin metastasis, back	7	352	APOB	165	49	0.5	metastasis
0	Primary, left ear	2	353	ADAMTS18	51	15	0.5	primary
1	Lymph node metastasis, left cervical node	2	353	ADAMTS18	68	26	0.5	metastasis
2	Locoregional skin metastasis, left ear	2	353	ADAMTS18	48	12	0.5	metastasis
3	Distant skin metastasis, back	2	353	ADAMTS18	41	16	0.5	metastasis
0	Primary, left ear	7	354	RNF169	186	79	0.5	primary
1	Lymph node metastasis, left cervical node	7	354	RNF169	200	66	0.5	metastasis
2	Locoregional skin metastasis, left ear	7	354	RNF169	147	29	0.5	metastasis
3	Distant skin metastasis, back	7	354	RNF169	217	65	0.5	metastasis
0	Primary, left ear	2	355	TRPM5	34	25	0.5	primary
1	Lymph node metastasis, left cervical node	2	355	TRPM5	41	16	0.5	metastasis
2	Locoregional skin metastasis, left ear	2	355	TRPM5	46	8	0.5	metastasis
3	Distant skin metastasis, back	2	355	TRPM5	42	12	0.5	metastasis
0	Primary, left ear	2	356	CYP4X1	51	32	0.5	primary
1	Lymph node metastasis, left cervical node	2	356	CYP4X1	45	16	0.5	metastasis
2	Locoregional skin metastasis, left ear	2	356	CYP4X1	13	7	0.5	metastasis
3	Distant skin metastasis, back	2	356	CYP4X1	32	23	0.5	metastasis
0	Primary, left ear	4	357	KLHL12	84	15	0.5	primary
1	Lymph node metastasis, left cervical node	4	357	KLHL12	82	17	0.5	metastasis
2	Locoregional skin metastasis, left ear	4	357	KLHL12	36	9	0.5	metastasis
3	Distant skin metastasis, back	4	357	KLHL12	54	17	0.5	metastasis
0	Primary, left ear	6	358	KANK4	325	155	0.5	primary
1	Lymph node metastasis, left cervical node	6	358	KANK4	367	106	0.5	metastasis
2	Locoregional skin metastasis, left ear	6	358	KANK4	374	67	0.5	metastasis
3	Distant skin metastasis, back	6	358	KANK4	337	99	0.5	metastasis
0	Primary, left ear	2	359	MAP7D1	85	53	0.5	primary
1	Lymph node metastasis, left cervical node	2	359	MAP7D1	91	60	0.5	metastasis
2	Locoregional skin metastasis, left ear	2	359	MAP7D1	151	39	0.5	metastasis
3	Distant skin metastasis, back	2	359	MAP7D1	94	70	0.5	metastasis
0	Primary, left ear	6	360	ZNF385B	147	69	0.5	primary
1	Lymph node metastasis, left cervical node	6	360	ZNF385B	169	47	0.5	metastasis
2	Locoregional skin metastasis, left ear	6	360	ZNF385B	179	31	0.5	metastasis
3	Distant skin metastasis, back	6	360	ZNF385B	132	31	0.5	metastasis
0	Primary, left ear	7	361	OR2G3	454	189	0.5	primary
1	Lymph node metastasis, left cervical node	7	361	OR2G3	525	207	0.5	metastasis
2	Locoregional skin metastasis, left ear	7	361	OR2G3	307	64	0.5	metastasis
3	Distant skin metastasis, back	7	361	OR2G3	454	146	0.5	metastasis
0	Primary, left ear	7	362	CFHR3	463	213	0.5	primary
1	Lymph node metastasis, left cervical node	7	362	CFHR3	517	191	0.5	metastasis
2	Locoregional skin metastasis, left ear	7	362	CFHR3	200	63	0.5	metastasis
3	Distant skin metastasis, back	7	362	CFHR3	471	139	0.5	metastasis
0	Primary, left ear	1	363	DISC1	80	23	0.5	primary
1	Lymph node metastasis, left cervical node	1	363	DISC1	90	22	0.5	metastasis
2	Locoregional skin metastasis, left ear	1	363	DISC1	114	26	0.5	metastasis
3	Distant skin metastasis, back	1	363	DISC1	76	34	0.5	metastasis
0	Primary, left ear	1	364	UBOX5	127	56	0.5	primary
1	Lymph node metastasis, left cervical node	1	364	UBOX5	162	49	0.5	metastasis
2	Locoregional skin metastasis, left ear	1	364	UBOX5	123	33	0.5	metastasis
3	Distant skin metastasis, back	1	364	UBOX5	146	78	0.5	metastasis
0	Primary, left ear	2	365	PLG	132	67	0.5	primary
1	Lymph node metastasis, left cervical node	2	365	PLG	133	39	0.5	metastasis
2	Locoregional skin metastasis, left ear	2	365	PLG	125	35	0.5	metastasis
3	Distant skin metastasis, back	2	365	PLG	86	38	0.5	metastasis
0	Primary, left ear	4	366	TTN	250	65	0.5	primary
1	Lymph node metastasis, left cervical node	4	366	TTN	240	70	0.5	metastasis
2	Locoregional skin metastasis, left ear	4	366	TTN	75	16	0.5	metastasis
3	Distant skin metastasis, back	4	366	TTN	209	60	0.5	metastasis
0	Primary, left ear	7	367	SPSB4	92	34	0.5	primary
1	Lymph node metastasis, left cervical node	7	367	SPSB4	97	37	0.5	metastasis
2	Locoregional skin metastasis, left ear	7	367	SPSB4	162	26	0.5	metastasis
3	Distant skin metastasis, back	7	367	SPSB4	106	27	0.5	metastasis
0	Primary, left ear	2	368	GSG1L	31	21	0.5	primary
1	Lymph node metastasis, left cervical node	2	368	GSG1L	45	15	0.5	metastasis
2	Locoregional skin metastasis, left ear	2	368	GSG1L	55	15	0.5	metastasis
3	Distant skin metastasis, back	2	368	GSG1L	38	13	0.5	metastasis
0	Primary, left ear	1	369	SLFNL1	641	250	0.5	primary
1	Lymph node metastasis, left cervical node	1	369	SLFNL1	823	246	0.5	metastasis
2	Locoregional skin metastasis, left ear	1	369	SLFNL1	833	163	0.5	metastasis
3	Distant skin metastasis, back	1	369	SLFNL1	764	356	0.5	metastasis
0	Primary, left ear	7	370	OR52E8	105	55	0.5	primary
1	Lymph node metastasis, left cervical node	7	370	OR52E8	110	54	0.5	metastasis
2	Locoregional skin metastasis, left ear	7	370	OR52E8	165	23	0.5	metastasis
3	Distant skin metastasis, back	7	370	OR52E8	122	31	0.5	metastasis
0	Primary, left ear	7	371	DNAH6	123	65	0.5	primary
1	Lymph node metastasis, left cervical node	7	371	DNAH6	139	52	0.5	metastasis
2	Locoregional skin metastasis, left ear	7	371	DNAH6	83	12	0.5	metastasis
3	Distant skin metastasis, back	7	371	DNAH6	120	32	0.5	metastasis
0	Primary, left ear	2	372	PLA1A	152	75	0.5	primary
1	Lymph node metastasis, left cervical node	2	372	PLA1A	236	84	0.5	metastasis
2	Locoregional skin metastasis, left ear	2	372	PLA1A	121	40	0.5	metastasis
3	Distant skin metastasis, back	2	372	PLA1A	140	53	0.5	metastasis
0	Primary, left ear	1	373	TRPM6	149	62	0.5	primary
1	Lymph node metastasis, left cervical node	1	373	TRPM6	173	53	0.5	metastasis
2	Locoregional skin metastasis, left ear	1	373	TRPM6	163	26	0.5	metastasis
3	Distant skin metastasis, back	1	373	TRPM6	152	59	0.5	metastasis
0	Primary, left ear	7	374	ZNRF4	134	51	0.5	primary
1	Lymph node metastasis, left cervical node	7	374	ZNRF4	195	103	0.5	metastasis
2	Locoregional skin metastasis, left ear	7	374	ZNRF4	350	58	0.5	metastasis
3	Distant skin metastasis, back	7	374	ZNRF4	198	62	0.5	metastasis
0	Primary, left ear	1	375	IBA57	252	99	0.5	primary
1	Lymph node metastasis, left cervical node	1	375	IBA57	216	55	0.5	metastasis
2	Locoregional skin metastasis, left ear	1	375	IBA57	299	57	0.5	metastasis
3	Distant skin metastasis, back	1	375	IBA57	283	118	0.5	metastasis
0	Primary, left ear	2	376	CCDC63	26	21	0.5	primary
1	Lymph node metastasis, left cervical node	2	376	CCDC63	36	17	0.5	metastasis
2	Locoregional skin metastasis, left ear	2	376	CCDC63	35	11	0.5	metastasis
3	Distant skin metastasis, back	2	376	CCDC63	37	12	0.5	metastasis
0	Primary, left ear	2	377	PRMT3	119	71	0.5	primary
1	Lymph node metastasis, left cervical node	2	377	PRMT3	134	72	0.5	metastasis
2	Locoregional skin metastasis, left ear	2	377	PRMT3	58	19	0.5	metastasis
3	Distant skin metastasis, back	2	377	PRMT3	144	41	0.5	metastasis
0	Primary, left ear	7	378	PTGDR2	116	54	0.5	primary
1	Lymph node metastasis, left cervical node	7	378	PTGDR2	130	49	0.5	metastasis
2	Locoregional skin metastasis, left ear	7	378	PTGDR2	168	42	0.5	metastasis
3	Distant skin metastasis, back	7	378	PTGDR2	129	35	0.5	metastasis
0	Primary, left ear	2	379	NOTO	77	49	0.5	primary
1	Lymph node metastasis, left cervical node	2	379	NOTO	77	37	0.5	metastasis
2	Locoregional skin metastasis, left ear	2	379	NOTO	96	15	0.5	metastasis
3	Distant skin metastasis, back	2	379	NOTO	82	24	0.5	metastasis
0	Primary, left ear	1	380	SYDE1	570	221	0.5	primary
1	Lymph node metastasis, left cervical node	1	380	SYDE1	676	245	0.5	metastasis
2	Locoregional skin metastasis, left ear	1	380	SYDE1	951	207	0.5	metastasis
3	Distant skin metastasis, back	1	380	SYDE1	688	257	0.5	metastasis
0	Primary, left ear	2	381	C18orf1	44	19	0.5	primary
1	Lymph node metastasis, left cervical node	2	381	C18orf1	29	13	0.5	metastasis
2	Locoregional skin metastasis, left ear	2	381	C18orf1	44	3	0.5	metastasis
3	Distant skin metastasis, back	2	381	C18orf1	43	25	0.5	metastasis
0	Primary, left ear	2	382	TBC1D10A	19	7	0.5	primary
1	Lymph node metastasis, left cervical node	2	382	TBC1D10A	26	5	0.5	metastasis
2	Locoregional skin metastasis, left ear	2	382	TBC1D10A	16	6	0.5	metastasis
3	Distant skin metastasis, back	2	382	TBC1D10A	17	10	0.5	metastasis
0	Primary, left ear	2	383	OTOL1	49	17	0.5	primary
1	Lymph node metastasis, left cervical node	2	383	OTOL1	52	19	0.5	metastasis
2	Locoregional skin metastasis, left ear	2	383	OTOL1	17	9	0.5	metastasis
3	Distant skin metastasis, back	2	383	OTOL1	46	13	0.5	metastasis
0	Primary, left ear	2	384	LAMP5	99	33	0.5	primary
1	Lymph node metastasis, left cervical node	2	384	LAMP5	90	35	0.5	metastasis
2	Locoregional skin metastasis, left ear	2	384	LAMP5	93	20	0.5	metastasis
3	Distant skin metastasis, back	2	384	LAMP5	64	31	0.5	metastasis
0	Primary, left ear	4	385	SETBP1	137	51	0.5	primary
1	Lymph node metastasis, left cervical node	4	385	SETBP1	149	44	0.5	metastasis
2	Locoregional skin metastasis, left ear	4	385	SETBP1	161	26	0.5	metastasis
3	Distant skin metastasis, back	4	385	SETBP1	127	33	0.5	metastasis
0	Primary, left ear	7	386	CACHD1	41	9	0.5	primary
1	Lymph node metastasis, left cervical node	7	386	CACHD1	54	31	0.5	metastasis
2	Locoregional skin metastasis, left ear	7	386	CACHD1	25	4	0.5	metastasis
3	Distant skin metastasis, back	7	386	CACHD1	58	21	0.5	metastasis
0	Primary, left ear	4	387	DSCAM	192	71	0.5	primary
1	Lymph node metastasis, left cervical node	4	387	DSCAM	244	63	0.5	metastasis
2	Locoregional skin metastasis, left ear	4	387	DSCAM	271	50	0.5	metastasis
3	Distant skin metastasis, back	4	387	DSCAM	189	62	0.5	metastasis
0	Primary, left ear	2	388	MFI2	90	53	0.5	primary
1	Lymph node metastasis, left cervical node	2	388	MFI2	88	36	0.5	metastasis
2	Locoregional skin metastasis, left ear	2	388	MFI2	104	19	0.5	metastasis
3	Distant skin metastasis, back	2	388	MFI2	97	49	0.5	metastasis
0	Primary, left ear	2	389	RNF220	344	168	0.5	primary
1	Lymph node metastasis, left cervical node	2	389	RNF220	422	153	0.5	metastasis
2	Locoregional skin metastasis, left ear	2	389	RNF220	388	75	0.5	metastasis
3	Distant skin metastasis, back	2	389	RNF220	417	150	0.5	metastasis
0	Primary, left ear	6	390	CHID1	376	188	0.5	primary
1	Lymph node metastasis, left cervical node	6	390	CHID1	429	121	0.5	metastasis
2	Locoregional skin metastasis, left ear	6	390	CHID1	430	127	0.5	metastasis
3	Distant skin metastasis, back	6	390	CHID1	532	173	0.5	metastasis
0	Primary, left ear	2	391	DNMT3L	70	51	0.5	primary
1	Lymph node metastasis, left cervical node	2	391	DNMT3L	112	55	0.5	metastasis
2	Locoregional skin metastasis, left ear	2	391	DNMT3L	159	25	0.5	metastasis
3	Distant skin metastasis, back	2	391	DNMT3L	73	54	0.5	metastasis
0	Primary, left ear	0	392	BPTF	150	0	0.5	primary
1	Lymph node metastasis, left cervical node	0	392	BPTF	204	2	0.5	metastasis
2	Locoregional skin metastasis, left ear	0	392	BPTF	97	33	0.5	metastasis
3	Distant skin metastasis, back	0	392	BPTF	150	0	0.5	metastasis
0	Primary, left ear	2	393	MYOM1	19	9	0.5	primary
1	Lymph node metastasis, left cervical node	2	393	MYOM1	17	4	0.5	metastasis
2	Locoregional skin metastasis, left ear	2	393	MYOM1	12	8	0.5	metastasis
3	Distant skin metastasis, back	2	393	MYOM1	17	13	0.5	metastasis
0	Primary, left ear	7	394	SH3BGRL2	26	7	0.5	primary
1	Lymph node metastasis, left cervical node	7	394	SH3BGRL2	32	13	0.5	metastasis
2	Locoregional skin metastasis, left ear	7	394	SH3BGRL2	22	5	0.5	metastasis
3	Distant skin metastasis, back	7	394	SH3BGRL2	34	6	0.5	metastasis
0	Primary, left ear	6	395	CSMD2	113	52	0.5	primary
1	Lymph node metastasis, left cervical node	6	395	CSMD2	158	42	0.5	metastasis
2	Locoregional skin metastasis, left ear	6	395	CSMD2	181	39	0.5	metastasis
3	Distant skin metastasis, back	6	395	CSMD2	142	36	0.5	metastasis
0	Primary, left ear	7	396	OR4X2	306	128	0.5	primary
1	Lymph node metastasis, left cervical node	7	396	OR4X2	312	127	0.5	metastasis
2	Locoregional skin metastasis, left ear	7	396	OR4X2	217	37	0.5	metastasis
3	Distant skin metastasis, back	7	396	OR4X2	275	98	0.5	metastasis
0	Primary, left ear	2	397	ATP1A4	151	72	0.5	primary
1	Lymph node metastasis, left cervical node	2	397	ATP1A4	193	71	0.5	metastasis
2	Locoregional skin metastasis, left ear	2	397	ATP1A4	127	25	0.5	metastasis
3	Distant skin metastasis, back	2	397	ATP1A4	133	70	0.5	metastasis
0	Primary, left ear	2	398	RUFY4	283	164	0.5	primary
1	Lymph node metastasis, left cervical node	2	398	RUFY4	318	100	0.5	metastasis
2	Locoregional skin metastasis, left ear	2	398	RUFY4	328	68	0.5	metastasis
3	Distant skin metastasis, back	2	398	RUFY4	274	120	0.5	metastasis
0	Primary, left ear	6	399	PAK2	45	27	0.5	primary
1	Lymph node metastasis, left cervical node	6	399	PAK2	79	29	0.5	metastasis
2	Locoregional skin metastasis, left ear	6	399	PAK2	73	16	0.5	metastasis
3	Distant skin metastasis, back	6	399	PAK2	66	11	0.5	metastasis
0	Primary, left ear	1	400	NEB	279	124	0.5	primary
1	Lymph node metastasis, left cervical node	1	400	NEB	360	109	0.5	metastasis
2	Locoregional skin metastasis, left ear	1	400	NEB	184	59	0.5	metastasis
3	Distant skin metastasis, back	1	400	NEB	305	116	0.5	metastasis
0	Primary, left ear	2	401	SEMA4C	89	52	0.5	primary
1	Lymph node metastasis, left cervical node	2	401	SEMA4C	120	34	0.5	metastasis
2	Locoregional skin metastasis, left ear	2	401	SEMA4C	140	41	0.5	metastasis
3	Distant skin metastasis, back	2	401	SEMA4C	114	47	0.5	metastasis
0	Primary, left ear	2	402	ESPNL	97	37	0.5	primary
1	Lymph node metastasis, left cervical node	2	402	ESPNL	141	47	0.5	metastasis
2	Locoregional skin metastasis, left ear	2	402	ESPNL	186	48	0.5	metastasis
3	Distant skin metastasis, back	2	402	ESPNL	119	42	0.5	metastasis
0	Primary, left ear	2	403	TLR4	295	144	0.5	primary
1	Lymph node metastasis, left cervical node	2	403	TLR4	313	109	0.5	metastasis
2	Locoregional skin metastasis, left ear	2	403	TLR4	146	25	0.5	metastasis
3	Distant skin metastasis, back	2	403	TLR4	273	113	0.5	metastasis
0	Primary, left ear	1	404	FAM19A1	136	59	0.5	primary
1	Lymph node metastasis, left cervical node	1	404	FAM19A1	143	48	0.5	metastasis
2	Locoregional skin metastasis, left ear	1	404	FAM19A1	110	19	0.5	metastasis
3	Distant skin metastasis, back	1	404	FAM19A1	113	45	0.5	metastasis
0	Primary, left ear	7	405	WNT9A	62	23	0.5	primary
1	Lymph node metastasis, left cervical node	7	405	WNT9A	86	35	0.5	metastasis
2	Locoregional skin metastasis, left ear	7	405	WNT9A	112	27	0.5	metastasis
3	Distant skin metastasis, back	7	405	WNT9A	85	18	0.5	metastasis
0	Primary, left ear	2	406	SF3A3	14	6	0.5	primary
1	Lymph node metastasis, left cervical node	2	406	SF3A3	21	12	0.5	metastasis
2	Locoregional skin metastasis, left ear	2	406	SF3A3	7	2	0.5	metastasis
3	Distant skin metastasis, back	2	406	SF3A3	23	8	0.5	metastasis
0	Primary, left ear	3	407	FMN2	119	39	0.5	primary
1	Lymph node metastasis, left cervical node	3	407	FMN2	126	26	0.5	metastasis
2	Locoregional skin metastasis, left ear	3	407	FMN2	124	13	0.5	metastasis
3	Distant skin metastasis, back	3	407	FMN2	111	17	0.5	metastasis
0	Primary, left ear	6	408	OR2T4	150	84	0.5	primary
1	Lymph node metastasis, left cervical node	6	408	OR2T4	150	45	0.5	metastasis
2	Locoregional skin metastasis, left ear	6	408	OR2T4	126	36	0.5	metastasis
3	Distant skin metastasis, back	6	408	OR2T4	136	40	0.5	metastasis
0	Primary, left ear	6	409	ROR1	194	79	0.5	primary
1	Lymph node metastasis, left cervical node	6	409	ROR1	212	71	0.5	metastasis
2	Locoregional skin metastasis, left ear	6	409	ROR1	173	55	0.5	metastasis
3	Distant skin metastasis, back	6	409	ROR1	189	57	0.5	metastasis
0	Primary, left ear	7	410	DSTYK	196	88	0.5	primary
1	Lymph node metastasis, left cervical node	7	410	DSTYK	224	98	0.5	metastasis
2	Locoregional skin metastasis, left ear	7	410	DSTYK	228	39	0.5	metastasis
3	Distant skin metastasis, back	7	410	DSTYK	228	80	0.5	metastasis
0	Primary, left ear	7	411	CLMN	48	31	0.5	primary
1	Lymph node metastasis, left cervical node	7	411	CLMN	74	30	0.5	metastasis
2	Locoregional skin metastasis, left ear	7	411	CLMN	85	18	0.5	metastasis
3	Distant skin metastasis, back	7	411	CLMN	62	13	0.5	metastasis
0	Primary, left ear	2	412	OR5I1	221	129	0.5	primary
1	Lymph node metastasis, left cervical node	2	412	OR5I1	247	98	0.5	metastasis
2	Locoregional skin metastasis, left ear	2	412	OR5I1	98	28	0.5	metastasis
3	Distant skin metastasis, back	2	412	OR5I1	235	89	0.5	metastasis
0	Primary, left ear	7	413	TMEM132D	209	89	0.5	primary
1	Lymph node metastasis, left cervical node	7	413	TMEM132D	226	81	0.5	metastasis
2	Locoregional skin metastasis, left ear	7	413	TMEM132D	302	72	0.5	metastasis
3	Distant skin metastasis, back	7	413	TMEM132D	206	53	0.5	metastasis
0	Primary, left ear	2	414	KIAA0100	43	29	0.5	primary
1	Lymph node metastasis, left cervical node	2	414	KIAA0100	57	15	0.5	metastasis
2	Locoregional skin metastasis, left ear	2	414	KIAA0100	75	14	0.5	metastasis
3	Distant skin metastasis, back	2	414	KIAA0100	45	27	0.5	metastasis
0	Primary, left ear	2	415	SPTA1	64	41	0.5	primary
1	Lymph node metastasis, left cervical node	2	415	SPTA1	97	32	0.5	metastasis
2	Locoregional skin metastasis, left ear	2	415	SPTA1	70	11	0.5	metastasis
3	Distant skin metastasis, back	2	415	SPTA1	67	26	0.5	metastasis
0	Primary, left ear	7	416	CDK5RAP2	45	23	0.5	primary
1	Lymph node metastasis, left cervical node	7	416	CDK5RAP2	72	25	0.5	metastasis
2	Locoregional skin metastasis, left ear	7	416	CDK5RAP2	60	9	0.5	metastasis
3	Distant skin metastasis, back	7	416	CDK5RAP2	48	14	0.5	metastasis
0	Primary, left ear	6	417	SH3BP5L	20	18	0.5	primary
1	Lymph node metastasis, left cervical node	6	417	SH3BP5L	36	8	0.5	metastasis
2	Locoregional skin metastasis, left ear	6	417	SH3BP5L	45	5	0.5	metastasis
3	Distant skin metastasis, back	6	417	SH3BP5L	35	7	0.5	metastasis
0	Primary, left ear	2	418	MLKL	82	34	0.5	primary
1	Lymph node metastasis, left cervical node	2	418	MLKL	120	38	0.5	metastasis
2	Locoregional skin metastasis, left ear	2	418	MLKL	28	13	0.5	metastasis
3	Distant skin metastasis, back	2	418	MLKL	81	44	0.5	metastasis
0	Primary, left ear	4	419	FRMPD2	232	69	0.5	primary
1	Lymph node metastasis, left cervical node	4	419	FRMPD2	224	67	0.5	metastasis
2	Locoregional skin metastasis, left ear	4	419	FRMPD2	220	31	0.5	metastasis
3	Distant skin metastasis, back	4	419	FRMPD2	228	79	0.5	metastasis
0	Primary, left ear	6	420	OR1A1	443	238	0.5	primary
1	Lymph node metastasis, left cervical node	6	420	OR1A1	588	189	0.5	metastasis
2	Locoregional skin metastasis, left ear	6	420	OR1A1	489	109	0.5	metastasis
3	Distant skin metastasis, back	6	420	OR1A1	528	162	0.5	metastasis
0	Primary, left ear	2	421	CACNA1E	84	42	0.5	primary
1	Lymph node metastasis, left cervical node	2	421	CACNA1E	62	34	0.5	metastasis
2	Locoregional skin metastasis, left ear	2	421	CACNA1E	116	23	0.5	metastasis
3	Distant skin metastasis, back	2	421	CACNA1E	79	27	0.5	metastasis
0	Primary, left ear	7	422	ANKRD23	243	111	0.5	primary
1	Lymph node metastasis, left cervical node	7	422	ANKRD23	299	104	0.5	metastasis
2	Locoregional skin metastasis, left ear	7	422	ANKRD23	384	70	0.5	metastasis
3	Distant skin metastasis, back	7	422	ANKRD23	275	87	0.5	metastasis
0	Primary, left ear	2	423	CYLC2	46	18	0.5	primary
1	Lymph node metastasis, left cervical node	2	423	CYLC2	47	29	0.5	metastasis
2	Locoregional skin metastasis, left ear	2	423	CYLC2	28	6	0.5	metastasis
3	Distant skin metastasis, back	2	423	CYLC2	45	17	0.5	metastasis
0	Primary, left ear	2	424	BRD3	20	10	0.5	primary
1	Lymph node metastasis, left cervical node	2	424	BRD3	18	6	0.5	metastasis
2	Locoregional skin metastasis, left ear	2	424	BRD3	31	3	0.5	metastasis
3	Distant skin metastasis, back	2	424	BRD3	17	5	0.5	metastasis
0	Primary, left ear	2	425	TTN	193	99	0.5	primary
1	Lymph node metastasis, left cervical node	2	425	TTN	206	84	0.5	metastasis
2	Locoregional skin metastasis, left ear	2	425	TTN	126	37	0.5	metastasis
3	Distant skin metastasis, back	2	425	TTN	171	67	0.5	metastasis
0	Primary, left ear	2	426	CRNKL1	174	87	0.5	primary
1	Lymph node metastasis, left cervical node	2	426	CRNKL1	172	73	0.5	metastasis
2	Locoregional skin metastasis, left ear	2	426	CRNKL1	222	59	0.5	metastasis
3	Distant skin metastasis, back	2	426	CRNKL1	166	105	0.5	metastasis
0	Primary, left ear	5	427	ABCA8	69	0	0.5	primary
1	Lymph node metastasis, left cervical node	5	427	ABCA8	43	20	0.5	metastasis
2	Locoregional skin metastasis, left ear	5	427	ABCA8	61	0	0.5	metastasis
3	Distant skin metastasis, back	5	427	ABCA8	35	17	0.5	metastasis
0	Primary, left ear	4	428	MYH7	310	108	0.5	primary
1	Lymph node metastasis, left cervical node	4	428	MYH7	419	104	0.5	metastasis
2	Locoregional skin metastasis, left ear	4	428	MYH7	497	83	0.5	metastasis
3	Distant skin metastasis, back	4	428	MYH7	307	105	0.5	metastasis
0	Primary, left ear	2	429	TTN	56	34	0.5	primary
1	Lymph node metastasis, left cervical node	2	429	TTN	63	23	0.5	metastasis
2	Locoregional skin metastasis, left ear	2	429	TTN	27	8	0.5	metastasis
3	Distant skin metastasis, back	2	429	TTN	78	27	0.5	metastasis
0	Primary, left ear	4	430	LZTR1	225	91	0.5	primary
1	Lymph node metastasis, left cervical node	4	430	LZTR1	257	60	0.5	metastasis
2	Locoregional skin metastasis, left ear	4	430	LZTR1	320	68	0.5	metastasis
3	Distant skin metastasis, back	4	430	LZTR1	215	70	0.5	metastasis
0	Primary, left ear	2	431	CCDC19	150	97	0.5	primary
1	Lymph node metastasis, left cervical node	2	431	CCDC19	178	89	0.5	metastasis
2	Locoregional skin metastasis, left ear	2	431	CCDC19	179	41	0.5	metastasis
3	Distant skin metastasis, back	2	431	CCDC19	210	95	0.5	metastasis
0	Primary, left ear	1	432	ACSM2A	105	41	0.5	primary
1	Lymph node metastasis, left cervical node	1	432	ACSM2A	114	38	0.5	metastasis
2	Locoregional skin metastasis, left ear	1	432	ACSM2A	120	28	0.5	metastasis
3	Distant skin metastasis, back	1	432	ACSM2A	91	52	0.5	metastasis
0	Primary, left ear	2	433	TPRA1	129	76	0.5	primary
1	Lymph node metastasis, left cervical node	2	433	TPRA1	167	59	0.5	metastasis
2	Locoregional skin metastasis, left ear	2	433	TPRA1	203	53	0.5	metastasis
3	Distant skin metastasis, back	2	433	TPRA1	177	77	0.5	metastasis
0	Primary, left ear	7	434	SRD5A2	73	30	0.5	primary
1	Lymph node metastasis, left cervical node	7	434	SRD5A2	87	38	0.5	metastasis
2	Locoregional skin metastasis, left ear	7	434	SRD5A2	93	19	0.5	metastasis
3	Distant skin metastasis, back	7	434	SRD5A2	87	24	0.5	metastasis
0	Primary, left ear	2	435	CXCR2	77	40	0.5	primary
1	Lymph node metastasis, left cervical node	2	435	CXCR2	88	21	0.5	metastasis
2	Locoregional skin metastasis, left ear	2	435	CXCR2	70	25	0.5	metastasis
3	Distant skin metastasis, back	2	435	CXCR2	92	37	0.5	metastasis
0	Primary, left ear	4	436	SERPINB2	227	83	0.5	primary
1	Lymph node metastasis, left cervical node	4	436	SERPINB2	252	83	0.5	metastasis
2	Locoregional skin metastasis, left ear	4	436	SERPINB2	171	24	0.5	metastasis
3	Distant skin metastasis, back	4	436	SERPINB2	207	56	0.5	metastasis
0	Primary, left ear	2	437	SNX27	9	8	0.5	primary
1	Lymph node metastasis, left cervical node	2	437	SNX27	18	18	0.5	metastasis
2	Locoregional skin metastasis, left ear	2	437	SNX27	20	0	0.5	metastasis
3	Distant skin metastasis, back	2	437	SNX27	13	10	0.5	metastasis
0	Primary, left ear	2	438	UTRN	21	20	0.5	primary
1	Lymph node metastasis, left cervical node	2	438	UTRN	37	15	0.5	metastasis
2	Locoregional skin metastasis, left ear	2	438	UTRN	21	8	0.5	metastasis
3	Distant skin metastasis, back	2	438	UTRN	29	14	0.5	metastasis
0	Primary, left ear	7	439	GFI1	26	14	0.5	primary
1	Lymph node metastasis, left cervical node	7	439	GFI1	33	12	0.5	metastasis
2	Locoregional skin metastasis, left ear	7	439	GFI1	63	5	0.5	metastasis
3	Distant skin metastasis, back	7	439	GFI1	36	13	0.5	metastasis
0	Primary, left ear	1	440	OR4D6	334	156	0.5	primary
1	Lymph node metastasis, left cervical node	1	440	OR4D6	517	174	0.5	metastasis
2	Locoregional skin metastasis, left ear	1	440	OR4D6	323	81	0.5	metastasis
3	Distant skin metastasis, back	1	440	OR4D6	389	164	0.5	metastasis
0	Primary, left ear	7	441	C12orf43	83	34	0.5	primary
1	Lymph node metastasis, left cervical node	7	441	C12orf43	103	34	0.5	metastasis
2	Locoregional skin metastasis, left ear	7	441	C12orf43	91	20	0.5	metastasis
3	Distant skin metastasis, back	7	441	C12orf43	93	27	0.5	metastasis
0	Primary, left ear	1	442	OR1N1	76	25	0.5	primary
1	Lymph node metastasis, left cervical node	1	442	OR1N1	65	22	0.5	metastasis
2	Locoregional skin metastasis, left ear	1	442	OR1N1	81	9	0.5	metastasis
3	Distant skin metastasis, back	1	442	OR1N1	50	28	0.5	metastasis
0	Primary, left ear	2	443	RAB37	102	59	0.5	primary
1	Lymph node metastasis, left cervical node	2	443	RAB37	123	63	0.5	metastasis
2	Locoregional skin metastasis, left ear	2	443	RAB37	145	39	0.5	metastasis
3	Distant skin metastasis, back	2	443	RAB37	120	64	0.5	metastasis
0	Primary, left ear	2	444	COPA	9	9	0.5	primary
1	Lymph node metastasis, left cervical node	2	444	COPA	15	5	0.5	metastasis
2	Locoregional skin metastasis, left ear	2	444	COPA	5	3	0.5	metastasis
3	Distant skin metastasis, back	2	444	COPA	18	3	0.5	metastasis
0	Primary, left ear	2	445	PKMYT1	247	130	0.5	primary
1	Lymph node metastasis, left cervical node	2	445	PKMYT1	249	87	0.5	metastasis
2	Locoregional skin metastasis, left ear	2	445	PKMYT1	308	62	0.5	metastasis
3	Distant skin metastasis, back	2	445	PKMYT1	268	96	0.5	metastasis
0	Primary, left ear	6	446	WDR4	48	45	0.5	primary
1	Lymph node metastasis, left cervical node	6	446	WDR4	97	33	0.5	metastasis
2	Locoregional skin metastasis, left ear	6	446	WDR4	111	30	0.5	metastasis
3	Distant skin metastasis, back	6	446	WDR4	92	21	0.5	metastasis
0	Primary, left ear	7	447	CA4	137	42	0.5	primary
1	Lymph node metastasis, left cervical node	7	447	CA4	185	72	0.5	metastasis
2	Locoregional skin metastasis, left ear	7	447	CA4	205	50	0.5	metastasis
3	Distant skin metastasis, back	7	447	CA4	195	53	0.5	metastasis
0	Primary, left ear	2	448	HAL	68	36	0.5	primary
1	Lymph node metastasis, left cervical node	2	448	HAL	86	37	0.5	metastasis
2	Locoregional skin metastasis, left ear	2	448	HAL	94	22	0.5	metastasis
3	Distant skin metastasis, back	2	448	HAL	59	17	0.5	metastasis
0	Primary, left ear	1	449	AK302451	699	302	0.5	primary
1	Lymph node metastasis, left cervical node	1	449	AK302451	740	223	0.5	metastasis
2	Locoregional skin metastasis, left ear	1	449	AK302451	736	197	0.5	metastasis
3	Distant skin metastasis, back	1	449	AK302451	746	295	0.5	metastasis
0	Primary, left ear	1	450	BIRC6	534	265	0.5	primary
1	Lymph node metastasis, left cervical node	1	450	BIRC6	698	231	0.5	metastasis
2	Locoregional skin metastasis, left ear	1	450	BIRC6	663	148	0.5	metastasis
3	Distant skin metastasis, back	1	450	BIRC6	558	217	0.5	metastasis
0	Primary, left ear	1	451	ANKRD11	141	44	0.5	primary
1	Lymph node metastasis, left cervical node	1	451	ANKRD11	168	36	0.5	metastasis
2	Locoregional skin metastasis, left ear	1	451	ANKRD11	208	55	0.5	metastasis
3	Distant skin metastasis, back	1	451	ANKRD11	113	51	0.5	metastasis
0	Primary, left ear	2	452	CHRNB1	111	44	0.5	primary
1	Lymph node metastasis, left cervical node	2	452	CHRNB1	133	55	0.5	metastasis
2	Locoregional skin metastasis, left ear	2	452	CHRNB1	190	34	0.5	metastasis
3	Distant skin metastasis, back	2	452	CHRNB1	148	61	0.5	metastasis
0	Primary, left ear	4	453	OR10T2	111	40	0.5	primary
1	Lymph node metastasis, left cervical node	4	453	OR10T2	98	32	0.5	metastasis
2	Locoregional skin metastasis, left ear	4	453	OR10T2	127	22	0.5	metastasis
3	Distant skin metastasis, back	4	453	OR10T2	103	32	0.5	metastasis
0	Primary, left ear	1	454	ADD3	148	69	0.5	primary
1	Lymph node metastasis, left cervical node	1	454	ADD3	177	57	0.5	metastasis
2	Locoregional skin metastasis, left ear	1	454	ADD3	99	15	0.5	metastasis
3	Distant skin metastasis, back	1	454	ADD3	126	53	0.5	metastasis
0	Primary, left ear	2	455	PAPPA2	137	68	0.5	primary
1	Lymph node metastasis, left cervical node	2	455	PAPPA2	154	61	0.5	metastasis
2	Locoregional skin metastasis, left ear	2	455	PAPPA2	182	41	0.5	metastasis
3	Distant skin metastasis, back	2	455	PAPPA2	110	57	0.5	metastasis
0	Primary, left ear	1	456	TRAV12-1	114	51	0.5	primary
1	Lymph node metastasis, left cervical node	1	456	TRAV12-1	156	50	0.5	metastasis
2	Locoregional skin metastasis, left ear	1	456	TRAV12-1	85	20	0.5	metastasis
3	Distant skin metastasis, back	1	456	TRAV12-1	142	51	0.5	metastasis
0	Primary, left ear	6	457	KANK4	241	126	0.5	primary
1	Lymph node metastasis, left cervical node	6	457	KANK4	323	101	0.5	metastasis
2	Locoregional skin metastasis, left ear	6	457	KANK4	233	77	0.5	metastasis
3	Distant skin metastasis, back	6	457	KANK4	237	81	0.5	metastasis
0	Primary, left ear	2	458	CPNE2	65	31	0.5	primary
1	Lymph node metastasis, left cervical node	2	458	CPNE2	88	39	0.5	metastasis
2	Locoregional skin metastasis, left ear	2	458	CPNE2	110	26	0.5	metastasis
3	Distant skin metastasis, back	2	458	CPNE2	86	34	0.5	metastasis
0	Primary, left ear	7	459	LEPR	193	82	0.5	primary
1	Lymph node metastasis, left cervical node	7	459	LEPR	238	80	0.5	metastasis
2	Locoregional skin metastasis, left ear	7	459	LEPR	94	15	0.5	metastasis
3	Distant skin metastasis, back	7	459	LEPR	175	52	0.5	metastasis
0	Primary, left ear	7	460	PRKD3	89	39	0.5	primary
1	Lymph node metastasis, left cervical node	7	460	PRKD3	91	36	0.5	metastasis
2	Locoregional skin metastasis, left ear	7	460	PRKD3	93	9	0.5	metastasis
3	Distant skin metastasis, back	7	460	PRKD3	100	28	0.5	metastasis
0	Primary, left ear	4	461	INVS	37	12	0.5	primary
1	Lymph node metastasis, left cervical node	4	461	INVS	61	15	0.5	metastasis
2	Locoregional skin metastasis, left ear	4	461	INVS	34	7	0.5	metastasis
3	Distant skin metastasis, back	4	461	INVS	41	12	0.5	metastasis
0	Primary, left ear	3	462	VPS8	53	23	0.5	primary
1	Lymph node metastasis, left cervical node	3	462	VPS8	54	26	0.5	metastasis
2	Locoregional skin metastasis, left ear	3	462	VPS8	26	7	0.5	metastasis
3	Distant skin metastasis, back	3	462	VPS8	92	12	0.5	metastasis
0	Primary, left ear	2	463	WNK4	66	30	0.5	primary
1	Lymph node metastasis, left cervical node	2	463	WNK4	89	27	0.5	metastasis
2	Locoregional skin metastasis, left ear	2	463	WNK4	92	29	0.5	metastasis
3	Distant skin metastasis, back	2	463	WNK4	66	30	0.5	metastasis
0	Primary, left ear	2	464	MYH1	82	38	0.5	primary
1	Lymph node metastasis, left cervical node	2	464	MYH1	78	35	0.5	metastasis
2	Locoregional skin metastasis, left ear	2	464	MYH1	24	12	0.5	metastasis
3	Distant skin metastasis, back	2	464	MYH1	60	21	0.5	metastasis
0	Primary, left ear	2	465	XIRP2	252	140	0.5	primary
1	Lymph node metastasis, left cervical node	2	465	XIRP2	262	99	0.5	metastasis
2	Locoregional skin metastasis, left ear	2	465	XIRP2	184	51	0.5	metastasis
3	Distant skin metastasis, back	2	465	XIRP2	280	112	0.5	metastasis
0	Primary, left ear	2	466	SUGP1	39	15	0.5	primary
1	Lymph node metastasis, left cervical node	2	466	SUGP1	61	33	0.5	metastasis
2	Locoregional skin metastasis, left ear	2	466	SUGP1	57	12	0.5	metastasis
3	Distant skin metastasis, back	2	466	SUGP1	47	27	0.5	metastasis
0	Primary, left ear	1	467	STXBP1	38	11	0.5	primary
1	Lymph node metastasis, left cervical node	1	467	STXBP1	56	14	0.5	metastasis
2	Locoregional skin metastasis, left ear	1	467	STXBP1	72	14	0.5	metastasis
3	Distant skin metastasis, back	1	467	STXBP1	45	18	0.5	metastasis
0	Primary, left ear	2	468	SIGIRR	78	41	0.5	primary
1	Lymph node metastasis, left cervical node	2	468	SIGIRR	99	37	0.5	metastasis
2	Locoregional skin metastasis, left ear	2	468	SIGIRR	97	38	0.5	metastasis
3	Distant skin metastasis, back	2	468	SIGIRR	120	46	0.5	metastasis
0	Primary, left ear	2	469	PAK7	112	72	0.5	primary
1	Lymph node metastasis, left cervical node	2	469	PAK7	108	41	0.5	metastasis
2	Locoregional skin metastasis, left ear	2	469	PAK7	70	21	0.5	metastasis
3	Distant skin metastasis, back	2	469	PAK7	100	30	0.5	metastasis
0	Primary, left ear	2	470	TIAM1	56	28	0.5	primary
1	Lymph node metastasis, left cervical node	2	470	TIAM1	72	30	0.5	metastasis
2	Locoregional skin metastasis, left ear	2	470	TIAM1	92	26	0.5	metastasis
3	Distant skin metastasis, back	2	470	TIAM1	62	27	0.5	metastasis
0	Primary, left ear	1	471	TRPM6	53	22	0.5	primary
1	Lymph node metastasis, left cervical node	1	471	TRPM6	88	20	0.5	metastasis
2	Locoregional skin metastasis, left ear	1	471	TRPM6	56	14	0.5	metastasis
3	Distant skin metastasis, back	1	471	TRPM6	64	29	0.5	metastasis
0	Primary, left ear	2	472	LMLN	189	118	0.5	primary
1	Lymph node metastasis, left cervical node	2	472	LMLN	176	72	0.5	metastasis
2	Locoregional skin metastasis, left ear	2	472	LMLN	323	73	0.5	metastasis
3	Distant skin metastasis, back	2	472	LMLN	234	108	0.5	metastasis
0	Primary, left ear	2	473	RBM34	83	44	0.5	primary
1	Lymph node metastasis, left cervical node	2	473	RBM34	98	31	0.5	metastasis
2	Locoregional skin metastasis, left ear	2	473	RBM34	51	9	0.5	metastasis
3	Distant skin metastasis, back	2	473	RBM34	96	41	0.5	metastasis
0	Primary, left ear	2	474	THBD	38	20	0.5	primary
1	Lymph node metastasis, left cervical node	2	474	THBD	47	25	0.5	metastasis
2	Locoregional skin metastasis, left ear	2	474	THBD	103	21	0.5	metastasis
3	Distant skin metastasis, back	2	474	THBD	66	29	0.5	metastasis
0	Primary, left ear	2	475	GRIN3A	74	35	0.5	primary
1	Lymph node metastasis, left cervical node	2	475	GRIN3A	76	30	0.5	metastasis
2	Locoregional skin metastasis, left ear	2	475	GRIN3A	107	27	0.5	metastasis
3	Distant skin metastasis, back	2	475	GRIN3A	89	27	0.5	metastasis
0	Primary, left ear	1	476	TRIM58	50	23	0.5	primary
1	Lymph node metastasis, left cervical node	1	476	TRIM58	84	26	0.5	metastasis
2	Locoregional skin metastasis, left ear	1	476	TRIM58	49	4	0.5	metastasis
3	Distant skin metastasis, back	1	476	TRIM58	64	24	0.5	metastasis
0	Primary, left ear	4	477	IL36RN	190	76	0.5	primary
1	Lymph node metastasis, left cervical node	4	477	IL36RN	224	54	0.5	metastasis
2	Locoregional skin metastasis, left ear	4	477	IL36RN	288	37	0.5	metastasis
3	Distant skin metastasis, back	4	477	IL36RN	197	72	0.5	metastasis
0	Primary, left ear	7	478	ZNF516	51	18	0.5	primary
1	Lymph node metastasis, left cervical node	7	478	ZNF516	42	19	0.5	metastasis
2	Locoregional skin metastasis, left ear	7	478	ZNF516	24	3	0.5	metastasis
3	Distant skin metastasis, back	7	478	ZNF516	40	10	0.5	metastasis
0	Primary, left ear	7	479	LTBP1	236	99	0.5	primary
1	Lymph node metastasis, left cervical node	7	479	LTBP1	254	91	0.5	metastasis
2	Locoregional skin metastasis, left ear	7	479	LTBP1	275	46	0.5	metastasis
3	Distant skin metastasis, back	7	479	LTBP1	272	94	0.5	metastasis
0	Primary, left ear	3	480	TMEM132D	31	10	0.5	primary
1	Lymph node metastasis, left cervical node	3	480	TMEM132D	47	14	0.5	metastasis
2	Locoregional skin metastasis, left ear	3	480	TMEM132D	54	8	0.5	metastasis
3	Distant skin metastasis, back	3	480	TMEM132D	40	2	0.5	metastasis
0	Primary, left ear	3	481	IL1R1	58	18	0.5	primary
1	Lymph node metastasis, left cervical node	3	481	IL1R1	53	17	0.5	metastasis
2	Locoregional skin metastasis, left ear	3	481	IL1R1	24	0	0.5	metastasis
3	Distant skin metastasis, back	3	481	IL1R1	54	7	0.5	metastasis
0	Primary, left ear	2	482	LRRC43	111	47	0.5	primary
1	Lymph node metastasis, left cervical node	2	482	LRRC43	160	62	0.5	metastasis
2	Locoregional skin metastasis, left ear	2	482	LRRC43	201	34	0.5	metastasis
3	Distant skin metastasis, back	2	482	LRRC43	138	62	0.5	metastasis
0	Primary, left ear	1	483	C1orf94	61	23	0.5	primary
1	Lymph node metastasis, left cervical node	1	483	C1orf94	49	7	0.5	metastasis
2	Locoregional skin metastasis, left ear	1	483	C1orf94	45	8	0.5	metastasis
3	Distant skin metastasis, back	1	483	C1orf94	39	16	0.5	metastasis
0	Primary, left ear	6	484	NEUROD2	89	59	0.5	primary
1	Lymph node metastasis, left cervical node	6	484	NEUROD2	170	55	0.5	metastasis
2	Locoregional skin metastasis, left ear	6	484	NEUROD2	217	59	0.5	metastasis
3	Distant skin metastasis, back	6	484	NEUROD2	137	34	0.5	metastasis
0	Primary, left ear	2	485	PIGQ	63	26	0.5	primary
1	Lymph node metastasis, left cervical node	2	485	PIGQ	87	32	0.5	metastasis
2	Locoregional skin metastasis, left ear	2	485	PIGQ	89	28	0.5	metastasis
3	Distant skin metastasis, back	2	485	PIGQ	76	44	0.5	metastasis
0	Primary, left ear	2	486	ILDR2	23	9	0.5	primary
1	Lymph node metastasis, left cervical node	2	486	ILDR2	26	12	0.5	metastasis
2	Locoregional skin metastasis, left ear	2	486	ILDR2	10	10	0.5	metastasis
3	Distant skin metastasis, back	2	486	ILDR2	33	6	0.5	metastasis
0	Primary, left ear	2	487	KCNC1	134	67	0.5	primary
1	Lymph node metastasis, left cervical node	2	487	KCNC1	167	63	0.5	metastasis
2	Locoregional skin metastasis, left ear	2	487	KCNC1	279	62	0.5	metastasis
3	Distant skin metastasis, back	2	487	KCNC1	168	74	0.5	metastasis
0	Primary, left ear	7	488	RNASE13	149	77	0.5	primary
1	Lymph node metastasis, left cervical node	7	488	RNASE13	203	74	0.5	metastasis
2	Locoregional skin metastasis, left ear	7	488	RNASE13	157	29	0.5	metastasis
3	Distant skin metastasis, back	7	488	RNASE13	183	57	0.5	metastasis
0	Primary, left ear	2	489	SCN2A	178	67	0.5	primary
1	Lymph node metastasis, left cervical node	2	489	SCN2A	150	76	0.5	metastasis
2	Locoregional skin metastasis, left ear	2	489	SCN2A	69	20	0.5	metastasis
3	Distant skin metastasis, back	2	489	SCN2A	156	64	0.5	metastasis
0	Primary, left ear	6	490	RUFY4	74	34	0.5	primary
1	Lymph node metastasis, left cervical node	6	490	RUFY4	76	15	0.5	metastasis
2	Locoregional skin metastasis, left ear	6	490	RUFY4	64	14	0.5	metastasis
3	Distant skin metastasis, back	6	490	RUFY4	69	24	0.5	metastasis
0	Primary, left ear	4	491	OR4Q3	64	12	0.5	primary
1	Lymph node metastasis, left cervical node	4	491	OR4Q3	69	19	0.5	metastasis
2	Locoregional skin metastasis, left ear	4	491	OR4Q3	31	6	0.5	metastasis
3	Distant skin metastasis, back	4	491	OR4Q3	64	14	0.5	metastasis
0	Primary, left ear	2	492	C17orf28	11	2	0.5	primary
1	Lymph node metastasis, left cervical node	2	492	C17orf28	20	4	0.5	metastasis
2	Locoregional skin metastasis, left ear	2	492	C17orf28	13	5	0.5	metastasis
3	Distant skin metastasis, back	2	492	C17orf28	18	6	0.5	metastasis
0	Primary, left ear	2	493	COL17A1	46	31	0.5	primary
1	Lymph node metastasis, left cervical node	2	493	COL17A1	80	21	0.5	metastasis
2	Locoregional skin metastasis, left ear	2	493	COL17A1	73	20	0.5	metastasis
3	Distant skin metastasis, back	2	493	COL17A1	53	21	0.5	metastasis
0	Primary, left ear	2	494	EHMT1	73	43	0.5	primary
1	Lymph node metastasis, left cervical node	2	494	EHMT1	99	46	0.5	metastasis
2	Locoregional skin metastasis, left ear	2	494	EHMT1	99	25	0.5	metastasis
3	Distant skin metastasis, back	2	494	EHMT1	103	31	0.5	metastasis
0	Primary, left ear	2	495	HLTF	89	53	0.5	primary
1	Lymph node metastasis, left cervical node	2	495	HLTF	113	56	0.5	metastasis
2	Locoregional skin metastasis, left ear	2	495	HLTF	32	13	0.5	metastasis
3	Distant skin metastasis, back	2	495	HLTF	95	55	0.5	metastasis
0	Primary, left ear	2	496	OGDHL	99	50	0.5	primary
1	Lymph node metastasis, left cervical node	2	496	OGDHL	147	50	0.5	metastasis
2	Locoregional skin metastasis, left ear	2	496	OGDHL	159	39	0.5	metastasis
3	Distant skin metastasis, back	2	496	OGDHL	154	58	0.5	metastasis
0	Primary, left ear	2	497	SYT12	44	21	0.5	primary
1	Lymph node metastasis, left cervical node	2	497	SYT12	75	27	0.5	metastasis
2	Locoregional skin metastasis, left ear	2	497	SYT12	102	23	0.5	metastasis
3	Distant skin metastasis, back	2	497	SYT12	51	27	0.5	metastasis
0	Primary, left ear	2	498	LPA	292	127	0.5	primary
1	Lymph node metastasis, left cervical node	2	498	LPA	273	128	0.5	metastasis
2	Locoregional skin metastasis, left ear	2	498	LPA	212	55	0.5	metastasis
3	Distant skin metastasis, back	2	498	LPA	247	82	0.5	metastasis
0	Primary, left ear	2	499	SI	86	36	0.5	primary
1	Lymph node metastasis, left cervical node	2	499	SI	65	22	0.5	metastasis
2	Locoregional skin metastasis, left ear	2	499	SI	32	14	0.5	metastasis
3	Distant skin metastasis, back	2	499	SI	68	27	0.5	metastasis
0	Primary, left ear	6	500	DNAH14	152	107	0.5	primary
1	Lymph node metastasis, left cervical node	6	500	DNAH14	205	50	0.5	metastasis
2	Locoregional skin metastasis, left ear	6	500	DNAH14	104	18	0.5	metastasis
3	Distant skin metastasis, back	6	500	DNAH14	190	57	0.5	metastasis
0	Primary, left ear	7	501	MAP2K6	58	29	0.5	primary
1	Lymph node metastasis, left cervical node	7	501	MAP2K6	76	40	0.5	metastasis
2	Locoregional skin metastasis, left ear	7	501	MAP2K6	60	8	0.5	metastasis
3	Distant skin metastasis, back	7	501	MAP2K6	62	15	0.5	metastasis
0	Primary, left ear	2	502	EGR2	121	74	0.5	primary
1	Lymph node metastasis, left cervical node	2	502	EGR2	137	43	0.5	metastasis
2	Locoregional skin metastasis, left ear	2	502	EGR2	128	38	0.5	metastasis
3	Distant skin metastasis, back	2	502	EGR2	116	60	0.5	metastasis
0	Primary, left ear	2	503	KCNQ1	63	31	0.5	primary
1	Lymph node metastasis, left cervical node	2	503	KCNQ1	89	28	0.5	metastasis
2	Locoregional skin metastasis, left ear	2	503	KCNQ1	103	22	0.5	metastasis
3	Distant skin metastasis, back	2	503	KCNQ1	67	27	0.5	metastasis
0	Primary, left ear	2	504	CLTCL1	22	25	0.5	primary
1	Lymph node metastasis, left cervical node	2	504	CLTCL1	30	12	0.5	metastasis
2	Locoregional skin metastasis, left ear	2	504	CLTCL1	34	12	0.5	metastasis
3	Distant skin metastasis, back	2	504	CLTCL1	35	11	0.5	metastasis
0	Primary, left ear	6	505	PDE9A	62	32	0.5	primary
1	Lymph node metastasis, left cervical node	6	505	PDE9A	85	21	0.5	metastasis
2	Locoregional skin metastasis, left ear	6	505	PDE9A	120	29	0.5	metastasis
3	Distant skin metastasis, back	6	505	PDE9A	68	24	0.5	metastasis
0	Primary, left ear	2	506	FAM58BP	31	29	0.5	primary
1	Lymph node metastasis, left cervical node	2	506	FAM58BP	51	25	0.5	metastasis
2	Locoregional skin metastasis, left ear	2	506	FAM58BP	59	15	0.5	metastasis
3	Distant skin metastasis, back	2	506	FAM58BP	55	21	0.5	metastasis
0	Primary, left ear	1	507	NTRK2	93	52	0.5	primary
1	Lymph node metastasis, left cervical node	1	507	NTRK2	103	28	0.5	metastasis
2	Locoregional skin metastasis, left ear	1	507	NTRK2	132	21	0.5	metastasis
3	Distant skin metastasis, back	1	507	NTRK2	63	33	0.5	metastasis
0	Primary, left ear	7	508	TMPRSS15	117	44	0.5	primary
1	Lymph node metastasis, left cervical node	7	508	TMPRSS15	87	37	0.5	metastasis
2	Locoregional skin metastasis, left ear	7	508	TMPRSS15	51	9	0.5	metastasis
3	Distant skin metastasis, back	7	508	TMPRSS15	93	27	0.5	metastasis
0	Primary, left ear	6	509	KALRN	88	29	0.5	primary
1	Lymph node metastasis, left cervical node	6	509	KALRN	118	36	0.5	metastasis
2	Locoregional skin metastasis, left ear	6	509	KALRN	78	23	0.5	metastasis
3	Distant skin metastasis, back	6	509	KALRN	78	21	0.5	metastasis
0	Primary, left ear	1	510	ECT2L	177	69	0.5	primary
1	Lymph node metastasis, left cervical node	1	510	ECT2L	189	54	0.5	metastasis
2	Locoregional skin metastasis, left ear	1	510	ECT2L	203	47	0.5	metastasis
3	Distant skin metastasis, back	1	510	ECT2L	162	57	0.5	metastasis
0	Primary, left ear	7	511	TMPRSS3	60	15	0.5	primary
1	Lymph node metastasis, left cervical node	7	511	TMPRSS3	72	34	0.5	metastasis
2	Locoregional skin metastasis, left ear	7	511	TMPRSS3	111	12	0.5	metastasis
3	Distant skin metastasis, back	7	511	TMPRSS3	53	14	0.5	metastasis
0	Primary, left ear	5	512	RFXANK	29	9	0.5	primary
1	Lymph node metastasis, left cervical node	5	512	RFXANK	42	0	0.5	metastasis
2	Locoregional skin metastasis, left ear	5	512	RFXANK	25	0	0.5	metastasis
3	Distant skin metastasis, back	5	512	RFXANK	40	0	0.5	metastasis
0	Primary, left ear	6	513	KIAA0195	240	106	0.5	primary
1	Lymph node metastasis, left cervical node	6	513	KIAA0195	299	95	0.5	metastasis
2	Locoregional skin metastasis, left ear	6	513	KIAA0195	336	73	0.5	metastasis
3	Distant skin metastasis, back	6	513	KIAA0195	260	77	0.5	metastasis
0	Primary, left ear	6	514	KCND3	89	50	0.5	primary
1	Lymph node metastasis, left cervical node	6	514	KCND3	102	24	0.5	metastasis
2	Locoregional skin metastasis, left ear	6	514	KCND3	143	26	0.5	metastasis
3	Distant skin metastasis, back	6	514	KCND3	86	23	0.5	metastasis
0	Primary, left ear	2	515	CACNA1S	250	111	0.5	primary
1	Lymph node metastasis, left cervical node	2	515	CACNA1S	251	97	0.5	metastasis
2	Locoregional skin metastasis, left ear	2	515	CACNA1S	252	77	0.5	metastasis
3	Distant skin metastasis, back	2	515	CACNA1S	224	100	0.5	metastasis
0	Primary, left ear	2	516	CHRNA1	58	29	0.5	primary
1	Lymph node metastasis, left cervical node	2	516	CHRNA1	66	26	0.5	metastasis
2	Locoregional skin metastasis, left ear	2	516	CHRNA1	86	20	0.5	metastasis
3	Distant skin metastasis, back	2	516	CHRNA1	44	19	0.5	metastasis
0	Primary, left ear	1	517	GMPPA	346	195	0.5	primary
1	Lymph node metastasis, left cervical node	1	517	GMPPA	433	128	0.5	metastasis
2	Locoregional skin metastasis, left ear	1	517	GMPPA	404	104	0.5	metastasis
3	Distant skin metastasis, back	1	517	GMPPA	374	159	0.5	metastasis
0	Primary, left ear	2	518	C3orf80	120	63	0.5	primary
1	Lymph node metastasis, left cervical node	2	518	C3orf80	135	43	0.5	metastasis
2	Locoregional skin metastasis, left ear	2	518	C3orf80	194	50	0.5	metastasis
3	Distant skin metastasis, back	2	518	C3orf80	104	42	0.5	metastasis
0	Primary, left ear	2	519	TTN	33	16	0.5	primary
1	Lymph node metastasis, left cervical node	2	519	TTN	30	11	0.5	metastasis
2	Locoregional skin metastasis, left ear	2	519	TTN	33	9	0.5	metastasis
3	Distant skin metastasis, back	2	519	TTN	28	16	0.5	metastasis
0	Primary, left ear	6	520	PCBP3	40	32	0.5	primary
1	Lymph node metastasis, left cervical node	6	520	PCBP3	70	13	0.5	metastasis
2	Locoregional skin metastasis, left ear	6	520	PCBP3	76	13	0.5	metastasis
3	Distant skin metastasis, back	6	520	PCBP3	44	10	0.5	metastasis
0	Primary, left ear	2	521	HMG20B	76	36	0.5	primary
1	Lymph node metastasis, left cervical node	2	521	HMG20B	115	41	0.5	metastasis
2	Locoregional skin metastasis, left ear	2	521	HMG20B	111	17	0.5	metastasis
3	Distant skin metastasis, back	2	521	HMG20B	107	54	0.5	metastasis
0	Primary, left ear	2	522	SATB2	16	9	0.5	primary
1	Lymph node metastasis, left cervical node	2	522	SATB2	14	5	0.5	metastasis
2	Locoregional skin metastasis, left ear	2	522	SATB2	19	7	0.5	metastasis
3	Distant skin metastasis, back	2	522	SATB2	14	7	0.5	metastasis
0	Primary, left ear	4	523	NOL4	174	68	0.5	primary
1	Lymph node metastasis, left cervical node	4	523	NOL4	191	42	0.5	metastasis
2	Locoregional skin metastasis, left ear	4	523	NOL4	177	33	0.5	metastasis
3	Distant skin metastasis, back	4	523	NOL4	198	50	0.5	metastasis
0	Primary, left ear	7	524	STOX1	248	114	0.5	primary
1	Lymph node metastasis, left cervical node	7	524	STOX1	336	139	0.5	metastasis
2	Locoregional skin metastasis, left ear	7	524	STOX1	307	62	0.5	metastasis
3	Distant skin metastasis, back	7	524	STOX1	300	97	0.5	metastasis
0	Primary, left ear	7	525	ZNF883	93	40	0.5	primary
1	Lymph node metastasis, left cervical node	7	525	ZNF883	80	32	0.5	metastasis
2	Locoregional skin metastasis, left ear	7	525	ZNF883	56	13	0.5	metastasis
3	Distant skin metastasis, back	7	525	ZNF883	84	25	0.5	metastasis
0	Primary, left ear	2	526	C14orf102	210	108	0.5	primary
1	Lymph node metastasis, left cervical node	2	526	C14orf102	317	126	0.5	metastasis
2	Locoregional skin metastasis, left ear	2	526	C14orf102	322	61	0.5	metastasis
3	Distant skin metastasis, back	2	526	C14orf102	234	93	0.5	metastasis
0	Primary, left ear	2	527	FBN3	26	16	0.5	primary
1	Lymph node metastasis, left cervical node	2	527	FBN3	35	16	0.5	metastasis
2	Locoregional skin metastasis, left ear	2	527	FBN3	28	7	0.5	metastasis
3	Distant skin metastasis, back	2	527	FBN3	28	19	0.5	metastasis
0	Primary, left ear	3	528	PLCB1	233	81	0.5	primary
1	Lymph node metastasis, left cervical node	3	528	PLCB1	240	66	0.5	metastasis
2	Locoregional skin metastasis, left ear	3	528	PLCB1	97	21	0.5	metastasis
3	Distant skin metastasis, back	3	528	PLCB1	227	53	0.5	metastasis
0	Primary, left ear	7	529	GPCPD1	133	56	0.5	primary
1	Lymph node metastasis, left cervical node	7	529	GPCPD1	115	41	0.5	metastasis
2	Locoregional skin metastasis, left ear	7	529	GPCPD1	87	11	0.5	metastasis
3	Distant skin metastasis, back	7	529	GPCPD1	97	33	0.5	metastasis
0	Primary, left ear	7	530	OSCP1	75	35	0.5	primary
1	Lymph node metastasis, left cervical node	7	530	OSCP1	91	41	0.5	metastasis
2	Locoregional skin metastasis, left ear	7	530	OSCP1	100	28	0.5	metastasis
3	Distant skin metastasis, back	7	530	OSCP1	119	29	0.5	metastasis
0	Primary, left ear	7	531	DNAH3	113	49	0.5	primary
1	Lymph node metastasis, left cervical node	7	531	DNAH3	128	57	0.5	metastasis
2	Locoregional skin metastasis, left ear	7	531	DNAH3	111	25	0.5	metastasis
3	Distant skin metastasis, back	7	531	DNAH3	123	32	0.5	metastasis
0	Primary, left ear	6	532	DNAH10	56	25	0.5	primary
1	Lymph node metastasis, left cervical node	6	532	DNAH10	80	22	0.5	metastasis
2	Locoregional skin metastasis, left ear	6	532	DNAH10	66	16	0.5	metastasis
3	Distant skin metastasis, back	6	532	DNAH10	66	22	0.5	metastasis
0	Primary, left ear	6	533	GGT6	72	51	0.5	primary
1	Lymph node metastasis, left cervical node	6	533	GGT6	104	34	0.5	metastasis
2	Locoregional skin metastasis, left ear	6	533	GGT6	97	21	0.5	metastasis
3	Distant skin metastasis, back	6	533	GGT6	112	36	0.5	metastasis
0	Primary, left ear	1	534	ESYT3	164	55	0.5	primary
1	Lymph node metastasis, left cervical node	1	534	ESYT3	209	59	0.5	metastasis
2	Locoregional skin metastasis, left ear	1	534	ESYT3	218	67	0.5	metastasis
3	Distant skin metastasis, back	1	534	ESYT3	178	54	0.5	metastasis
0	Primary, left ear	7	535	LRRIQ4	135	89	0.5	primary
1	Lymph node metastasis, left cervical node	7	535	LRRIQ4	189	77	0.5	metastasis
2	Locoregional skin metastasis, left ear	7	535	LRRIQ4	173	21	0.5	metastasis
3	Distant skin metastasis, back	7	535	LRRIQ4	166	48	0.5	metastasis
0	Primary, left ear	0	536	NEB	42	0	0.5	primary
1	Lymph node metastasis, left cervical node	0	536	NEB	62	0	0.5	metastasis
2	Locoregional skin metastasis, left ear	0	536	NEB	21	4	0.5	metastasis
3	Distant skin metastasis, back	0	536	NEB	53	0	0.5	metastasis
0	Primary, left ear	2	537	PTPRC	54	24	0.5	primary
1	Lymph node metastasis, left cervical node	2	537	PTPRC	47	20	0.5	metastasis
2	Locoregional skin metastasis, left ear	2	537	PTPRC	21	6	0.5	metastasis
3	Distant skin metastasis, back	2	537	PTPRC	49	23	0.5	metastasis
0	Primary, left ear	7	538	MAPK4	130	43	0.5	primary
1	Lymph node metastasis, left cervical node	7	538	MAPK4	164	60	0.5	metastasis
2	Locoregional skin metastasis, left ear	7	538	MAPK4	170	31	0.5	metastasis
3	Distant skin metastasis, back	7	538	MAPK4	144	42	0.5	metastasis
0	Primary, left ear	1	539	DEPDC5	209	100	0.5	primary
1	Lymph node metastasis, left cervical node	1	539	DEPDC5	267	69	0.5	metastasis
2	Locoregional skin metastasis, left ear	1	539	DEPDC5	241	56	0.5	metastasis
3	Distant skin metastasis, back	1	539	DEPDC5	218	79	0.5	metastasis
0	Primary, left ear	2	540	DNAH10	235	111	0.5	primary
1	Lymph node metastasis, left cervical node	2	540	DNAH10	295	123	0.5	metastasis
2	Locoregional skin metastasis, left ear	2	540	DNAH10	322	82	0.5	metastasis
3	Distant skin metastasis, back	2	540	DNAH10	235	84	0.5	metastasis
0	Primary, left ear	2	541	POLR2G	173	97	0.5	primary
1	Lymph node metastasis, left cervical node	2	541	POLR2G	241	89	0.5	metastasis
2	Locoregional skin metastasis, left ear	2	541	POLR2G	127	27	0.5	metastasis
3	Distant skin metastasis, back	2	541	POLR2G	204	91	0.5	metastasis
0	Primary, left ear	6	542	PDILT	76	50	0.5	primary
1	Lymph node metastasis, left cervical node	6	542	PDILT	98	24	0.5	metastasis
2	Locoregional skin metastasis, left ear	6	542	PDILT	27	7	0.5	metastasis
3	Distant skin metastasis, back	6	542	PDILT	83	35	0.5	metastasis
0	Primary, left ear	2	543	CNGB1	72	45	0.5	primary
1	Lymph node metastasis, left cervical node	2	543	CNGB1	109	40	0.5	metastasis
2	Locoregional skin metastasis, left ear	2	543	CNGB1	92	17	0.5	metastasis
3	Distant skin metastasis, back	2	543	CNGB1	123	47	0.5	metastasis
0	Primary, left ear	6	544	ARHGEF4	32	14	0.5	primary
1	Lymph node metastasis, left cervical node	6	544	ARHGEF4	45	11	0.5	metastasis
2	Locoregional skin metastasis, left ear	6	544	ARHGEF4	39	8	0.5	metastasis
3	Distant skin metastasis, back	6	544	ARHGEF4	49	11	0.5	metastasis
0	Primary, left ear	2	545	PCGF2	107	59	0.5	primary
1	Lymph node metastasis, left cervical node	2	545	PCGF2	112	45	0.5	metastasis
2	Locoregional skin metastasis, left ear	2	545	PCGF2	119	25	0.5	metastasis
3	Distant skin metastasis, back	2	545	PCGF2	129	46	0.5	metastasis
0	Primary, left ear	1	546	SLC22A24	46	22	0.5	primary
1	Lymph node metastasis, left cervical node	1	546	SLC22A24	80	21	0.5	metastasis
2	Locoregional skin metastasis, left ear	1	546	SLC22A24	38	11	0.5	metastasis
3	Distant skin metastasis, back	1	546	SLC22A24	41	17	0.5	metastasis
0	Primary, left ear	2	547	DARC	489	245	0.5	primary
1	Lymph node metastasis, left cervical node	2	547	DARC	605	218	0.5	metastasis
2	Locoregional skin metastasis, left ear	2	547	DARC	597	125	0.5	metastasis
3	Distant skin metastasis, back	2	547	DARC	592	237	0.5	metastasis
0	Primary, left ear	1	548	MYEOV	88	41	0.5	primary
1	Lymph node metastasis, left cervical node	1	548	MYEOV	108	38	0.5	metastasis
2	Locoregional skin metastasis, left ear	1	548	MYEOV	134	20	0.5	metastasis
3	Distant skin metastasis, back	1	548	MYEOV	108	50	0.5	metastasis
0	Primary, left ear	1	549	USH2A	58	31	0.5	primary
1	Lymph node metastasis, left cervical node	1	549	USH2A	70	20	0.5	metastasis
2	Locoregional skin metastasis, left ear	1	549	USH2A	76	8	0.5	metastasis
3	Distant skin metastasis, back	1	549	USH2A	50	20	0.5	metastasis
0	Primary, left ear	4	550	OR5AR1	780	362	0.5	primary
1	Lymph node metastasis, left cervical node	4	550	OR5AR1	949	264	0.5	metastasis
2	Locoregional skin metastasis, left ear	4	550	OR5AR1	869	140	0.5	metastasis
3	Distant skin metastasis, back	4	550	OR5AR1	780	275	0.5	metastasis
0	Primary, left ear	2	551	RBBP6	69	41	0.5	primary
1	Lymph node metastasis, left cervical node	2	551	RBBP6	68	31	0.5	metastasis
2	Locoregional skin metastasis, left ear	2	551	RBBP6	35	14	0.5	metastasis
3	Distant skin metastasis, back	2	551	RBBP6	76	32	0.5	metastasis
0	Primary, left ear	2	552	OR11G2	656	280	0.5	primary
1	Lymph node metastasis, left cervical node	2	552	OR11G2	697	266	0.5	metastasis
2	Locoregional skin metastasis, left ear	2	552	OR11G2	610	144	0.5	metastasis
3	Distant skin metastasis, back	2	552	OR11G2	567	217	0.5	metastasis
0	Primary, left ear	6	553	FAM123C	228	104	0.5	primary
1	Lymph node metastasis, left cervical node	6	553	FAM123C	265	71	0.5	metastasis
2	Locoregional skin metastasis, left ear	6	553	FAM123C	296	68	0.5	metastasis
3	Distant skin metastasis, back	6	553	FAM123C	235	78	0.5	metastasis
0	Primary, left ear	7	554	ACSL5	112	35	0.5	primary
1	Lymph node metastasis, left cervical node	7	554	ACSL5	106	59	0.5	metastasis
2	Locoregional skin metastasis, left ear	7	554	ACSL5	145	32	0.5	metastasis
3	Distant skin metastasis, back	7	554	ACSL5	105	40	0.5	metastasis
0	Primary, left ear	6	555	OR13C4	52	26	0.5	primary
1	Lymph node metastasis, left cervical node	6	555	OR13C4	74	13	0.5	metastasis
2	Locoregional skin metastasis, left ear	6	555	OR13C4	30	3	0.5	metastasis
3	Distant skin metastasis, back	6	555	OR13C4	46	14	0.5	metastasis
0	Primary, left ear	7	556	TGM6	116	44	0.5	primary
1	Lymph node metastasis, left cervical node	7	556	TGM6	137	63	0.5	metastasis
2	Locoregional skin metastasis, left ear	7	556	TGM6	240	29	0.5	metastasis
3	Distant skin metastasis, back	7	556	TGM6	135	34	0.5	metastasis
0	Primary, left ear	2	557	HIVEP3	81	48	0.5	primary
1	Lymph node metastasis, left cervical node	2	557	HIVEP3	99	40	0.5	metastasis
2	Locoregional skin metastasis, left ear	2	557	HIVEP3	150	30	0.5	metastasis
3	Distant skin metastasis, back	2	557	HIVEP3	105	48	0.5	metastasis
0	Primary, left ear	1	558	TTN	55	16	0.5	primary
1	Lymph node metastasis, left cervical node	1	558	TTN	52	9	0.5	metastasis
2	Locoregional skin metastasis, left ear	1	558	TTN	32	3	0.5	metastasis
3	Distant skin metastasis, back	1	558	TTN	34	22	0.5	metastasis
0	Primary, left ear	6	559	SHISA9	34	43	0.5	primary
1	Lymph node metastasis, left cervical node	6	559	SHISA9	80	11	0.5	metastasis
2	Locoregional skin metastasis, left ear	6	559	SHISA9	48	4	0.5	metastasis
3	Distant skin metastasis, back	6	559	SHISA9	49	25	0.5	metastasis
0	Primary, left ear	1	560	SLC25A21	89	37	0.5	primary
1	Lymph node metastasis, left cervical node	1	560	SLC25A21	116	31	0.5	metastasis
2	Locoregional skin metastasis, left ear	1	560	SLC25A21	33	7	0.5	metastasis
3	Distant skin metastasis, back	1	560	SLC25A21	78	29	0.5	metastasis
0	Primary, left ear	6	561	GNN	99	60	0.5	primary
1	Lymph node metastasis, left cervical node	6	561	GNN	159	31	0.5	metastasis
2	Locoregional skin metastasis, left ear	6	561	GNN	90	22	0.5	metastasis
3	Distant skin metastasis, back	6	561	GNN	108	41	0.5	metastasis
0	Primary, left ear	1	562	MEG3	180	77	0.5	primary
1	Lymph node metastasis, left cervical node	1	562	MEG3	188	62	0.5	metastasis
2	Locoregional skin metastasis, left ear	1	562	MEG3	223	50	0.5	metastasis
3	Distant skin metastasis, back	1	562	MEG3	150	63	0.5	metastasis
0	Primary, left ear	2	563	TCRA	34	18	0.5	primary
1	Lymph node metastasis, left cervical node	2	563	TCRA	50	14	0.5	metastasis
2	Locoregional skin metastasis, left ear	2	563	TCRA	40	13	0.5	metastasis
3	Distant skin metastasis, back	2	563	TCRA	40	22	0.5	metastasis
0	Primary, left ear	2	564	MRC2	57	32	0.5	primary
1	Lymph node metastasis, left cervical node	2	564	MRC2	84	37	0.5	metastasis
2	Locoregional skin metastasis, left ear	2	564	MRC2	119	23	0.5	metastasis
3	Distant skin metastasis, back	2	564	MRC2	74	30	0.5	metastasis
0	Primary, left ear	6	565	ZNF560	55	26	0.5	primary
1	Lymph node metastasis, left cervical node	6	565	ZNF560	115	33	0.5	metastasis
2	Locoregional skin metastasis, left ear	6	565	ZNF560	24	5	0.5	metastasis
3	Distant skin metastasis, back	6	565	ZNF560	50	10	0.5	metastasis
0	Primary, left ear	7	566	DPPA4	166	72	0.5	primary
1	Lymph node metastasis, left cervical node	7	566	DPPA4	225	83	0.5	metastasis
2	Locoregional skin metastasis, left ear	7	566	DPPA4	226	40	0.5	metastasis
3	Distant skin metastasis, back	7	566	DPPA4	174	62	0.5	metastasis
0	Primary, left ear	1	567	GRXCR1	164	81	0.5	primary
1	Lymph node metastasis, left cervical node	1	567	GRXCR1	215	61	0.5	metastasis
2	Locoregional skin metastasis, left ear	1	567	GRXCR1	66	16	0.5	metastasis
3	Distant skin metastasis, back	1	567	GRXCR1	201	92	0.5	metastasis
0	Primary, left ear	2	568	ARHGAP25	188	103	0.5	primary
1	Lymph node metastasis, left cervical node	2	568	ARHGAP25	197	97	0.5	metastasis
2	Locoregional skin metastasis, left ear	2	568	ARHGAP25	169	37	0.5	metastasis
3	Distant skin metastasis, back	2	568	ARHGAP25	175	74	0.5	metastasis
0	Primary, left ear	7	569	EMR2	105	39	0.5	primary
1	Lymph node metastasis, left cervical node	7	569	EMR2	125	46	0.5	metastasis
2	Locoregional skin metastasis, left ear	7	569	EMR2	136	22	0.5	metastasis
3	Distant skin metastasis, back	7	569	EMR2	116	34	0.5	metastasis
0	Primary, left ear	1	570	FAM123C	89	40	0.5	primary
1	Lymph node metastasis, left cervical node	1	570	FAM123C	136	41	0.5	metastasis
2	Locoregional skin metastasis, left ear	1	570	FAM123C	117	21	0.5	metastasis
3	Distant skin metastasis, back	1	570	FAM123C	131	46	0.5	metastasis
0	Primary, left ear	1	571	ZMYND17	111	62	0.5	primary
1	Lymph node metastasis, left cervical node	1	571	ZMYND17	154	43	0.5	metastasis
2	Locoregional skin metastasis, left ear	1	571	ZMYND17	140	30	0.5	metastasis
3	Distant skin metastasis, back	1	571	ZMYND17	97	47	0.5	metastasis
0	Primary, left ear	2	572	DPP7	23	14	0.5	primary
1	Lymph node metastasis, left cervical node	2	572	DPP7	34	9	0.5	metastasis
2	Locoregional skin metastasis, left ear	2	572	DPP7	58	16	0.5	metastasis
3	Distant skin metastasis, back	2	572	DPP7	38	24	0.5	metastasis
0	Primary, left ear	7	573	PRSS35	75	30	0.5	primary
1	Lymph node metastasis, left cervical node	7	573	PRSS35	81	28	0.5	metastasis
2	Locoregional skin metastasis, left ear	7	573	PRSS35	82	12	0.5	metastasis
3	Distant skin metastasis, back	7	573	PRSS35	59	21	0.5	metastasis
0	Primary, left ear	7	574	LINGO4	122	50	0.5	primary
1	Lymph node metastasis, left cervical node	7	574	LINGO4	124	63	0.5	metastasis
2	Locoregional skin metastasis, left ear	7	574	LINGO4	147	24	0.5	metastasis
3	Distant skin metastasis, back	7	574	LINGO4	111	35	0.5	metastasis
0	Primary, left ear	2	575	MIOX	53	28	0.5	primary
1	Lymph node metastasis, left cervical node	2	575	MIOX	66	34	0.5	metastasis
2	Locoregional skin metastasis, left ear	2	575	MIOX	76	20	0.5	metastasis
3	Distant skin metastasis, back	2	575	MIOX	83	30	0.5	metastasis
0	Primary, left ear	2	576	PRG4	116	61	0.5	primary
1	Lymph node metastasis, left cervical node	2	576	PRG4	103	46	0.5	metastasis
2	Locoregional skin metastasis, left ear	2	576	PRG4	54	18	0.5	metastasis
3	Distant skin metastasis, back	2	576	PRG4	106	54	0.5	metastasis
0	Primary, left ear	2	577	OR51G2	35	31	0.5	primary
1	Lymph node metastasis, left cervical node	2	577	OR51G2	52	25	0.5	metastasis
2	Locoregional skin metastasis, left ear	2	577	OR51G2	36	11	0.5	metastasis
3	Distant skin metastasis, back	2	577	OR51G2	36	18	0.5	metastasis
0	Primary, left ear	4	578	TTN	358	148	0.5	primary
1	Lymph node metastasis, left cervical node	4	578	TTN	351	113	0.5	metastasis
2	Locoregional skin metastasis, left ear	4	578	TTN	292	57	0.5	metastasis
3	Distant skin metastasis, back	4	578	TTN	307	99	0.5	metastasis
0	Primary, left ear	2	579	SEZ6	46	21	0.5	primary
1	Lymph node metastasis, left cervical node	2	579	SEZ6	49	16	0.5	metastasis
2	Locoregional skin metastasis, left ear	2	579	SEZ6	54	11	0.5	metastasis
3	Distant skin metastasis, back	2	579	SEZ6	44	16	0.5	metastasis
0	Primary, left ear	7	580	ZNF729	39	13	0.5	primary
1	Lymph node metastasis, left cervical node	7	580	ZNF729	27	11	0.5	metastasis
2	Locoregional skin metastasis, left ear	7	580	ZNF729	22	0	0.5	metastasis
3	Distant skin metastasis, back	7	580	ZNF729	41	13	0.5	metastasis
0	Primary, left ear	7	581	SCN2A	48	20	0.5	primary
1	Lymph node metastasis, left cervical node	7	581	SCN2A	56	21	0.5	metastasis
2	Locoregional skin metastasis, left ear	7	581	SCN2A	35	13	0.5	metastasis
3	Distant skin metastasis, back	7	581	SCN2A	54	11	0.5	metastasis
0	Primary, left ear	6	582	OR4C15	148	76	0.5	primary
1	Lymph node metastasis, left cervical node	6	582	OR4C15	202	55	0.5	metastasis
2	Locoregional skin metastasis, left ear	6	582	OR4C15	169	33	0.5	metastasis
3	Distant skin metastasis, back	6	582	OR4C15	135	50	0.5	metastasis
0	Primary, left ear	2	583	SCN1A	39	28	0.5	primary
1	Lymph node metastasis, left cervical node	2	583	SCN1A	49	13	0.5	metastasis
2	Locoregional skin metastasis, left ear	2	583	SCN1A	26	9	0.5	metastasis
3	Distant skin metastasis, back	2	583	SCN1A	49	24	0.5	metastasis
0	Primary, left ear	2	584	MUC16	29	8	0.5	primary
1	Lymph node metastasis, left cervical node	2	584	MUC16	28	10	0.5	metastasis
2	Locoregional skin metastasis, left ear	2	584	MUC16	33	6	0.5	metastasis
3	Distant skin metastasis, back	2	584	MUC16	22	9	0.5	metastasis
0	Primary, left ear	2	585	PIGK	110	57	0.5	primary
1	Lymph node metastasis, left cervical node	2	585	PIGK	147	46	0.5	metastasis
2	Locoregional skin metastasis, left ear	2	585	PIGK	46	21	0.5	metastasis
3	Distant skin metastasis, back	2	585	PIGK	93	39	0.5	metastasis
0	Primary, left ear	2	586	BAIAP2L2	42	14	0.5	primary
1	Lymph node metastasis, left cervical node	2	586	BAIAP2L2	35	15	0.5	metastasis
2	Locoregional skin metastasis, left ear	2	586	BAIAP2L2	34	9	0.5	metastasis
3	Distant skin metastasis, back	2	586	BAIAP2L2	40	20	0.5	metastasis
0	Primary, left ear	4	587	LRP1B	182	67	0.5	primary
1	Lymph node metastasis, left cervical node	4	587	LRP1B	158	49	0.5	metastasis
2	Locoregional skin metastasis, left ear	4	587	LRP1B	65	13	0.5	metastasis
3	Distant skin metastasis, back	4	587	LRP1B	149	46	0.5	metastasis
0	Primary, left ear	6	588	UNC80	120	59	0.5	primary
1	Lymph node metastasis, left cervical node	6	588	UNC80	131	39	0.5	metastasis
2	Locoregional skin metastasis, left ear	6	588	UNC80	128	32	0.5	metastasis
3	Distant skin metastasis, back	6	588	UNC80	115	36	0.5	metastasis
0	Primary, left ear	5	589	KCNJ12	965	146	0.5	primary
1	Lymph node metastasis, left cervical node	5	589	KCNJ12	1158	129	0.5	metastasis
2	Locoregional skin metastasis, left ear	5	589	KCNJ12	1431	114	0.5	metastasis
3	Distant skin metastasis, back	5	589	KCNJ12	1025	124	0.5	metastasis
0	Primary, left ear	7	590	MUC16	140	55	0.5	primary
1	Lymph node metastasis, left cervical node	7	590	MUC16	174	58	0.5	metastasis
2	Locoregional skin metastasis, left ear	7	590	MUC16	142	25	0.5	metastasis
3	Distant skin metastasis, back	7	590	MUC16	151	38	0.5	metastasis
0	Primary, left ear	2	591	C1orf150	195	99	0.5	primary
1	Lymph node metastasis, left cervical node	2	591	C1orf150	255	92	0.5	metastasis
2	Locoregional skin metastasis, left ear	2	591	C1orf150	99	24	0.5	metastasis
3	Distant skin metastasis, back	2	591	C1orf150	204	63	0.5	metastasis
0	Primary, left ear	1	592	SORBS1	135	56	0.5	primary
1	Lymph node metastasis, left cervical node	1	592	SORBS1	158	52	0.5	metastasis
2	Locoregional skin metastasis, left ear	1	592	SORBS1	74	11	0.5	metastasis
3	Distant skin metastasis, back	1	592	SORBS1	123	48	0.5	metastasis
0	Primary, left ear	2	593	DNAH9	160	64	0.5	primary
1	Lymph node metastasis, left cervical node	2	593	DNAH9	166	68	0.5	metastasis
2	Locoregional skin metastasis, left ear	2	593	DNAH9	160	38	0.5	metastasis
3	Distant skin metastasis, back	2	593	DNAH9	151	52	0.5	metastasis
0	Primary, left ear	2	594	FCAMR	42	15	0.5	primary
1	Lymph node metastasis, left cervical node	2	594	FCAMR	39	10	0.5	metastasis
2	Locoregional skin metastasis, left ear	2	594	FCAMR	40	13	0.5	metastasis
3	Distant skin metastasis, back	2	594	FCAMR	28	9	0.5	metastasis
0	Primary, left ear	7	595	CACNA1S	75	23	0.5	primary
1	Lymph node metastasis, left cervical node	7	595	CACNA1S	82	34	0.5	metastasis
2	Locoregional skin metastasis, left ear	7	595	CACNA1S	84	12	0.5	metastasis
3	Distant skin metastasis, back	7	595	CACNA1S	65	17	0.5	metastasis
0	Primary, left ear	2	596	EML6	247	115	0.5	primary
1	Lymph node metastasis, left cervical node	2	596	EML6	305	102	0.5	metastasis
2	Locoregional skin metastasis, left ear	2	596	EML6	217	60	0.5	metastasis
3	Distant skin metastasis, back	2	596	EML6	238	94	0.5	metastasis
0	Primary, left ear	6	597	IMPG1	131	62	0.5	primary
1	Lymph node metastasis, left cervical node	6	597	IMPG1	171	59	0.5	metastasis
2	Locoregional skin metastasis, left ear	6	597	IMPG1	69	21	0.5	metastasis
3	Distant skin metastasis, back	6	597	IMPG1	128	36	0.5	metastasis
0	Primary, left ear	2	598	TMEM242	203	118	0.5	primary
1	Lymph node metastasis, left cervical node	2	598	TMEM242	270	98	0.5	metastasis
2	Locoregional skin metastasis, left ear	2	598	TMEM242	194	48	0.5	metastasis
3	Distant skin metastasis, back	2	598	TMEM242	233	89	0.5	metastasis
0	Primary, left ear	7	599	HEATR6	114	46	0.5	primary
1	Lymph node metastasis, left cervical node	7	599	HEATR6	122	39	0.5	metastasis
2	Locoregional skin metastasis, left ear	7	599	HEATR6	135	28	0.5	metastasis
3	Distant skin metastasis, back	7	599	HEATR6	126	30	0.5	metastasis
0	Primary, left ear	1	600	LEPREL1	183	71	0.5	primary
1	Lymph node metastasis, left cervical node	1	600	LEPREL1	188	56	0.5	metastasis
2	Locoregional skin metastasis, left ear	1	600	LEPREL1	88	19	0.5	metastasis
3	Distant skin metastasis, back	1	600	LEPREL1	196	78	0.5	metastasis
0	Primary, left ear	7	601	GLOD4	107	50	0.5	primary
1	Lymph node metastasis, left cervical node	7	601	GLOD4	130	52	0.5	metastasis
2	Locoregional skin metastasis, left ear	7	601	GLOD4	87	7	0.5	metastasis
3	Distant skin metastasis, back	7	601	GLOD4	113	31	0.5	metastasis
0	Primary, left ear	7	602	PCSK5	20	4	0.5	primary
1	Lymph node metastasis, left cervical node	7	602	PCSK5	26	8	0.5	metastasis
2	Locoregional skin metastasis, left ear	7	602	PCSK5	18	4	0.5	metastasis
3	Distant skin metastasis, back	7	602	PCSK5	15	4	0.5	metastasis
0	Primary, left ear	2	603	ZNF410	22	12	0.5	primary
1	Lymph node metastasis, left cervical node	2	603	ZNF410	28	11	0.5	metastasis
2	Locoregional skin metastasis, left ear	2	603	ZNF410	15	2	0.5	metastasis
3	Distant skin metastasis, back	2	603	ZNF410	26	12	0.5	metastasis
0	Primary, left ear	7	604	DNAH3	85	32	0.5	primary
1	Lymph node metastasis, left cervical node	7	604	DNAH3	121	47	0.5	metastasis
2	Locoregional skin metastasis, left ear	7	604	DNAH3	93	20	0.5	metastasis
3	Distant skin metastasis, back	7	604	DNAH3	94	30	0.5	metastasis
0	Primary, left ear	6	605	GRXCR1	84	45	0.5	primary
1	Lymph node metastasis, left cervical node	6	605	GRXCR1	101	27	0.5	metastasis
2	Locoregional skin metastasis, left ear	6	605	GRXCR1	82	10	0.5	metastasis
3	Distant skin metastasis, back	6	605	GRXCR1	93	21	0.5	metastasis
0	Primary, left ear	2	606	DHRS7C	257	99	0.5	primary
1	Lymph node metastasis, left cervical node	2	606	DHRS7C	277	115	0.5	metastasis
2	Locoregional skin metastasis, left ear	2	606	DHRS7C	360	92	0.5	metastasis
3	Distant skin metastasis, back	2	606	DHRS7C	223	88	0.5	metastasis
0	Primary, left ear	2	607	GRB14	10	5	0.5	primary
1	Lymph node metastasis, left cervical node	2	607	GRB14	21	11	0.5	metastasis
2	Locoregional skin metastasis, left ear	2	607	GRB14	31	2	0.5	metastasis
3	Distant skin metastasis, back	2	607	GRB14	34	14	0.5	metastasis
0	Primary, left ear	6	608	FSD1L	54	29	0.5	primary
1	Lymph node metastasis, left cervical node	6	608	FSD1L	49	12	0.5	metastasis
2	Locoregional skin metastasis, left ear	6	608	FSD1L	22	3	0.5	metastasis
3	Distant skin metastasis, back	6	608	FSD1L	85	19	0.5	metastasis
0	Primary, left ear	2	609	GPR144	47	21	0.5	primary
1	Lymph node metastasis, left cervical node	2	609	GPR144	55	21	0.5	metastasis
2	Locoregional skin metastasis, left ear	2	609	GPR144	72	22	0.5	metastasis
3	Distant skin metastasis, back	2	609	GPR144	42	13	0.5	metastasis
0	Primary, left ear	2	610	SLC44A3	70	32	0.5	primary
1	Lymph node metastasis, left cervical node	2	610	SLC44A3	51	28	0.5	metastasis
2	Locoregional skin metastasis, left ear	2	610	SLC44A3	25	9	0.5	metastasis
3	Distant skin metastasis, back	2	610	SLC44A3	45	14	0.5	metastasis
0	Primary, left ear	2	611	TRDN	122	73	0.5	primary
1	Lymph node metastasis, left cervical node	2	611	TRDN	149	55	0.5	metastasis
2	Locoregional skin metastasis, left ear	2	611	TRDN	57	16	0.5	metastasis
3	Distant skin metastasis, back	2	611	TRDN	122	35	0.5	metastasis
0	Primary, left ear	2	612	CYLC2	69	38	0.5	primary
1	Lymph node metastasis, left cervical node	2	612	CYLC2	75	22	0.5	metastasis
2	Locoregional skin metastasis, left ear	2	612	CYLC2	39	6	0.5	metastasis
3	Distant skin metastasis, back	2	612	CYLC2	57	23	0.5	metastasis
0	Primary, left ear	7	613	AADAC	221	74	0.5	primary
1	Lymph node metastasis, left cervical node	7	613	AADAC	284	112	0.5	metastasis
2	Locoregional skin metastasis, left ear	7	613	AADAC	105	29	0.5	metastasis
3	Distant skin metastasis, back	7	613	AADAC	227	85	0.5	metastasis
0	Primary, left ear	2	614	PGBD3	37	15	0.5	primary
1	Lymph node metastasis, left cervical node	2	614	PGBD3	29	14	0.5	metastasis
2	Locoregional skin metastasis, left ear	2	614	PGBD3	24	5	0.5	metastasis
3	Distant skin metastasis, back	2	614	PGBD3	29	17	0.5	metastasis
0	Primary, left ear	2	615	CHAD	136	83	0.5	primary
1	Lymph node metastasis, left cervical node	2	615	CHAD	159	82	0.5	metastasis
2	Locoregional skin metastasis, left ear	2	615	CHAD	202	42	0.5	metastasis
3	Distant skin metastasis, back	2	615	CHAD	166	70	0.5	metastasis
0	Primary, left ear	4	616	ACCN4	75	34	0.5	primary
1	Lymph node metastasis, left cervical node	4	616	ACCN4	75	14	0.5	metastasis
2	Locoregional skin metastasis, left ear	4	616	ACCN4	90	11	0.5	metastasis
3	Distant skin metastasis, back	4	616	ACCN4	90	24	0.5	metastasis
0	Primary, left ear	2	617	COL9A2	301	145	0.5	primary
1	Lymph node metastasis, left cervical node	2	617	COL9A2	315	111	0.5	metastasis
2	Locoregional skin metastasis, left ear	2	617	COL9A2	445	105	0.5	metastasis
3	Distant skin metastasis, back	2	617	COL9A2	386	129	0.5	metastasis
0	Primary, left ear	4	618	DAB1	339	119	0.5	primary
1	Lymph node metastasis, left cervical node	4	618	DAB1	386	132	0.5	metastasis
2	Locoregional skin metastasis, left ear	4	618	DAB1	271	44	0.5	metastasis
3	Distant skin metastasis, back	4	618	DAB1	291	87	0.5	metastasis
0	Primary, left ear	6	619	PLCH1	130	62	0.5	primary
1	Lymph node metastasis, left cervical node	6	619	PLCH1	191	63	0.5	metastasis
2	Locoregional skin metastasis, left ear	6	619	PLCH1	137	27	0.5	metastasis
3	Distant skin metastasis, back	6	619	PLCH1	160	53	0.5	metastasis
0	Primary, left ear	1	620	FRMD4B	185	85	0.5	primary
1	Lymph node metastasis, left cervical node	1	620	FRMD4B	209	67	0.5	metastasis
2	Locoregional skin metastasis, left ear	1	620	FRMD4B	208	53	0.5	metastasis
3	Distant skin metastasis, back	1	620	FRMD4B	255	119	0.5	metastasis
0	Primary, left ear	7	621	BCL11A	143	70	0.5	primary
1	Lymph node metastasis, left cervical node	7	621	BCL11A	150	69	0.5	metastasis
2	Locoregional skin metastasis, left ear	7	621	BCL11A	244	37	0.5	metastasis
3	Distant skin metastasis, back	7	621	BCL11A	158	60	0.5	metastasis
0	Primary, left ear	7	622	OR6K6	757	324	0.5	primary
1	Lymph node metastasis, left cervical node	7	622	OR6K6	927	325	0.5	metastasis
2	Locoregional skin metastasis, left ear	7	622	OR6K6	800	168	0.5	metastasis
3	Distant skin metastasis, back	7	622	OR6K6	769	256	0.5	metastasis
0	Primary, left ear	1	623	MYH8	67	25	0.5	primary
1	Lymph node metastasis, left cervical node	1	623	MYH8	96	31	0.5	metastasis
2	Locoregional skin metastasis, left ear	1	623	MYH8	31	7	0.5	metastasis
3	Distant skin metastasis, back	1	623	MYH8	68	23	0.5	metastasis
0	Primary, left ear	7	624	PAPPA2	440	175	0.5	primary
1	Lymph node metastasis, left cervical node	7	624	PAPPA2	424	152	0.5	metastasis
2	Locoregional skin metastasis, left ear	7	624	PAPPA2	527	85	0.5	metastasis
3	Distant skin metastasis, back	7	624	PAPPA2	455	150	0.5	metastasis
0	Primary, left ear	7	625	SYNE1	128	48	0.5	primary
1	Lymph node metastasis, left cervical node	7	625	SYNE1	134	43	0.5	metastasis
2	Locoregional skin metastasis, left ear	7	625	SYNE1	69	20	0.5	metastasis
3	Distant skin metastasis, back	7	625	SYNE1	108	31	0.5	metastasis
0	Primary, left ear	2	626	SEZ6L	100	49	0.5	primary
1	Lymph node metastasis, left cervical node	2	626	SEZ6L	110	40	0.5	metastasis
2	Locoregional skin metastasis, left ear	2	626	SEZ6L	148	28	0.5	metastasis
3	Distant skin metastasis, back	2	626	SEZ6L	97	41	0.5	metastasis
0	Primary, left ear	6	627	VWA2	154	71	0.5	primary
1	Lymph node metastasis, left cervical node	6	627	VWA2	186	57	0.5	metastasis
2	Locoregional skin metastasis, left ear	6	627	VWA2	250	46	0.5	metastasis
3	Distant skin metastasis, back	6	627	VWA2	149	37	0.5	metastasis
0	Primary, left ear	6	628	DNAH9	46	32	0.5	primary
1	Lymph node metastasis, left cervical node	6	628	DNAH9	71	23	0.5	metastasis
2	Locoregional skin metastasis, left ear	6	628	DNAH9	56	13	0.5	metastasis
3	Distant skin metastasis, back	6	628	DNAH9	69	19	0.5	metastasis
0	Primary, left ear	1	629	DDX43	304	131	0.5	primary
1	Lymph node metastasis, left cervical node	1	629	DDX43	459	133	0.5	metastasis
2	Locoregional skin metastasis, left ear	1	629	DDX43	192	32	0.5	metastasis
3	Distant skin metastasis, back	1	629	DDX43	381	134	0.5	metastasis
0	Primary, left ear	2	630	NPAS2	73	24	0.5	primary
1	Lymph node metastasis, left cervical node	2	630	NPAS2	89	43	0.5	metastasis
2	Locoregional skin metastasis, left ear	2	630	NPAS2	66	17	0.5	metastasis
3	Distant skin metastasis, back	2	630	NPAS2	60	47	0.5	metastasis
0	Primary, left ear	2	631	ANKRD26P1	13	3	0.5	primary
1	Lymph node metastasis, left cervical node	2	631	ANKRD26P1	18	10	0.5	metastasis
2	Locoregional skin metastasis, left ear	2	631	ANKRD26P1	10	2	0.5	metastasis
3	Distant skin metastasis, back	2	631	ANKRD26P1	15	4	0.5	metastasis
0	Primary, left ear	6	632	HSF5	39	17	0.5	primary
1	Lymph node metastasis, left cervical node	6	632	HSF5	59	11	0.5	metastasis
2	Locoregional skin metastasis, left ear	6	632	HSF5	83	18	0.5	metastasis
3	Distant skin metastasis, back	6	632	HSF5	37	6	0.5	metastasis
0	Primary, left ear	4	633	FSIP2	115	39	0.5	primary
1	Lymph node metastasis, left cervical node	4	633	FSIP2	112	25	0.5	metastasis
2	Locoregional skin metastasis, left ear	4	633	FSIP2	64	18	0.5	metastasis
3	Distant skin metastasis, back	4	633	FSIP2	124	38	0.5	metastasis
0	Primary, left ear	4	634	NKX2-8	241	93	0.5	primary
1	Lymph node metastasis, left cervical node	4	634	NKX2-8	227	66	0.5	metastasis
2	Locoregional skin metastasis, left ear	4	634	NKX2-8	438	73	0.5	metastasis
3	Distant skin metastasis, back	4	634	NKX2-8	230	58	0.5	metastasis
0	Primary, left ear	2	635	FNDC1	114	86	0.5	primary
1	Lymph node metastasis, left cervical node	2	635	FNDC1	140	48	0.5	metastasis
2	Locoregional skin metastasis, left ear	2	635	FNDC1	153	33	0.5	metastasis
3	Distant skin metastasis, back	2	635	FNDC1	128	61	0.5	metastasis
0	Primary, left ear	1	636	KIAA1274	54	30	0.5	primary
1	Lymph node metastasis, left cervical node	1	636	KIAA1274	69	13	0.5	metastasis
2	Locoregional skin metastasis, left ear	1	636	KIAA1274	65	18	0.5	metastasis
3	Distant skin metastasis, back	1	636	KIAA1274	40	21	0.5	metastasis
0	Primary, left ear	2	637	DOT1L	93	51	0.5	primary
1	Lymph node metastasis, left cervical node	2	637	DOT1L	104	43	0.5	metastasis
2	Locoregional skin metastasis, left ear	2	637	DOT1L	127	21	0.5	metastasis
3	Distant skin metastasis, back	2	637	DOT1L	99	43	0.5	metastasis
0	Primary, left ear	2	638	APBB1	32	15	0.5	primary
1	Lymph node metastasis, left cervical node	2	638	APBB1	31	11	0.5	metastasis
2	Locoregional skin metastasis, left ear	2	638	APBB1	39	9	0.5	metastasis
3	Distant skin metastasis, back	2	638	APBB1	37	14	0.5	metastasis
0	Primary, left ear	2	639	TRPM2	26	15	0.5	primary
1	Lymph node metastasis, left cervical node	2	639	TRPM2	27	13	0.5	metastasis
2	Locoregional skin metastasis, left ear	2	639	TRPM2	51	13	0.5	metastasis
3	Distant skin metastasis, back	2	639	TRPM2	24	16	0.5	metastasis
0	Primary, left ear	4	640	PIEZO1	63	24	0.5	primary
1	Lymph node metastasis, left cervical node	4	640	PIEZO1	65	14	0.5	metastasis
2	Locoregional skin metastasis, left ear	4	640	PIEZO1	83	13	0.5	metastasis
3	Distant skin metastasis, back	4	640	PIEZO1	63	18	0.5	metastasis
0	Primary, left ear	2	641	FAM78B	134	51	0.5	primary
1	Lymph node metastasis, left cervical node	2	641	FAM78B	157	62	0.5	metastasis
2	Locoregional skin metastasis, left ear	2	641	FAM78B	144	39	0.5	metastasis
3	Distant skin metastasis, back	2	641	FAM78B	142	58	0.5	metastasis
0	Primary, left ear	2	642	MNT	46	24	0.5	primary
1	Lymph node metastasis, left cervical node	2	642	MNT	40	21	0.5	metastasis
2	Locoregional skin metastasis, left ear	2	642	MNT	39	17	0.5	metastasis
3	Distant skin metastasis, back	2	642	MNT	54	28	0.5	metastasis
0	Primary, left ear	2	643	PTPN3	142	76	0.5	primary
1	Lymph node metastasis, left cervical node	2	643	PTPN3	144	76	0.5	metastasis
2	Locoregional skin metastasis, left ear	2	643	PTPN3	127	30	0.5	metastasis
3	Distant skin metastasis, back	2	643	PTPN3	141	47	0.5	metastasis
0	Primary, left ear	2	644	SHISA9	189	96	0.5	primary
1	Lymph node metastasis, left cervical node	2	644	SHISA9	284	115	0.5	metastasis
2	Locoregional skin metastasis, left ear	2	644	SHISA9	324	52	0.5	metastasis
3	Distant skin metastasis, back	2	644	SHISA9	202	83	0.5	metastasis
0	Primary, left ear	7	645	TRIM66	66	24	0.5	primary
1	Lymph node metastasis, left cervical node	7	645	TRIM66	55	25	0.5	metastasis
2	Locoregional skin metastasis, left ear	7	645	TRIM66	85	12	0.5	metastasis
3	Distant skin metastasis, back	7	645	TRIM66	57	23	0.5	metastasis
0	Primary, left ear	6	646	KLHL32	62	46	0.5	primary
1	Lymph node metastasis, left cervical node	6	646	KLHL32	102	32	0.5	metastasis
2	Locoregional skin metastasis, left ear	6	646	KLHL32	46	9	0.5	metastasis
3	Distant skin metastasis, back	6	646	KLHL32	81	22	0.5	metastasis
0	Primary, left ear	4	647	STAB2	522	195	0.5	primary
1	Lymph node metastasis, left cervical node	4	647	STAB2	619	173	0.5	metastasis
2	Locoregional skin metastasis, left ear	4	647	STAB2	583	113	0.5	metastasis
3	Distant skin metastasis, back	4	647	STAB2	550	156	0.5	metastasis
0	Primary, left ear	2	648	TRAF1	79	33	0.5	primary
1	Lymph node metastasis, left cervical node	2	648	TRAF1	80	27	0.5	metastasis
2	Locoregional skin metastasis, left ear	2	648	TRAF1	86	21	0.5	metastasis
3	Distant skin metastasis, back	2	648	TRAF1	78	27	0.5	metastasis
0	Primary, left ear	7	649	MYH3	203	99	0.5	primary
1	Lymph node metastasis, left cervical node	7	649	MYH3	241	89	0.5	metastasis
2	Locoregional skin metastasis, left ear	7	649	MYH3	197	38	0.5	metastasis
3	Distant skin metastasis, back	7	649	MYH3	229	58	0.5	metastasis
0	Primary, left ear	5	650	OBSCN	24	0	0.5	primary
1	Lymph node metastasis, left cervical node	5	650	OBSCN	26	4	0.5	metastasis
2	Locoregional skin metastasis, left ear	5	650	OBSCN	27	0	0.5	metastasis
3	Distant skin metastasis, back	5	650	OBSCN	18	0	0.5	metastasis
0	Primary, left ear	2	651	PRG4	311	167	0.5	primary
1	Lymph node metastasis, left cervical node	2	651	PRG4	280	106	0.5	metastasis
2	Locoregional skin metastasis, left ear	2	651	PRG4	262	60	0.5	metastasis
3	Distant skin metastasis, back	2	651	PRG4	281	96	0.5	metastasis
0	Primary, left ear	2	652	SEC31B	79	34	0.5	primary
1	Lymph node metastasis, left cervical node	2	652	SEC31B	71	27	0.5	metastasis
2	Locoregional skin metastasis, left ear	2	652	SEC31B	84	15	0.5	metastasis
3	Distant skin metastasis, back	2	652	SEC31B	64	29	0.5	metastasis
0	Primary, left ear	2	653	SLC30A3	98	64	0.5	primary
1	Lymph node metastasis, left cervical node	2	653	SLC30A3	135	46	0.5	metastasis
2	Locoregional skin metastasis, left ear	2	653	SLC30A3	155	35	0.5	metastasis
3	Distant skin metastasis, back	2	653	SLC30A3	90	46	0.5	metastasis
0	Primary, left ear	2	654	MYOCD	84	39	0.5	primary
1	Lymph node metastasis, left cervical node	2	654	MYOCD	87	27	0.5	metastasis
2	Locoregional skin metastasis, left ear	2	654	MYOCD	71	17	0.5	metastasis
3	Distant skin metastasis, back	2	654	MYOCD	65	30	0.5	metastasis
0	Primary, left ear	6	655	OR10X1	348	155	0.5	primary
1	Lymph node metastasis, left cervical node	6	655	OR10X1	422	138	0.5	metastasis
2	Locoregional skin metastasis, left ear	6	655	OR10X1	171	50	0.5	metastasis
3	Distant skin metastasis, back	6	655	OR10X1	333	107	0.5	metastasis
0	Primary, left ear	6	656	RBFOX1	115	60	0.5	primary
1	Lymph node metastasis, left cervical node	6	656	RBFOX1	144	47	0.5	metastasis
2	Locoregional skin metastasis, left ear	6	656	RBFOX1	187	41	0.5	metastasis
3	Distant skin metastasis, back	6	656	RBFOX1	128	37	0.5	metastasis
0	Primary, left ear	1	657	EPS15L1	86	45	0.5	primary
1	Lymph node metastasis, left cervical node	1	657	EPS15L1	135	40	0.5	metastasis
2	Locoregional skin metastasis, left ear	1	657	EPS15L1	149	33	0.5	metastasis
3	Distant skin metastasis, back	1	657	EPS15L1	96	39	0.5	metastasis
0	Primary, left ear	2	658	RBM4	208	79	0.5	primary
1	Lymph node metastasis, left cervical node	2	658	RBM4	225	97	0.5	metastasis
2	Locoregional skin metastasis, left ear	2	658	RBM4	278	76	0.5	metastasis
3	Distant skin metastasis, back	2	658	RBM4	231	82	0.5	metastasis
0	Primary, left ear	2	659	LOC388946	43	21	0.5	primary
1	Lymph node metastasis, left cervical node	2	659	LOC388946	44	12	0.5	metastasis
2	Locoregional skin metastasis, left ear	2	659	LOC388946	54	16	0.5	metastasis
3	Distant skin metastasis, back	2	659	LOC388946	49	16	0.5	metastasis
0	Primary, left ear	2	660	CD1E	43	14	0.5	primary
1	Lymph node metastasis, left cervical node	2	660	CD1E	62	26	0.5	metastasis
2	Locoregional skin metastasis, left ear	2	660	CD1E	26	8	0.5	metastasis
3	Distant skin metastasis, back	2	660	CD1E	48	23	0.5	metastasis
0	Primary, left ear	6	661	LIPF	98	43	0.5	primary
1	Lymph node metastasis, left cervical node	6	661	LIPF	106	31	0.5	metastasis
2	Locoregional skin metastasis, left ear	6	661	LIPF	96	19	0.5	metastasis
3	Distant skin metastasis, back	6	661	LIPF	101	29	0.5	metastasis
0	Primary, left ear	4	662	MAGI1	24	9	0.5	primary
1	Lymph node metastasis, left cervical node	4	662	MAGI1	33	4	0.5	metastasis
2	Locoregional skin metastasis, left ear	4	662	MAGI1	12	0	0.5	metastasis
3	Distant skin metastasis, back	4	662	MAGI1	38	9	0.5	metastasis
0	Primary, left ear	7	663	FLG	61	27	0.5	primary
1	Lymph node metastasis, left cervical node	7	663	FLG	52	17	0.5	metastasis
2	Locoregional skin metastasis, left ear	7	663	FLG	84	13	0.5	metastasis
3	Distant skin metastasis, back	7	663	FLG	44	11	0.5	metastasis
0	Primary, left ear	2	664	COMMD8	54	23	0.5	primary
1	Lymph node metastasis, left cervical node	2	664	COMMD8	35	12	0.5	metastasis
2	Locoregional skin metastasis, left ear	2	664	COMMD8	73	22	0.5	metastasis
3	Distant skin metastasis, back	2	664	COMMD8	70	37	0.5	metastasis
0	Primary, left ear	2	665	SRRM4	34	23	0.5	primary
1	Lymph node metastasis, left cervical node	2	665	SRRM4	43	28	0.5	metastasis
2	Locoregional skin metastasis, left ear	2	665	SRRM4	60	15	0.5	metastasis
3	Distant skin metastasis, back	2	665	SRRM4	44	15	0.5	metastasis
0	Primary, left ear	2	666	OR5B2	143	73	0.5	primary
1	Lymph node metastasis, left cervical node	2	666	OR5B2	152	55	0.5	metastasis
2	Locoregional skin metastasis, left ear	2	666	OR5B2	134	40	0.5	metastasis
3	Distant skin metastasis, back	2	666	OR5B2	116	48	0.5	metastasis
0	Primary, left ear	2	667	ACTL7B	181	92	0.5	primary
1	Lymph node metastasis, left cervical node	2	667	ACTL7B	208	95	0.5	metastasis
2	Locoregional skin metastasis, left ear	2	667	ACTL7B	255	62	0.5	metastasis
3	Distant skin metastasis, back	2	667	ACTL7B	184	51	0.5	metastasis
0	Primary, left ear	2	668	OR51B2	110	54	0.5	primary
1	Lymph node metastasis, left cervical node	2	668	OR51B2	110	33	0.5	metastasis
2	Locoregional skin metastasis, left ear	2	668	OR51B2	40	13	0.5	metastasis
3	Distant skin metastasis, back	2	668	OR51B2	109	42	0.5	metastasis
0	Primary, left ear	8	669	ARHGAP17	43	0	0.5	primary
1	Lymph node metastasis, left cervical node	8	669	ARHGAP17	51	0	0.5	metastasis
2	Locoregional skin metastasis, left ear	8	669	ARHGAP17	34	0	0.5	metastasis
3	Distant skin metastasis, back	8	669	ARHGAP17	29	4	0.5	metastasis
0	Primary, left ear	2	670	DNAH14	82	50	0.5	primary
1	Lymph node metastasis, left cervical node	2	670	DNAH14	93	40	0.5	metastasis
2	Locoregional skin metastasis, left ear	2	670	DNAH14	32	2	0.5	metastasis
3	Distant skin metastasis, back	2	670	DNAH14	89	39	0.5	metastasis
0	Primary, left ear	6	671	CLEC4M	117	58	0.5	primary
1	Lymph node metastasis, left cervical node	6	671	CLEC4M	152	48	0.5	metastasis
2	Locoregional skin metastasis, left ear	6	671	CLEC4M	140	20	0.5	metastasis
3	Distant skin metastasis, back	6	671	CLEC4M	124	43	0.5	metastasis
0	Primary, left ear	8	672	FBXO18	150	0	0.5	primary
1	Lymph node metastasis, left cervical node	8	672	FBXO18	184	0	0.5	metastasis
2	Locoregional skin metastasis, left ear	8	672	FBXO18	129	0	0.5	metastasis
3	Distant skin metastasis, back	8	672	FBXO18	129	21	0.5	metastasis
0	Primary, left ear	6	673	METTL16	230	139	0.5	primary
1	Lymph node metastasis, left cervical node	6	673	METTL16	316	90	0.5	metastasis
2	Locoregional skin metastasis, left ear	6	673	METTL16	302	77	0.5	metastasis
3	Distant skin metastasis, back	6	673	METTL16	311	97	0.5	metastasis
0	Primary, left ear	6	674	OR5T3	97	52	0.5	primary
1	Lymph node metastasis, left cervical node	6	674	OR5T3	100	24	0.5	metastasis
2	Locoregional skin metastasis, left ear	6	674	OR5T3	46	7	0.5	metastasis
3	Distant skin metastasis, back	6	674	OR5T3	98	33	0.5	metastasis
0	Primary, left ear	2	675	FAM71D	240	141	0.5	primary
1	Lymph node metastasis, left cervical node	2	675	FAM71D	335	146	0.5	metastasis
2	Locoregional skin metastasis, left ear	2	675	FAM71D	435	104	0.5	metastasis
3	Distant skin metastasis, back	2	675	FAM71D	288	98	0.5	metastasis
0	Primary, left ear	2	676	RAB11B	37	22	0.5	primary
1	Lymph node metastasis, left cervical node	2	676	RAB11B	65	23	0.5	metastasis
2	Locoregional skin metastasis, left ear	2	676	RAB11B	66	21	0.5	metastasis
3	Distant skin metastasis, back	2	676	RAB11B	38	37	0.5	metastasis
0	Primary, left ear	2	677	PHRF1	85	29	0.5	primary
1	Lymph node metastasis, left cervical node	2	677	PHRF1	80	46	0.5	metastasis
2	Locoregional skin metastasis, left ear	2	677	PHRF1	124	37	0.5	metastasis
3	Distant skin metastasis, back	2	677	PHRF1	73	33	0.5	metastasis
0	Primary, left ear	2	678	SLC5A7	152	73	0.5	primary
1	Lymph node metastasis, left cervical node	2	678	SLC5A7	150	73	0.5	metastasis
2	Locoregional skin metastasis, left ear	2	678	SLC5A7	124	34	0.5	metastasis
3	Distant skin metastasis, back	2	678	SLC5A7	140	47	0.5	metastasis
0	Primary, left ear	2	679	OR52I2	45	19	0.5	primary
1	Lymph node metastasis, left cervical node	2	679	OR52I2	31	14	0.5	metastasis
2	Locoregional skin metastasis, left ear	2	679	OR52I2	46	15	0.5	metastasis
3	Distant skin metastasis, back	2	679	OR52I2	37	10	0.5	metastasis
0	Primary, left ear	2	680	ANG	26	19	0.5	primary
1	Lymph node metastasis, left cervical node	2	680	ANG	37	19	0.5	metastasis
2	Locoregional skin metastasis, left ear	2	680	ANG	47	12	0.5	metastasis
3	Distant skin metastasis, back	2	680	ANG	44	12	0.5	metastasis
0	Primary, left ear	1	681	N4BP2	80	32	0.5	primary
1	Lymph node metastasis, left cervical node	1	681	N4BP2	117	23	0.5	metastasis
2	Locoregional skin metastasis, left ear	1	681	N4BP2	50	15	0.5	metastasis
3	Distant skin metastasis, back	1	681	N4BP2	94	48	0.5	metastasis
0	Primary, left ear	2	682	ZNF280A	99	57	0.5	primary
1	Lymph node metastasis, left cervical node	2	682	ZNF280A	140	41	0.5	metastasis
2	Locoregional skin metastasis, left ear	2	682	ZNF280A	176	40	0.5	metastasis
3	Distant skin metastasis, back	2	682	ZNF280A	123	48	0.5	metastasis
0	Primary, left ear	2	683	OR13G1	69	21	0.5	primary
1	Lymph node metastasis, left cervical node	2	683	OR13G1	76	29	0.5	metastasis
2	Locoregional skin metastasis, left ear	2	683	OR13G1	42	12	0.5	metastasis
3	Distant skin metastasis, back	2	683	OR13G1	75	28	0.5	metastasis
0	Primary, left ear	2	684	VNN1	198	99	0.5	primary
1	Lymph node metastasis, left cervical node	2	684	VNN1	243	89	0.5	metastasis
2	Locoregional skin metastasis, left ear	2	684	VNN1	145	43	0.5	metastasis
3	Distant skin metastasis, back	2	684	VNN1	178	85	0.5	metastasis
0	Primary, left ear	7	685	ANK3	330	112	0.5	primary
1	Lymph node metastasis, left cervical node	7	685	ANK3	323	117	0.5	metastasis
2	Locoregional skin metastasis, left ear	7	685	ANK3	319	76	0.5	metastasis
3	Distant skin metastasis, back	7	685	ANK3	322	96	0.5	metastasis
0	Primary, left ear	7	686	HSD17B2	38	12	0.5	primary
1	Lymph node metastasis, left cervical node	7	686	HSD17B2	22	12	0.5	metastasis
2	Locoregional skin metastasis, left ear	7	686	HSD17B2	19	5	0.5	metastasis
3	Distant skin metastasis, back	7	686	HSD17B2	30	8	0.5	metastasis
0	Primary, left ear	4	687	MPP7	53	13	0.5	primary
1	Lymph node metastasis, left cervical node	4	687	MPP7	38	11	0.5	metastasis
2	Locoregional skin metastasis, left ear	4	687	MPP7	21	3	0.5	metastasis
3	Distant skin metastasis, back	4	687	MPP7	42	15	0.5	metastasis
0	Primary, left ear	7	688	HIPK1	291	146	0.5	primary
1	Lymph node metastasis, left cervical node	7	688	HIPK1	337	155	0.5	metastasis
2	Locoregional skin metastasis, left ear	7	688	HIPK1	206	39	0.5	metastasis
3	Distant skin metastasis, back	7	688	HIPK1	314	99	0.5	metastasis
0	Primary, left ear	7	689	CAD	78	24	0.5	primary
1	Lymph node metastasis, left cervical node	7	689	CAD	60	28	0.5	metastasis
2	Locoregional skin metastasis, left ear	7	689	CAD	63	19	0.5	metastasis
3	Distant skin metastasis, back	7	689	CAD	60	14	0.5	metastasis
0	Primary, left ear	2	690	PPY2	137	85	0.5	primary
1	Lymph node metastasis, left cervical node	2	690	PPY2	196	65	0.5	metastasis
2	Locoregional skin metastasis, left ear	2	690	PPY2	226	40	0.5	metastasis
3	Distant skin metastasis, back	2	690	PPY2	167	65	0.5	metastasis
0	Primary, left ear	7	691	DSCAM	130	47	0.5	primary
1	Lymph node metastasis, left cervical node	7	691	DSCAM	151	68	0.5	metastasis
2	Locoregional skin metastasis, left ear	7	691	DSCAM	99	18	0.5	metastasis
3	Distant skin metastasis, back	7	691	DSCAM	115	30	0.5	metastasis
0	Primary, left ear	6	692	MUC2	183	93	0.5	primary
1	Lymph node metastasis, left cervical node	6	692	MUC2	269	71	0.5	metastasis
2	Locoregional skin metastasis, left ear	6	692	MUC2	269	77	0.5	metastasis
3	Distant skin metastasis, back	6	692	MUC2	240	74	0.5	metastasis
0	Primary, left ear	4	693	EHD3	168	59	0.5	primary
1	Lymph node metastasis, left cervical node	4	693	EHD3	143	44	0.5	metastasis
2	Locoregional skin metastasis, left ear	4	693	EHD3	193	39	0.5	metastasis
3	Distant skin metastasis, back	4	693	EHD3	139	47	0.5	metastasis
0	Primary, left ear	7	694	ATG4C	64	41	0.5	primary
1	Lymph node metastasis, left cervical node	7	694	ATG4C	81	38	0.5	metastasis
2	Locoregional skin metastasis, left ear	7	694	ATG4C	45	16	0.5	metastasis
3	Distant skin metastasis, back	7	694	ATG4C	106	17	0.5	metastasis
0	Primary, left ear	7	695	SLC9A10	103	28	0.5	primary
1	Lymph node metastasis, left cervical node	7	695	SLC9A10	95	39	0.5	metastasis
2	Locoregional skin metastasis, left ear	7	695	SLC9A10	34	8	0.5	metastasis
3	Distant skin metastasis, back	7	695	SLC9A10	86	27	0.5	metastasis
0	Primary, left ear	6	696	COL8A2	143	89	0.5	primary
1	Lymph node metastasis, left cervical node	6	696	COL8A2	208	67	0.5	metastasis
2	Locoregional skin metastasis, left ear	6	696	COL8A2	154	36	0.5	metastasis
3	Distant skin metastasis, back	6	696	COL8A2	229	69	0.5	metastasis
0	Primary, left ear	7	697	FLG	122	48	0.5	primary
1	Lymph node metastasis, left cervical node	7	697	FLG	95	52	0.5	metastasis
2	Locoregional skin metastasis, left ear	7	697	FLG	162	43	0.5	metastasis
3	Distant skin metastasis, back	7	697	FLG	135	35	0.5	metastasis
0	Primary, left ear	2	698	FH	67	23	0.5	primary
1	Lymph node metastasis, left cervical node	2	698	FH	76	42	0.5	metastasis
2	Locoregional skin metastasis, left ear	2	698	FH	18	9	0.5	metastasis
3	Distant skin metastasis, back	2	698	FH	51	14	0.5	metastasis
0	Primary, left ear	1	699	TMPRSS7	73	22	0.5	primary
1	Lymph node metastasis, left cervical node	1	699	TMPRSS7	76	23	0.5	metastasis
2	Locoregional skin metastasis, left ear	1	699	TMPRSS7	71	19	0.5	metastasis
3	Distant skin metastasis, back	1	699	TMPRSS7	73	26	0.5	metastasis
0	Primary, left ear	7	700	CXCR1	292	124	0.5	primary
1	Lymph node metastasis, left cervical node	7	700	CXCR1	291	117	0.5	metastasis
2	Locoregional skin metastasis, left ear	7	700	CXCR1	256	42	0.5	metastasis
3	Distant skin metastasis, back	7	700	CXCR1	307	107	0.5	metastasis
0	Primary, left ear	2	701	FAM171A1	187	86	0.5	primary
1	Lymph node metastasis, left cervical node	2	701	FAM171A1	232	102	0.5	metastasis
2	Locoregional skin metastasis, left ear	2	701	FAM171A1	314	100	0.5	metastasis
3	Distant skin metastasis, back	2	701	FAM171A1	233	90	0.5	metastasis
0	Primary, left ear	3	702	DNAH9	56	14	0.5	primary
1	Lymph node metastasis, left cervical node	3	702	DNAH9	71	24	0.5	metastasis
2	Locoregional skin metastasis, left ear	3	702	DNAH9	61	11	0.5	metastasis
3	Distant skin metastasis, back	3	702	DNAH9	74	15	0.5	metastasis
0	Primary, left ear	1	703	CACNA1H	132	64	0.5	primary
1	Lymph node metastasis, left cervical node	1	703	CACNA1H	120	38	0.5	metastasis
2	Locoregional skin metastasis, left ear	1	703	CACNA1H	215	46	0.5	metastasis
3	Distant skin metastasis, back	1	703	CACNA1H	135	65	0.5	metastasis
0	Primary, left ear	2	704	SETD1A	321	190	0.5	primary
1	Lymph node metastasis, left cervical node	2	704	SETD1A	489	188	0.5	metastasis
2	Locoregional skin metastasis, left ear	2	704	SETD1A	387	91	0.5	metastasis
3	Distant skin metastasis, back	2	704	SETD1A	400	170	0.5	metastasis
0	Primary, left ear	4	705	EXOC3L1	233	81	0.5	primary
1	Lymph node metastasis, left cervical node	4	705	EXOC3L1	245	55	0.5	metastasis
2	Locoregional skin metastasis, left ear	4	705	EXOC3L1	253	54	0.5	metastasis
3	Distant skin metastasis, back	4	705	EXOC3L1	267	87	0.5	metastasis
0	Primary, left ear	3	706	LRP2	51	19	0.5	primary
1	Lymph node metastasis, left cervical node	3	706	LRP2	47	10	0.5	metastasis
2	Locoregional skin metastasis, left ear	3	706	LRP2	41	9	0.5	metastasis
3	Distant skin metastasis, back	3	706	LRP2	54	8	0.5	metastasis
0	Primary, left ear	7	707	COL5A1	220	114	0.5	primary
1	Lymph node metastasis, left cervical node	7	707	COL5A1	191	75	0.5	metastasis
2	Locoregional skin metastasis, left ear	7	707	COL5A1	197	25	0.5	metastasis
3	Distant skin metastasis, back	7	707	COL5A1	203	70	0.5	metastasis
0	Primary, left ear	2	708	ANO3	310	142	0.5	primary
1	Lymph node metastasis, left cervical node	2	708	ANO3	308	117	0.5	metastasis
2	Locoregional skin metastasis, left ear	2	708	ANO3	172	26	0.5	metastasis
3	Distant skin metastasis, back	2	708	ANO3	257	106	0.5	metastasis
0	Primary, left ear	2	709	FN1	113	56	0.5	primary
1	Lymph node metastasis, left cervical node	2	709	FN1	128	36	0.5	metastasis
2	Locoregional skin metastasis, left ear	2	709	FN1	82	27	0.5	metastasis
3	Distant skin metastasis, back	2	709	FN1	128	48	0.5	metastasis
0	Primary, left ear	2	710	IPO13	48	15	0.5	primary
1	Lymph node metastasis, left cervical node	2	710	IPO13	53	18	0.5	metastasis
2	Locoregional skin metastasis, left ear	2	710	IPO13	52	13	0.5	metastasis
3	Distant skin metastasis, back	2	710	IPO13	34	23	0.5	metastasis
0	Primary, left ear	4	711	LLGL2	172	60	0.5	primary
1	Lymph node metastasis, left cervical node	4	711	LLGL2	174	47	0.5	metastasis
2	Locoregional skin metastasis, left ear	4	711	LLGL2	183	30	0.5	metastasis
3	Distant skin metastasis, back	4	711	LLGL2	165	44	0.5	metastasis
0	Primary, left ear	7	712	CETP	105	31	0.5	primary
1	Lymph node metastasis, left cervical node	7	712	CETP	102	52	0.5	metastasis
2	Locoregional skin metastasis, left ear	7	712	CETP	114	22	0.5	metastasis
3	Distant skin metastasis, back	7	712	CETP	103	28	0.5	metastasis
0	Primary, left ear	6	713	PDYN	56	20	0.5	primary
1	Lymph node metastasis, left cervical node	6	713	PDYN	82	20	0.5	metastasis
2	Locoregional skin metastasis, left ear	6	713	PDYN	57	17	0.5	metastasis
3	Distant skin metastasis, back	6	713	PDYN	78	23	0.5	metastasis
0	Primary, left ear	2	714	TLE2	14	7	0.5	primary
1	Lymph node metastasis, left cervical node	2	714	TLE2	30	6	0.5	metastasis
2	Locoregional skin metastasis, left ear	2	714	TLE2	13	4	0.5	metastasis
3	Distant skin metastasis, back	2	714	TLE2	16	9	0.5	metastasis
0	Primary, left ear	0	715	CCNK	38	0	0.5	primary
1	Lymph node metastasis, left cervical node	0	715	CCNK	65	0	0.5	metastasis
2	Locoregional skin metastasis, left ear	0	715	CCNK	26	4	0.5	metastasis
3	Distant skin metastasis, back	0	715	CCNK	34	0	0.5	metastasis
0	Primary, left ear	2	716	HCAR1	57	24	0.5	primary
1	Lymph node metastasis, left cervical node	2	716	HCAR1	63	25	0.5	metastasis
2	Locoregional skin metastasis, left ear	2	716	HCAR1	70	24	0.5	metastasis
3	Distant skin metastasis, back	2	716	HCAR1	71	25	0.5	metastasis
0	Primary, left ear	3	717	XYLT1	175	72	0.5	primary
1	Lymph node metastasis, left cervical node	3	717	XYLT1	195	78	0.5	metastasis
2	Locoregional skin metastasis, left ear	3	717	XYLT1	240	60	0.5	metastasis
3	Distant skin metastasis, back	3	717	XYLT1	174	29	0.5	metastasis
0	Primary, left ear	2	718	MMP11	162	85	0.5	primary
1	Lymph node metastasis, left cervical node	2	718	MMP11	179	63	0.5	metastasis
2	Locoregional skin metastasis, left ear	2	718	MMP11	241	43	0.5	metastasis
3	Distant skin metastasis, back	2	718	MMP11	213	97	0.5	metastasis
0	Primary, left ear	1	719	SLC9A4	126	51	0.5	primary
1	Lymph node metastasis, left cervical node	1	719	SLC9A4	145	29	0.5	metastasis
2	Locoregional skin metastasis, left ear	1	719	SLC9A4	226	40	0.5	metastasis
3	Distant skin metastasis, back	1	719	SLC9A4	109	44	0.5	metastasis
0	Primary, left ear	6	720	FMO2	198	99	0.5	primary
1	Lymph node metastasis, left cervical node	6	720	FMO2	234	71	0.5	metastasis
2	Locoregional skin metastasis, left ear	6	720	FMO2	110	27	0.5	metastasis
3	Distant skin metastasis, back	6	720	FMO2	229	69	0.5	metastasis
0	Primary, left ear	2	721	TJP3	10	9	0.5	primary
1	Lymph node metastasis, left cervical node	2	721	TJP3	18	14	0.5	metastasis
2	Locoregional skin metastasis, left ear	2	721	TJP3	34	12	0.5	metastasis
3	Distant skin metastasis, back	2	721	TJP3	23	16	0.5	metastasis
0	Primary, left ear	2	722	SMYD1	92	40	0.5	primary
1	Lymph node metastasis, left cervical node	2	722	SMYD1	118	47	0.5	metastasis
2	Locoregional skin metastasis, left ear	2	722	SMYD1	169	34	0.5	metastasis
3	Distant skin metastasis, back	2	722	SMYD1	85	39	0.5	metastasis
0	Primary, left ear	4	723	C2CD3	93	26	0.5	primary
1	Lymph node metastasis, left cervical node	4	723	C2CD3	108	36	0.5	metastasis
2	Locoregional skin metastasis, left ear	4	723	C2CD3	56	12	0.5	metastasis
3	Distant skin metastasis, back	4	723	C2CD3	72	23	0.5	metastasis
0	Primary, left ear	7	724	SLC8A3	93	48	0.5	primary
1	Lymph node metastasis, left cervical node	7	724	SLC8A3	83	37	0.5	metastasis
2	Locoregional skin metastasis, left ear	7	724	SLC8A3	70	17	0.5	metastasis
3	Distant skin metastasis, back	7	724	SLC8A3	92	19	0.5	metastasis
0	Primary, left ear	2	725	CUBN	18	12	0.5	primary
1	Lymph node metastasis, left cervical node	2	725	CUBN	29	4	0.5	metastasis
2	Locoregional skin metastasis, left ear	2	725	CUBN	25	9	0.5	metastasis
3	Distant skin metastasis, back	2	725	CUBN	29	12	0.5	metastasis
0	Primary, left ear	4	726	OR4K1	501	127	0.5	primary
1	Lymph node metastasis, left cervical node	4	726	OR4K1	453	105	0.5	metastasis
2	Locoregional skin metastasis, left ear	4	726	OR4K1	330	56	0.5	metastasis
3	Distant skin metastasis, back	4	726	OR4K1	412	113	0.5	metastasis
0	Primary, left ear	1	727	OR2G6	261	107	0.5	primary
1	Lymph node metastasis, left cervical node	1	727	OR2G6	286	95	0.5	metastasis
2	Locoregional skin metastasis, left ear	1	727	OR2G6	194	40	0.5	metastasis
3	Distant skin metastasis, back	1	727	OR2G6	211	79	0.5	metastasis
0	Primary, left ear	6	728	SCUBE1	628	319	0.5	primary
1	Lymph node metastasis, left cervical node	6	728	SCUBE1	822	257	0.5	metastasis
2	Locoregional skin metastasis, left ear	6	728	SCUBE1	731	162	0.5	metastasis
3	Distant skin metastasis, back	6	728	SCUBE1	702	252	0.5	metastasis
0	Primary, left ear	1	729	OR4C11	62	29	0.5	primary
1	Lymph node metastasis, left cervical node	1	729	OR4C11	82	23	0.5	metastasis
2	Locoregional skin metastasis, left ear	1	729	OR4C11	41	5	0.5	metastasis
3	Distant skin metastasis, back	1	729	OR4C11	47	21	0.5	metastasis
0	Primary, left ear	2	730	ADORA3	245	150	0.5	primary
1	Lymph node metastasis, left cervical node	2	730	ADORA3	298	103	0.5	metastasis
2	Locoregional skin metastasis, left ear	2	730	ADORA3	304	103	0.5	metastasis
3	Distant skin metastasis, back	2	730	ADORA3	247	109	0.5	metastasis
0	Primary, left ear	2	731	RTN4IP1	130	70	0.5	primary
1	Lymph node metastasis, left cervical node	2	731	RTN4IP1	124	56	0.5	metastasis
2	Locoregional skin metastasis, left ear	2	731	RTN4IP1	79	9	0.5	metastasis
3	Distant skin metastasis, back	2	731	RTN4IP1	135	60	0.5	metastasis
0	Primary, left ear	2	732	MEFV	104	42	0.5	primary
1	Lymph node metastasis, left cervical node	2	732	MEFV	135	61	0.5	metastasis
2	Locoregional skin metastasis, left ear	2	732	MEFV	137	49	0.5	metastasis
3	Distant skin metastasis, back	2	732	MEFV	121	43	0.5	metastasis
0	Primary, left ear	2	733	XIRP2	157	84	0.5	primary
1	Lymph node metastasis, left cervical node	2	733	XIRP2	181	60	0.5	metastasis
2	Locoregional skin metastasis, left ear	2	733	XIRP2	89	18	0.5	metastasis
3	Distant skin metastasis, back	2	733	XIRP2	169	68	0.5	metastasis
0	Primary, left ear	4	734	RET	149	62	0.5	primary
1	Lymph node metastasis, left cervical node	4	734	RET	196	43	0.5	metastasis
2	Locoregional skin metastasis, left ear	4	734	RET	247	50	0.5	metastasis
3	Distant skin metastasis, back	4	734	RET	150	42	0.5	metastasis
0	Primary, left ear	4	735	SYCP1	30	4	0.5	primary
1	Lymph node metastasis, left cervical node	4	735	SYCP1	32	10	0.5	metastasis
2	Locoregional skin metastasis, left ear	4	735	SYCP1	14	2	0.5	metastasis
3	Distant skin metastasis, back	4	735	SYCP1	41	10	0.5	metastasis
0	Primary, left ear	7	736	MUC16	181	85	0.5	primary
1	Lymph node metastasis, left cervical node	7	736	MUC16	247	100	0.5	metastasis
2	Locoregional skin metastasis, left ear	7	736	MUC16	173	33	0.5	metastasis
3	Distant skin metastasis, back	7	736	MUC16	186	59	0.5	metastasis
0	Primary, left ear	2	737	CSMD2	184	85	0.5	primary
1	Lymph node metastasis, left cervical node	2	737	CSMD2	194	75	0.5	metastasis
2	Locoregional skin metastasis, left ear	2	737	CSMD2	170	40	0.5	metastasis
3	Distant skin metastasis, back	2	737	CSMD2	168	101	0.5	metastasis
0	Primary, left ear	6	738	ACE	111	64	0.5	primary
1	Lymph node metastasis, left cervical node	6	738	ACE	180	56	0.5	metastasis
2	Locoregional skin metastasis, left ear	6	738	ACE	224	42	0.5	metastasis
3	Distant skin metastasis, back	6	738	ACE	159	49	0.5	metastasis
0	Primary, left ear	6	739	PDE4C	25	12	0.5	primary
1	Lymph node metastasis, left cervical node	6	739	PDE4C	35	5	0.5	metastasis
2	Locoregional skin metastasis, left ear	6	739	PDE4C	44	18	0.5	metastasis
3	Distant skin metastasis, back	6	739	PDE4C	35	9	0.5	metastasis
0	Primary, left ear	7	740	DUSP27	80	23	0.5	primary
1	Lymph node metastasis, left cervical node	7	740	DUSP27	92	35	0.5	metastasis
2	Locoregional skin metastasis, left ear	7	740	DUSP27	98	28	0.5	metastasis
3	Distant skin metastasis, back	7	740	DUSP27	73	24	0.5	metastasis
0	Primary, left ear	2	741	FASTKD2	289	150	0.5	primary
1	Lymph node metastasis, left cervical node	2	741	FASTKD2	316	107	0.5	metastasis
2	Locoregional skin metastasis, left ear	2	741	FASTKD2	160	34	0.5	metastasis
3	Distant skin metastasis, back	2	741	FASTKD2	328	139	0.5	metastasis
0	Primary, left ear	2	742	FOXI3	30	18	0.5	primary
1	Lymph node metastasis, left cervical node	2	742	FOXI3	31	12	0.5	metastasis
2	Locoregional skin metastasis, left ear	2	742	FOXI3	61	17	0.5	metastasis
3	Distant skin metastasis, back	2	742	FOXI3	37	12	0.5	metastasis
0	Primary, left ear	2	743	KRTAP10-5	195	90	0.5	primary
1	Lymph node metastasis, left cervical node	2	743	KRTAP10-5	253	105	0.5	metastasis
2	Locoregional skin metastasis, left ear	2	743	KRTAP10-5	225	58	0.5	metastasis
3	Distant skin metastasis, back	2	743	KRTAP10-5	216	77	0.5	metastasis
0	Primary, left ear	2	744	ANO9	58	34	0.5	primary
1	Lymph node metastasis, left cervical node	2	744	ANO9	88	32	0.5	metastasis
2	Locoregional skin metastasis, left ear	2	744	ANO9	91	21	0.5	metastasis
3	Distant skin metastasis, back	2	744	ANO9	92	45	0.5	metastasis
0	Primary, left ear	2	745	HEYL	77	47	0.5	primary
1	Lymph node metastasis, left cervical node	2	745	HEYL	96	32	0.5	metastasis
2	Locoregional skin metastasis, left ear	2	745	HEYL	89	28	0.5	metastasis
3	Distant skin metastasis, back	2	745	HEYL	100	29	0.5	metastasis
0	Primary, left ear	7	746	TTN	480	193	0.5	primary
1	Lymph node metastasis, left cervical node	7	746	TTN	425	151	0.5	metastasis
2	Locoregional skin metastasis, left ear	7	746	TTN	224	53	0.5	metastasis
3	Distant skin metastasis, back	7	746	TTN	377	124	0.5	metastasis
0	Primary, left ear	7	747	OBSCN	224	102	0.5	primary
1	Lymph node metastasis, left cervical node	7	747	OBSCN	233	101	0.5	metastasis
2	Locoregional skin metastasis, left ear	7	747	OBSCN	282	64	0.5	metastasis
3	Distant skin metastasis, back	7	747	OBSCN	214	67	0.5	metastasis
0	Primary, left ear	1	748	STXBP5L	115	37	0.5	primary
1	Lymph node metastasis, left cervical node	1	748	STXBP5L	97	30	0.5	metastasis
2	Locoregional skin metastasis, left ear	1	748	STXBP5L	29	13	0.5	metastasis
3	Distant skin metastasis, back	1	748	STXBP5L	91	36	0.5	metastasis
0	Primary, left ear	1	749	PKD1L2	111	35	0.5	primary
1	Lymph node metastasis, left cervical node	1	749	PKD1L2	122	26	0.5	metastasis
2	Locoregional skin metastasis, left ear	1	749	PKD1L2	125	25	0.5	metastasis
3	Distant skin metastasis, back	1	749	PKD1L2	98	45	0.5	metastasis
0	Primary, left ear	2	750	SOS2	159	91	0.5	primary
1	Lymph node metastasis, left cervical node	2	750	SOS2	193	86	0.5	metastasis
2	Locoregional skin metastasis, left ear	2	750	SOS2	69	28	0.5	metastasis
3	Distant skin metastasis, back	2	750	SOS2	172	60	0.5	metastasis
0	Primary, left ear	2	751	SCN3A	47	16	0.5	primary
1	Lymph node metastasis, left cervical node	2	751	SCN3A	44	16	0.5	metastasis
2	Locoregional skin metastasis, left ear	2	751	SCN3A	25	9	0.5	metastasis
3	Distant skin metastasis, back	2	751	SCN3A	35	17	0.5	metastasis
0	Primary, left ear	4	752	ACSL5	41	16	0.5	primary
1	Lymph node metastasis, left cervical node	4	752	ACSL5	48	10	0.5	metastasis
2	Locoregional skin metastasis, left ear	4	752	ACSL5	11	2	0.5	metastasis
3	Distant skin metastasis, back	4	752	ACSL5	41	7	0.5	metastasis
0	Primary, left ear	7	753	C11orf85	48	14	0.5	primary
1	Lymph node metastasis, left cervical node	7	753	C11orf85	51	15	0.5	metastasis
2	Locoregional skin metastasis, left ear	7	753	C11orf85	21	8	0.5	metastasis
3	Distant skin metastasis, back	7	753	C11orf85	46	12	0.5	metastasis
0	Primary, left ear	2	754	PLEK	37	30	0.5	primary
1	Lymph node metastasis, left cervical node	2	754	PLEK	40	22	0.5	metastasis
2	Locoregional skin metastasis, left ear	2	754	PLEK	27	10	0.5	metastasis
3	Distant skin metastasis, back	2	754	PLEK	42	17	0.5	metastasis
0	Primary, left ear	2	755	SCN7A	175	85	0.5	primary
1	Lymph node metastasis, left cervical node	2	755	SCN7A	156	57	0.5	metastasis
2	Locoregional skin metastasis, left ear	2	755	SCN7A	130	18	0.5	metastasis
3	Distant skin metastasis, back	2	755	SCN7A	172	74	0.5	metastasis
0	Primary, left ear	2	756	MYO18B	47	29	0.5	primary
1	Lymph node metastasis, left cervical node	2	756	MYO18B	59	18	0.5	metastasis
2	Locoregional skin metastasis, left ear	2	756	MYO18B	53	16	0.5	metastasis
3	Distant skin metastasis, back	2	756	MYO18B	54	21	0.5	metastasis
0	Primary, left ear	6	757	DNAH3	188	78	0.5	primary
1	Lymph node metastasis, left cervical node	6	757	DNAH3	229	60	0.5	metastasis
2	Locoregional skin metastasis, left ear	6	757	DNAH3	107	28	0.5	metastasis
3	Distant skin metastasis, back	6	757	DNAH3	187	46	0.5	metastasis
0	Primary, left ear	4	758	IRF6	221	82	0.5	primary
1	Lymph node metastasis, left cervical node	4	758	IRF6	245	52	0.5	metastasis
2	Locoregional skin metastasis, left ear	4	758	IRF6	248	40	0.5	metastasis
3	Distant skin metastasis, back	4	758	IRF6	200	83	0.5	metastasis
0	Primary, left ear	7	759	C1orf173	71	31	0.5	primary
1	Lymph node metastasis, left cervical node	7	759	C1orf173	61	31	0.5	metastasis
2	Locoregional skin metastasis, left ear	7	759	C1orf173	31	11	0.5	metastasis
3	Distant skin metastasis, back	7	759	C1orf173	83	17	0.5	metastasis
0	Primary, left ear	7	760	OR1C1	75	27	0.5	primary
1	Lymph node metastasis, left cervical node	7	760	OR1C1	86	42	0.5	metastasis
2	Locoregional skin metastasis, left ear	7	760	OR1C1	121	23	0.5	metastasis
3	Distant skin metastasis, back	7	760	OR1C1	56	18	0.5	metastasis
0	Primary, left ear	1	761	ADORA3	106	43	0.5	primary
1	Lymph node metastasis, left cervical node	1	761	ADORA3	132	43	0.5	metastasis
2	Locoregional skin metastasis, left ear	1	761	ADORA3	110	27	0.5	metastasis
3	Distant skin metastasis, back	1	761	ADORA3	128	44	0.5	metastasis
0	Primary, left ear	2	762	SARDH	80	48	0.5	primary
1	Lymph node metastasis, left cervical node	2	762	SARDH	80	34	0.5	metastasis
2	Locoregional skin metastasis, left ear	2	762	SARDH	113	37	0.5	metastasis
3	Distant skin metastasis, back	2	762	SARDH	101	37	0.5	metastasis
0	Primary, left ear	2	763	ADCY10	84	49	0.5	primary
1	Lymph node metastasis, left cervical node	2	763	ADCY10	106	41	0.5	metastasis
2	Locoregional skin metastasis, left ear	2	763	ADCY10	34	12	0.5	metastasis
3	Distant skin metastasis, back	2	763	ADCY10	70	34	0.5	metastasis
0	Primary, left ear	1	764	RBM47	484	182	0.5	primary
1	Lymph node metastasis, left cervical node	1	764	RBM47	565	169	0.5	metastasis
2	Locoregional skin metastasis, left ear	1	764	RBM47	422	92	0.5	metastasis
3	Distant skin metastasis, back	1	764	RBM47	530	227	0.5	metastasis
0	Primary, left ear	7	765	ZNF624	136	41	0.5	primary
1	Lymph node metastasis, left cervical node	7	765	ZNF624	170	59	0.5	metastasis
2	Locoregional skin metastasis, left ear	7	765	ZNF624	73	17	0.5	metastasis
3	Distant skin metastasis, back	7	765	ZNF624	149	50	0.5	metastasis
0	Primary, left ear	2	766	MUC16	82	33	0.5	primary
1	Lymph node metastasis, left cervical node	2	766	MUC16	92	51	0.5	metastasis
2	Locoregional skin metastasis, left ear	2	766	MUC16	83	23	0.5	metastasis
3	Distant skin metastasis, back	2	766	MUC16	88	30	0.5	metastasis
0	Primary, left ear	2	767	CCDC73	97	52	0.5	primary
1	Lymph node metastasis, left cervical node	2	767	CCDC73	121	42	0.5	metastasis
2	Locoregional skin metastasis, left ear	2	767	CCDC73	37	9	0.5	metastasis
3	Distant skin metastasis, back	2	767	CCDC73	98	44	0.5	metastasis
0	Primary, left ear	1	768	PRPF8	163	54	0.5	primary
1	Lymph node metastasis, left cervical node	1	768	PRPF8	211	76	0.5	metastasis
2	Locoregional skin metastasis, left ear	1	768	PRPF8	158	34	0.5	metastasis
3	Distant skin metastasis, back	1	768	PRPF8	178	74	0.5	metastasis
0	Primary, left ear	7	769	RET	66	22	0.5	primary
1	Lymph node metastasis, left cervical node	7	769	RET	59	26	0.5	metastasis
2	Locoregional skin metastasis, left ear	7	769	RET	71	16	0.5	metastasis
3	Distant skin metastasis, back	7	769	RET	74	24	0.5	metastasis
0	Primary, left ear	2	770	LSS	72	32	0.5	primary
1	Lymph node metastasis, left cervical node	2	770	LSS	77	32	0.5	metastasis
2	Locoregional skin metastasis, left ear	2	770	LSS	88	23	0.5	metastasis
3	Distant skin metastasis, back	2	770	LSS	73	28	0.5	metastasis
0	Primary, left ear	2	771	PTPN2	22	9	0.5	primary
1	Lymph node metastasis, left cervical node	2	771	PTPN2	20	6	0.5	metastasis
2	Locoregional skin metastasis, left ear	2	771	PTPN2	10	7	0.5	metastasis
3	Distant skin metastasis, back	2	771	PTPN2	23	7	0.5	metastasis
0	Primary, left ear	7	772	SST	144	56	0.5	primary
1	Lymph node metastasis, left cervical node	7	772	SST	155	61	0.5	metastasis
2	Locoregional skin metastasis, left ear	7	772	SST	221	34	0.5	metastasis
3	Distant skin metastasis, back	7	772	SST	145	37	0.5	metastasis
0	Primary, left ear	2	773	HIVEP2	104	50	0.5	primary
1	Lymph node metastasis, left cervical node	2	773	HIVEP2	120	45	0.5	metastasis
2	Locoregional skin metastasis, left ear	2	773	HIVEP2	74	27	0.5	metastasis
3	Distant skin metastasis, back	2	773	HIVEP2	95	36	0.5	metastasis
0	Primary, left ear	4	774	TTN	72	25	0.5	primary
1	Lymph node metastasis, left cervical node	4	774	TTN	51	12	0.5	metastasis
2	Locoregional skin metastasis, left ear	4	774	TTN	24	7	0.5	metastasis
3	Distant skin metastasis, back	4	774	TTN	54	13	0.5	metastasis
0	Primary, left ear	4	775	USP40	178	58	0.5	primary
1	Lymph node metastasis, left cervical node	4	775	USP40	162	45	0.5	metastasis
2	Locoregional skin metastasis, left ear	4	775	USP40	115	24	0.5	metastasis
3	Distant skin metastasis, back	4	775	USP40	146	39	0.5	metastasis
0	Primary, left ear	1	776	OGDHL	106	39	0.5	primary
1	Lymph node metastasis, left cervical node	1	776	OGDHL	118	43	0.5	metastasis
2	Locoregional skin metastasis, left ear	1	776	OGDHL	125	25	0.5	metastasis
3	Distant skin metastasis, back	1	776	OGDHL	103	41	0.5	metastasis
0	Primary, left ear	2	777	C17orf66	130	46	0.5	primary
1	Lymph node metastasis, left cervical node	2	777	C17orf66	158	74	0.5	metastasis
2	Locoregional skin metastasis, left ear	2	777	C17orf66	129	36	0.5	metastasis
3	Distant skin metastasis, back	2	777	C17orf66	133	53	0.5	metastasis
0	Primary, left ear	1	778	G6PC	366	154	0.5	primary
1	Lymph node metastasis, left cervical node	1	778	G6PC	457	154	0.5	metastasis
2	Locoregional skin metastasis, left ear	1	778	G6PC	372	94	0.5	metastasis
3	Distant skin metastasis, back	1	778	G6PC	380	140	0.5	metastasis
0	Primary, left ear	4	779	UGT1A10	235	84	0.5	primary
1	Lymph node metastasis, left cervical node	4	779	UGT1A10	269	73	0.5	metastasis
2	Locoregional skin metastasis, left ear	4	779	UGT1A10	245	42	0.5	metastasis
3	Distant skin metastasis, back	4	779	UGT1A10	249	78	0.5	metastasis
0	Primary, left ear	6	780	ATCAY	79	50	0.5	primary
1	Lymph node metastasis, left cervical node	6	780	ATCAY	133	39	0.5	metastasis
2	Locoregional skin metastasis, left ear	6	780	ATCAY	130	33	0.5	metastasis
3	Distant skin metastasis, back	6	780	ATCAY	112	30	0.5	metastasis
0	Primary, left ear	2	781	HOXB8	130	58	0.5	primary
1	Lymph node metastasis, left cervical node	2	781	HOXB8	142	58	0.5	metastasis
2	Locoregional skin metastasis, left ear	2	781	HOXB8	214	43	0.5	metastasis
3	Distant skin metastasis, back	2	781	HOXB8	136	57	0.5	metastasis
0	Primary, left ear	4	782	TTN	397	160	0.5	primary
1	Lymph node metastasis, left cervical node	4	782	TTN	367	105	0.5	metastasis
2	Locoregional skin metastasis, left ear	4	782	TTN	167	37	0.5	metastasis
3	Distant skin metastasis, back	4	782	TTN	356	102	0.5	metastasis
0	Primary, left ear	2	783	PASK	53	10	0.5	primary
1	Lymph node metastasis, left cervical node	2	783	PASK	52	21	0.5	metastasis
2	Locoregional skin metastasis, left ear	2	783	PASK	57	14	0.5	metastasis
3	Distant skin metastasis, back	2	783	PASK	48	20	0.5	metastasis
0	Primary, left ear	6	784	CCNF	91	43	0.5	primary
1	Lymph node metastasis, left cervical node	6	784	CCNF	116	30	0.5	metastasis
2	Locoregional skin metastasis, left ear	6	784	CCNF	102	21	0.5	metastasis
3	Distant skin metastasis, back	6	784	CCNF	117	35	0.5	metastasis
0	Primary, left ear	2	785	WDR64	76	39	0.5	primary
1	Lymph node metastasis, left cervical node	2	785	WDR64	105	36	0.5	metastasis
2	Locoregional skin metastasis, left ear	2	785	WDR64	25	15	0.5	metastasis
3	Distant skin metastasis, back	2	785	WDR64	69	21	0.5	metastasis
0	Primary, left ear	2	786	FBXO21	79	33	0.5	primary
1	Lymph node metastasis, left cervical node	2	786	FBXO21	73	29	0.5	metastasis
2	Locoregional skin metastasis, left ear	2	786	FBXO21	39	13	0.5	metastasis
3	Distant skin metastasis, back	2	786	FBXO21	57	29	0.5	metastasis
0	Primary, left ear	2	787	MBD5	384	172	0.5	primary
1	Lymph node metastasis, left cervical node	2	787	MBD5	358	145	0.5	metastasis
2	Locoregional skin metastasis, left ear	2	787	MBD5	239	45	0.5	metastasis
3	Distant skin metastasis, back	2	787	MBD5	316	116	0.5	metastasis
0	Primary, left ear	1	788	PCDH15	474	221	0.5	primary
1	Lymph node metastasis, left cervical node	1	788	PCDH15	541	145	0.5	metastasis
2	Locoregional skin metastasis, left ear	1	788	PCDH15	605	132	0.5	metastasis
3	Distant skin metastasis, back	1	788	PCDH15	424	174	0.5	metastasis
0	Primary, left ear	2	789	FMN2	102	48	0.5	primary
1	Lymph node metastasis, left cervical node	2	789	FMN2	81	39	0.5	metastasis
2	Locoregional skin metastasis, left ear	2	789	FMN2	176	37	0.5	metastasis
3	Distant skin metastasis, back	2	789	FMN2	101	37	0.5	metastasis
0	Primary, left ear	4	790	OR51B2	165	61	0.5	primary
1	Lymph node metastasis, left cervical node	4	790	OR51B2	173	42	0.5	metastasis
2	Locoregional skin metastasis, left ear	4	790	OR51B2	57	17	0.5	metastasis
3	Distant skin metastasis, back	4	790	OR51B2	151	46	0.5	metastasis
0	Primary, left ear	2	791	SLC22A6	54	23	0.5	primary
1	Lymph node metastasis, left cervical node	2	791	SLC22A6	65	25	0.5	metastasis
2	Locoregional skin metastasis, left ear	2	791	SLC22A6	54	20	0.5	metastasis
3	Distant skin metastasis, back	2	791	SLC22A6	58	17	0.5	metastasis
0	Primary, left ear	2	792	COL10A1	349	157	0.5	primary
1	Lymph node metastasis, left cervical node	2	792	COL10A1	341	135	0.5	metastasis
2	Locoregional skin metastasis, left ear	2	792	COL10A1	374	88	0.5	metastasis
3	Distant skin metastasis, back	2	792	COL10A1	315	104	0.5	metastasis
0	Primary, left ear	6	793	LOXHD1	33	28	0.5	primary
1	Lymph node metastasis, left cervical node	6	793	LOXHD1	52	17	0.5	metastasis
2	Locoregional skin metastasis, left ear	6	793	LOXHD1	38	7	0.5	metastasis
3	Distant skin metastasis, back	6	793	LOXHD1	45	10	0.5	metastasis
0	Primary, left ear	2	794	STAB2	132	60	0.5	primary
1	Lymph node metastasis, left cervical node	2	794	STAB2	167	58	0.5	metastasis
2	Locoregional skin metastasis, left ear	2	794	STAB2	184	38	0.5	metastasis
3	Distant skin metastasis, back	2	794	STAB2	119	53	0.5	metastasis
0	Primary, left ear	6	795	OR1L3	527	246	0.5	primary
1	Lymph node metastasis, left cervical node	6	795	OR1L3	585	196	0.5	metastasis
2	Locoregional skin metastasis, left ear	6	795	OR1L3	291	58	0.5	metastasis
3	Distant skin metastasis, back	6	795	OR1L3	534	164	0.5	metastasis
0	Primary, left ear	2	796	ATRNL1	100	38	0.5	primary
1	Lymph node metastasis, left cervical node	2	796	ATRNL1	90	33	0.5	metastasis
2	Locoregional skin metastasis, left ear	2	796	ATRNL1	18	9	0.5	metastasis
3	Distant skin metastasis, back	2	796	ATRNL1	63	30	0.5	metastasis
0	Primary, left ear	2	797	GTF3C3	161	97	0.5	primary
1	Lymph node metastasis, left cervical node	2	797	GTF3C3	174	81	0.5	metastasis
2	Locoregional skin metastasis, left ear	2	797	GTF3C3	209	50	0.5	metastasis
3	Distant skin metastasis, back	2	797	GTF3C3	200	87	0.5	metastasis
0	Primary, left ear	4	798	NDUFS1	103	46	0.5	primary
1	Lymph node metastasis, left cervical node	4	798	NDUFS1	173	31	0.5	metastasis
2	Locoregional skin metastasis, left ear	4	798	NDUFS1	123	21	0.5	metastasis
3	Distant skin metastasis, back	4	798	NDUFS1	138	41	0.5	metastasis
0	Primary, left ear	1	799	MYO5B	128	55	0.5	primary
1	Lymph node metastasis, left cervical node	1	799	MYO5B	189	59	0.5	metastasis
2	Locoregional skin metastasis, left ear	1	799	MYO5B	178	40	0.5	metastasis
3	Distant skin metastasis, back	1	799	MYO5B	137	47	0.5	metastasis
0	Primary, left ear	4	800	ADAM23	121	47	0.5	primary
1	Lymph node metastasis, left cervical node	4	800	ADAM23	140	37	0.5	metastasis
2	Locoregional skin metastasis, left ear	4	800	ADAM23	83	10	0.5	metastasis
3	Distant skin metastasis, back	4	800	ADAM23	133	39	0.5	metastasis
0	Primary, left ear	2	801	SLC6A9	36	12	0.5	primary
1	Lymph node metastasis, left cervical node	2	801	SLC6A9	39	19	0.5	metastasis
2	Locoregional skin metastasis, left ear	2	801	SLC6A9	47	17	0.5	metastasis
3	Distant skin metastasis, back	2	801	SLC6A9	47	26	0.5	metastasis
0	Primary, left ear	2	802	SGK1	344	204	0.5	primary
1	Lymph node metastasis, left cervical node	2	802	SGK1	359	136	0.5	metastasis
2	Locoregional skin metastasis, left ear	2	802	SGK1	139	37	0.5	metastasis
3	Distant skin metastasis, back	2	802	SGK1	388	196	0.5	metastasis
0	Primary, left ear	1	803	IRX6	22	5	0.5	primary
1	Lymph node metastasis, left cervical node	1	803	IRX6	18	4	0.5	metastasis
2	Locoregional skin metastasis, left ear	1	803	IRX6	19	4	0.5	metastasis
3	Distant skin metastasis, back	1	803	IRX6	23	8	0.5	metastasis
0	Primary, left ear	2	804	REXO1	29	18	0.5	primary
1	Lymph node metastasis, left cervical node	2	804	REXO1	28	15	0.5	metastasis
2	Locoregional skin metastasis, left ear	2	804	REXO1	52	12	0.5	metastasis
3	Distant skin metastasis, back	2	804	REXO1	40	24	0.5	metastasis
0	Primary, left ear	2	805	TRPM6	99	39	0.5	primary
1	Lymph node metastasis, left cervical node	2	805	TRPM6	115	42	0.5	metastasis
2	Locoregional skin metastasis, left ear	2	805	TRPM6	139	37	0.5	metastasis
3	Distant skin metastasis, back	2	805	TRPM6	121	41	0.5	metastasis
0	Primary, left ear	2	806	SLC22A17	50	23	0.5	primary
1	Lymph node metastasis, left cervical node	2	806	SLC22A17	43	22	0.5	metastasis
2	Locoregional skin metastasis, left ear	2	806	SLC22A17	59	10	0.5	metastasis
3	Distant skin metastasis, back	2	806	SLC22A17	48	17	0.5	metastasis
0	Primary, left ear	2	807	EDEM3	58	23	0.5	primary
1	Lymph node metastasis, left cervical node	2	807	EDEM3	70	22	0.5	metastasis
2	Locoregional skin metastasis, left ear	2	807	EDEM3	24	6	0.5	metastasis
3	Distant skin metastasis, back	2	807	EDEM3	42	17	0.5	metastasis
0	Primary, left ear	2	808	AV1S4A1N1T	54	32	0.5	primary
1	Lymph node metastasis, left cervical node	2	808	AV1S4A1N1T	80	24	0.5	metastasis
2	Locoregional skin metastasis, left ear	2	808	AV1S4A1N1T	23	4	0.5	metastasis
3	Distant skin metastasis, back	2	808	AV1S4A1N1T	60	25	0.5	metastasis
0	Primary, left ear	6	809	OR5T2	84	41	0.5	primary
1	Lymph node metastasis, left cervical node	6	809	OR5T2	110	27	0.5	metastasis
2	Locoregional skin metastasis, left ear	6	809	OR5T2	42	14	0.5	metastasis
3	Distant skin metastasis, back	6	809	OR5T2	94	31	0.5	metastasis
0	Primary, left ear	7	810	C4BPA	195	73	0.5	primary
1	Lymph node metastasis, left cervical node	7	810	C4BPA	201	103	0.5	metastasis
2	Locoregional skin metastasis, left ear	7	810	C4BPA	115	22	0.5	metastasis
3	Distant skin metastasis, back	7	810	C4BPA	188	71	0.5	metastasis
0	Primary, left ear	2	811	IYD	136	52	0.5	primary
1	Lymph node metastasis, left cervical node	2	811	IYD	142	51	0.5	metastasis
2	Locoregional skin metastasis, left ear	2	811	IYD	86	23	0.5	metastasis
3	Distant skin metastasis, back	2	811	IYD	115	59	0.5	metastasis
0	Primary, left ear	6	812	OR4D11	605	291	0.5	primary
1	Lymph node metastasis, left cervical node	6	812	OR4D11	762	247	0.5	metastasis
2	Locoregional skin metastasis, left ear	6	812	OR4D11	787	147	0.5	metastasis
3	Distant skin metastasis, back	6	812	OR4D11	683	226	0.5	metastasis
0	Primary, left ear	7	813	ZFR2	53	24	0.5	primary
1	Lymph node metastasis, left cervical node	7	813	ZFR2	75	28	0.5	metastasis
2	Locoregional skin metastasis, left ear	7	813	ZFR2	90	11	0.5	metastasis
3	Distant skin metastasis, back	7	813	ZFR2	82	21	0.5	metastasis
0	Primary, left ear	7	814	ZNF70	127	62	0.5	primary
1	Lymph node metastasis, left cervical node	7	814	ZNF70	126	46	0.5	metastasis
2	Locoregional skin metastasis, left ear	7	814	ZNF70	149	28	0.5	metastasis
3	Distant skin metastasis, back	7	814	ZNF70	131	34	0.5	metastasis
0	Primary, left ear	7	815	CXCR2	500	201	0.5	primary
1	Lymph node metastasis, left cervical node	7	815	CXCR2	470	201	0.5	metastasis
2	Locoregional skin metastasis, left ear	7	815	CXCR2	460	93	0.5	metastasis
3	Distant skin metastasis, back	7	815	CXCR2	461	156	0.5	metastasis
0	Primary, left ear	2	816	LRIT1	12	1	0.5	primary
1	Lymph node metastasis, left cervical node	2	816	LRIT1	10	10	0.5	metastasis
2	Locoregional skin metastasis, left ear	2	816	LRIT1	11	3	0.5	metastasis
3	Distant skin metastasis, back	2	816	LRIT1	13	5	0.5	metastasis
0	Primary, left ear	2	817	PREB	27	13	0.5	primary
1	Lymph node metastasis, left cervical node	2	817	PREB	26	15	0.5	metastasis
2	Locoregional skin metastasis, left ear	2	817	PREB	25	3	0.5	metastasis
3	Distant skin metastasis, back	2	817	PREB	43	19	0.5	metastasis
0	Primary, left ear	2	818	ATP13A5	78	34	0.5	primary
1	Lymph node metastasis, left cervical node	2	818	ATP13A5	100	38	0.5	metastasis
2	Locoregional skin metastasis, left ear	2	818	ATP13A5	54	15	0.5	metastasis
3	Distant skin metastasis, back	2	818	ATP13A5	73	21	0.5	metastasis
0	Primary, left ear	2	819	KRT28	65	46	0.5	primary
1	Lymph node metastasis, left cervical node	2	819	KRT28	114	41	0.5	metastasis
2	Locoregional skin metastasis, left ear	2	819	KRT28	102	23	0.5	metastasis
3	Distant skin metastasis, back	2	819	KRT28	93	36	0.5	metastasis
0	Primary, left ear	2	820	NPHS2	55	34	0.5	primary
1	Lymph node metastasis, left cervical node	2	820	NPHS2	65	19	0.5	metastasis
2	Locoregional skin metastasis, left ear	2	820	NPHS2	34	6	0.5	metastasis
3	Distant skin metastasis, back	2	820	NPHS2	56	22	0.5	metastasis
0	Primary, left ear	7	821	NADSYN1	172	78	0.5	primary
1	Lymph node metastasis, left cervical node	7	821	NADSYN1	238	98	0.5	metastasis
2	Locoregional skin metastasis, left ear	7	821	NADSYN1	324	62	0.5	metastasis
3	Distant skin metastasis, back	7	821	NADSYN1	202	65	0.5	metastasis
0	Primary, left ear	1	822	HECTD1	167	53	0.5	primary
1	Lymph node metastasis, left cervical node	1	822	HECTD1	253	80	0.5	metastasis
2	Locoregional skin metastasis, left ear	1	822	HECTD1	145	34	0.5	metastasis
3	Distant skin metastasis, back	1	822	HECTD1	194	79	0.5	metastasis
0	Primary, left ear	2	823	TIAM2	149	74	0.5	primary
1	Lymph node metastasis, left cervical node	2	823	TIAM2	165	63	0.5	metastasis
2	Locoregional skin metastasis, left ear	2	823	TIAM2	55	19	0.5	metastasis
3	Distant skin metastasis, back	2	823	TIAM2	177	79	0.5	metastasis
0	Primary, left ear	2	824	NSFL1C	52	31	0.5	primary
1	Lymph node metastasis, left cervical node	2	824	NSFL1C	72	23	0.5	metastasis
2	Locoregional skin metastasis, left ear	2	824	NSFL1C	22	4	0.5	metastasis
3	Distant skin metastasis, back	2	824	NSFL1C	44	17	0.5	metastasis
0	Primary, left ear	1	825	GALNT5	99	40	0.5	primary
1	Lymph node metastasis, left cervical node	1	825	GALNT5	96	28	0.5	metastasis
2	Locoregional skin metastasis, left ear	1	825	GALNT5	39	4	0.5	metastasis
3	Distant skin metastasis, back	1	825	GALNT5	69	28	0.5	metastasis
0	Primary, left ear	4	826	SELL	409	175	0.5	primary
1	Lymph node metastasis, left cervical node	4	826	SELL	449	148	0.5	metastasis
2	Locoregional skin metastasis, left ear	4	826	SELL	233	39	0.5	metastasis
3	Distant skin metastasis, back	4	826	SELL	390	118	0.5	metastasis
0	Primary, left ear	4	827	SYNE1	61	15	0.5	primary
1	Lymph node metastasis, left cervical node	4	827	SYNE1	57	18	0.5	metastasis
2	Locoregional skin metastasis, left ear	4	827	SYNE1	60	9	0.5	metastasis
3	Distant skin metastasis, back	4	827	SYNE1	72	19	0.5	metastasis
0	Primary, left ear	2	828	SLC16A8	129	89	0.5	primary
1	Lymph node metastasis, left cervical node	2	828	SLC16A8	172	72	0.5	metastasis
2	Locoregional skin metastasis, left ear	2	828	SLC16A8	228	51	0.5	metastasis
3	Distant skin metastasis, back	2	828	SLC16A8	167	88	0.5	metastasis
0	Primary, left ear	3	829	ABO	199	78	0.5	primary
1	Lymph node metastasis, left cervical node	3	829	ABO	219	66	0.5	metastasis
2	Locoregional skin metastasis, left ear	3	829	ABO	260	57	0.5	metastasis
3	Distant skin metastasis, back	3	829	ABO	244	46	0.5	metastasis
0	Primary, left ear	7	830	C19orf77	242	104	0.5	primary
1	Lymph node metastasis, left cervical node	7	830	C19orf77	297	111	0.5	metastasis
2	Locoregional skin metastasis, left ear	7	830	C19orf77	160	36	0.5	metastasis
3	Distant skin metastasis, back	7	830	C19orf77	327	95	0.5	metastasis
0	Primary, left ear	7	831	OR4M1	45	14	0.5	primary
1	Lymph node metastasis, left cervical node	7	831	OR4M1	42	22	0.5	metastasis
2	Locoregional skin metastasis, left ear	7	831	OR4M1	26	4	0.5	metastasis
3	Distant skin metastasis, back	7	831	OR4M1	46	8	0.5	metastasis
0	Primary, left ear	2	832	CAMKMT	7	3	0.5	primary
1	Lymph node metastasis, left cervical node	2	832	CAMKMT	6	3	0.5	metastasis
2	Locoregional skin metastasis, left ear	2	832	CAMKMT	16	5	0.5	metastasis
3	Distant skin metastasis, back	2	832	CAMKMT	10	3	0.5	metastasis
0	Primary, left ear	2	833	SGMS1	26	9	0.5	primary
1	Lymph node metastasis, left cervical node	2	833	SGMS1	33	9	0.5	metastasis
2	Locoregional skin metastasis, left ear	2	833	SGMS1	59	17	0.5	metastasis
3	Distant skin metastasis, back	2	833	SGMS1	37	26	0.5	metastasis
0	Primary, left ear	2	834	ZNF804A	211	128	0.5	primary
1	Lymph node metastasis, left cervical node	2	834	ZNF804A	204	82	0.5	metastasis
2	Locoregional skin metastasis, left ear	2	834	ZNF804A	109	21	0.5	metastasis
3	Distant skin metastasis, back	2	834	ZNF804A	217	87	0.5	metastasis
0	Primary, left ear	7	835	LRRC55	240	106	0.5	primary
1	Lymph node metastasis, left cervical node	7	835	LRRC55	292	107	0.5	metastasis
2	Locoregional skin metastasis, left ear	7	835	LRRC55	294	54	0.5	metastasis
3	Distant skin metastasis, back	7	835	LRRC55	231	83	0.5	metastasis
0	Primary, left ear	2	836	MUC16	116	53	0.5	primary
1	Lymph node metastasis, left cervical node	2	836	MUC16	147	79	0.5	metastasis
2	Locoregional skin metastasis, left ear	2	836	MUC16	125	29	0.5	metastasis
3	Distant skin metastasis, back	2	836	MUC16	138	44	0.5	metastasis
0	Primary, left ear	2	837	IFI44L	69	27	0.5	primary
1	Lymph node metastasis, left cervical node	2	837	IFI44L	39	24	0.5	metastasis
2	Locoregional skin metastasis, left ear	2	837	IFI44L	34	4	0.5	metastasis
3	Distant skin metastasis, back	2	837	IFI44L	52	29	0.5	metastasis
0	Primary, left ear	2	838	COL6A5	116	55	0.5	primary
1	Lymph node metastasis, left cervical node	2	838	COL6A5	151	61	0.5	metastasis
2	Locoregional skin metastasis, left ear	2	838	COL6A5	120	32	0.5	metastasis
3	Distant skin metastasis, back	2	838	COL6A5	100	39	0.5	metastasis
0	Primary, left ear	6	839	INSRR	197	97	0.5	primary
1	Lymph node metastasis, left cervical node	6	839	INSRR	267	87	0.5	metastasis
2	Locoregional skin metastasis, left ear	6	839	INSRR	257	58	0.5	metastasis
3	Distant skin metastasis, back	6	839	INSRR	280	75	0.5	metastasis
0	Primary, left ear	2	840	TAAR5	29	20	0.5	primary
1	Lymph node metastasis, left cervical node	2	840	TAAR5	47	11	0.5	metastasis
2	Locoregional skin metastasis, left ear	2	840	TAAR5	33	15	0.5	metastasis
3	Distant skin metastasis, back	2	840	TAAR5	33	14	0.5	metastasis
0	Primary, left ear	2	841	ANKRD35	37	25	0.5	primary
1	Lymph node metastasis, left cervical node	2	841	ANKRD35	58	28	0.5	metastasis
2	Locoregional skin metastasis, left ear	2	841	ANKRD35	52	11	0.5	metastasis
3	Distant skin metastasis, back	2	841	ANKRD35	62	27	0.5	metastasis
0	Primary, left ear	6	842	MTPAP	56	27	0.5	primary
1	Lymph node metastasis, left cervical node	6	842	MTPAP	101	32	0.5	metastasis
2	Locoregional skin metastasis, left ear	6	842	MTPAP	20	3	0.5	metastasis
3	Distant skin metastasis, back	6	842	MTPAP	61	20	0.5	metastasis
0	Primary, left ear	7	843	ZNF85	43	15	0.5	primary
1	Lymph node metastasis, left cervical node	7	843	ZNF85	60	22	0.5	metastasis
2	Locoregional skin metastasis, left ear	7	843	ZNF85	24	7	0.5	metastasis
3	Distant skin metastasis, back	7	843	ZNF85	41	9	0.5	metastasis
0	Primary, left ear	1	844	KDM4A	186	92	0.5	primary
1	Lymph node metastasis, left cervical node	1	844	KDM4A	293	71	0.5	metastasis
2	Locoregional skin metastasis, left ear	1	844	KDM4A	213	29	0.5	metastasis
3	Distant skin metastasis, back	1	844	KDM4A	254	138	0.5	metastasis
0	Primary, left ear	7	845	OSBPL6	72	22	0.5	primary
1	Lymph node metastasis, left cervical node	7	845	OSBPL6	63	43	0.5	metastasis
2	Locoregional skin metastasis, left ear	7	845	OSBPL6	88	24	0.5	metastasis
3	Distant skin metastasis, back	7	845	OSBPL6	69	20	0.5	metastasis
0	Primary, left ear	7	846	MUC16	134	59	0.5	primary
1	Lymph node metastasis, left cervical node	7	846	MUC16	182	68	0.5	metastasis
2	Locoregional skin metastasis, left ear	7	846	MUC16	209	26	0.5	metastasis
3	Distant skin metastasis, back	7	846	MUC16	133	52	0.5	metastasis
0	Primary, left ear	2	847	DNAJC10	177	82	0.5	primary
1	Lymph node metastasis, left cervical node	2	847	DNAJC10	169	61	0.5	metastasis
2	Locoregional skin metastasis, left ear	2	847	DNAJC10	85	24	0.5	metastasis
3	Distant skin metastasis, back	2	847	DNAJC10	176	56	0.5	metastasis
0	Primary, left ear	1	848	CR2	163	69	0.5	primary
1	Lymph node metastasis, left cervical node	1	848	CR2	194	51	0.5	metastasis
2	Locoregional skin metastasis, left ear	1	848	CR2	218	43	0.5	metastasis
3	Distant skin metastasis, back	1	848	CR2	137	54	0.5	metastasis
0	Primary, left ear	2	849	KCNK13	124	58	0.5	primary
1	Lymph node metastasis, left cervical node	2	849	KCNK13	145	51	0.5	metastasis
2	Locoregional skin metastasis, left ear	2	849	KCNK13	115	24	0.5	metastasis
3	Distant skin metastasis, back	2	849	KCNK13	136	46	0.5	metastasis
0	Primary, left ear	7	850	LOXHD1	226	93	0.5	primary
1	Lymph node metastasis, left cervical node	7	850	LOXHD1	225	96	0.5	metastasis
2	Locoregional skin metastasis, left ear	7	850	LOXHD1	269	64	0.5	metastasis
3	Distant skin metastasis, back	7	850	LOXHD1	220	64	0.5	metastasis
0	Primary, left ear	4	851	C14orf37	168	52	0.5	primary
1	Lymph node metastasis, left cervical node	4	851	C14orf37	187	58	0.5	metastasis
2	Locoregional skin metastasis, left ear	4	851	C14orf37	110	25	0.5	metastasis
3	Distant skin metastasis, back	4	851	C14orf37	140	51	0.5	metastasis
0	Primary, left ear	4	852	GMIP	120	46	0.5	primary
1	Lymph node metastasis, left cervical node	4	852	GMIP	170	48	0.5	metastasis
2	Locoregional skin metastasis, left ear	4	852	GMIP	164	31	0.5	metastasis
3	Distant skin metastasis, back	4	852	GMIP	143	47	0.5	metastasis
0	Primary, left ear	6	853	ACAD9	94	45	0.5	primary
1	Lymph node metastasis, left cervical node	6	853	ACAD9	96	27	0.5	metastasis
2	Locoregional skin metastasis, left ear	6	853	ACAD9	120	33	0.5	metastasis
3	Distant skin metastasis, back	6	853	ACAD9	101	34	0.5	metastasis
0	Primary, left ear	7	854	FAM194A	116	46	0.5	primary
1	Lymph node metastasis, left cervical node	7	854	FAM194A	138	60	0.5	metastasis
2	Locoregional skin metastasis, left ear	7	854	FAM194A	62	15	0.5	metastasis
3	Distant skin metastasis, back	7	854	FAM194A	139	38	0.5	metastasis
0	Primary, left ear	2	855	B3GNT6	10	10	0.5	primary
1	Lymph node metastasis, left cervical node	2	855	B3GNT6	8	2	0.5	metastasis
2	Locoregional skin metastasis, left ear	2	855	B3GNT6	6	7	0.5	metastasis
3	Distant skin metastasis, back	2	855	B3GNT6	4	0	0.5	metastasis
0	Primary, left ear	2	856	KRT12	74	36	0.5	primary
1	Lymph node metastasis, left cervical node	2	856	KRT12	77	25	0.5	metastasis
2	Locoregional skin metastasis, left ear	2	856	KRT12	147	30	0.5	metastasis
3	Distant skin metastasis, back	2	856	KRT12	84	50	0.5	metastasis
0	Primary, left ear	3	857	SERPINI2	170	86	0.5	primary
1	Lymph node metastasis, left cervical node	3	857	SERPINI2	173	83	0.5	metastasis
2	Locoregional skin metastasis, left ear	3	857	SERPINI2	66	16	0.5	metastasis
3	Distant skin metastasis, back	3	857	SERPINI2	263	42	0.5	metastasis
0	Primary, left ear	3	858	CAMSAP2	247	82	0.5	primary
1	Lymph node metastasis, left cervical node	3	858	CAMSAP2	246	76	0.5	metastasis
2	Locoregional skin metastasis, left ear	3	858	CAMSAP2	119	26	0.5	metastasis
3	Distant skin metastasis, back	3	858	CAMSAP2	238	55	0.5	metastasis
0	Primary, left ear	2	859	ZNF560	71	31	0.5	primary
1	Lymph node metastasis, left cervical node	2	859	ZNF560	91	30	0.5	metastasis
2	Locoregional skin metastasis, left ear	2	859	ZNF560	36	6	0.5	metastasis
3	Distant skin metastasis, back	2	859	ZNF560	69	35	0.5	metastasis
0	Primary, left ear	7	860	CLMN	284	136	0.5	primary
1	Lymph node metastasis, left cervical node	7	860	CLMN	352	136	0.5	metastasis
2	Locoregional skin metastasis, left ear	7	860	CLMN	195	55	0.5	metastasis
3	Distant skin metastasis, back	7	860	CLMN	353	86	0.5	metastasis
0	Primary, left ear	2	861	SLC6A9	54	26	0.5	primary
1	Lymph node metastasis, left cervical node	2	861	SLC6A9	60	24	0.5	metastasis
2	Locoregional skin metastasis, left ear	2	861	SLC6A9	69	15	0.5	metastasis
3	Distant skin metastasis, back	2	861	SLC6A9	63	29	0.5	metastasis
0	Primary, left ear	2	862	SETD1A	204	109	0.5	primary
1	Lymph node metastasis, left cervical node	2	862	SETD1A	273	114	0.5	metastasis
2	Locoregional skin metastasis, left ear	2	862	SETD1A	280	69	0.5	metastasis
3	Distant skin metastasis, back	2	862	SETD1A	237	112	0.5	metastasis
0	Primary, left ear	6	863	TCF25	40	29	0.5	primary
1	Lymph node metastasis, left cervical node	6	863	TCF25	58	12	0.5	metastasis
2	Locoregional skin metastasis, left ear	6	863	TCF25	59	18	0.5	metastasis
3	Distant skin metastasis, back	6	863	TCF25	64	21	0.5	metastasis
0	Primary, left ear	1	864	LRRC31	90	31	0.5	primary
1	Lymph node metastasis, left cervical node	1	864	LRRC31	138	43	0.5	metastasis
2	Locoregional skin metastasis, left ear	1	864	LRRC31	51	7	0.5	metastasis
3	Distant skin metastasis, back	1	864	LRRC31	76	30	0.5	metastasis
0	Primary, left ear	2	865	EMR2	83	28	0.5	primary
1	Lymph node metastasis, left cervical node	2	865	EMR2	67	31	0.5	metastasis
2	Locoregional skin metastasis, left ear	2	865	EMR2	86	31	0.5	metastasis
3	Distant skin metastasis, back	2	865	EMR2	81	22	0.5	metastasis
0	Primary, left ear	7	866	DCN	46	20	0.5	primary
1	Lymph node metastasis, left cervical node	7	866	DCN	42	22	0.5	metastasis
2	Locoregional skin metastasis, left ear	7	866	DCN	39	10	0.5	metastasis
3	Distant skin metastasis, back	7	866	DCN	52	12	0.5	metastasis
0	Primary, left ear	2	867	ZNF804A	34	13	0.5	primary
1	Lymph node metastasis, left cervical node	2	867	ZNF804A	43	15	0.5	metastasis
2	Locoregional skin metastasis, left ear	2	867	ZNF804A	16	2	0.5	metastasis
3	Distant skin metastasis, back	2	867	ZNF804A	36	26	0.5	metastasis
0	Primary, left ear	2	868	AFF3	156	70	0.5	primary
1	Lymph node metastasis, left cervical node	2	868	AFF3	162	52	0.5	metastasis
2	Locoregional skin metastasis, left ear	2	868	AFF3	181	51	0.5	metastasis
3	Distant skin metastasis, back	2	868	AFF3	133	48	0.5	metastasis
0	Primary, left ear	2	869	PLD5	282	146	0.5	primary
1	Lymph node metastasis, left cervical node	2	869	PLD5	318	130	0.5	metastasis
2	Locoregional skin metastasis, left ear	2	869	PLD5	354	90	0.5	metastasis
3	Distant skin metastasis, back	2	869	PLD5	265	105	0.5	metastasis
0	Primary, left ear	2	870	KSR2	78	42	0.5	primary
1	Lymph node metastasis, left cervical node	2	870	KSR2	105	33	0.5	metastasis
2	Locoregional skin metastasis, left ear	2	870	KSR2	116	25	0.5	metastasis
3	Distant skin metastasis, back	2	870	KSR2	87	33	0.5	metastasis
0	Primary, left ear	2	871	LRP4	104	47	0.5	primary
1	Lymph node metastasis, left cervical node	2	871	LRP4	128	55	0.5	metastasis
2	Locoregional skin metastasis, left ear	2	871	LRP4	143	27	0.5	metastasis
3	Distant skin metastasis, back	2	871	LRP4	110	43	0.5	metastasis
0	Primary, left ear	1	872	ZNF682	415	188	0.5	primary
1	Lymph node metastasis, left cervical node	1	872	ZNF682	573	175	0.5	metastasis
2	Locoregional skin metastasis, left ear	1	872	ZNF682	189	40	0.5	metastasis
3	Distant skin metastasis, back	1	872	ZNF682	426	149	0.5	metastasis
0	Primary, left ear	7	873	MYH2	502	228	0.5	primary
1	Lymph node metastasis, left cervical node	7	873	MYH2	620	219	0.5	metastasis
2	Locoregional skin metastasis, left ear	7	873	MYH2	664	127	0.5	metastasis
3	Distant skin metastasis, back	7	873	MYH2	523	176	0.5	metastasis
0	Primary, left ear	2	874	ZNF676	37	15	0.5	primary
1	Lymph node metastasis, left cervical node	2	874	ZNF676	39	21	0.5	metastasis
2	Locoregional skin metastasis, left ear	2	874	ZNF676	17	1	0.5	metastasis
3	Distant skin metastasis, back	2	874	ZNF676	43	17	0.5	metastasis
0	Primary, left ear	7	875	C14orf43	150	64	0.5	primary
1	Lymph node metastasis, left cervical node	7	875	C14orf43	173	62	0.5	metastasis
2	Locoregional skin metastasis, left ear	7	875	C14orf43	148	28	0.5	metastasis
3	Distant skin metastasis, back	7	875	C14orf43	191	61	0.5	metastasis
0	Primary, left ear	2	876	TCF23	11	7	0.5	primary
1	Lymph node metastasis, left cervical node	2	876	TCF23	15	2	0.5	metastasis
2	Locoregional skin metastasis, left ear	2	876	TCF23	9	7	0.5	metastasis
3	Distant skin metastasis, back	2	876	TCF23	15	6	0.5	metastasis
0	Primary, left ear	6	877	C17orf105	77	31	0.5	primary
1	Lymph node metastasis, left cervical node	6	877	C17orf105	86	20	0.5	metastasis
2	Locoregional skin metastasis, left ear	6	877	C17orf105	43	11	0.5	metastasis
3	Distant skin metastasis, back	6	877	C17orf105	103	32	0.5	metastasis
0	Primary, left ear	2	878	SYT16	86	38	0.5	primary
1	Lymph node metastasis, left cervical node	2	878	SYT16	96	32	0.5	metastasis
2	Locoregional skin metastasis, left ear	2	878	SYT16	44	8	0.5	metastasis
3	Distant skin metastasis, back	2	878	SYT16	78	50	0.5	metastasis
0	Primary, left ear	0	879	CNGA3	69	0	0.5	primary
1	Lymph node metastasis, left cervical node	0	879	CNGA3	83	0	0.5	metastasis
2	Locoregional skin metastasis, left ear	0	879	CNGA3	78	26	0.5	metastasis
3	Distant skin metastasis, back	0	879	CNGA3	67	0	0.5	metastasis
0	Primary, left ear	2	880	DSG4	360	150	0.5	primary
1	Lymph node metastasis, left cervical node	2	880	DSG4	354	145	0.5	metastasis
2	Locoregional skin metastasis, left ear	2	880	DSG4	250	53	0.5	metastasis
3	Distant skin metastasis, back	2	880	DSG4	359	133	0.5	metastasis
0	Primary, left ear	2	881	RGS6	105	47	0.5	primary
1	Lymph node metastasis, left cervical node	2	881	RGS6	112	41	0.5	metastasis
2	Locoregional skin metastasis, left ear	2	881	RGS6	69	13	0.5	metastasis
3	Distant skin metastasis, back	2	881	RGS6	110	49	0.5	metastasis
0	Primary, left ear	5	882	GIGYF2	23	2	0.5	primary
1	Lymph node metastasis, left cervical node	5	882	GIGYF2	31	8	0.5	metastasis
2	Locoregional skin metastasis, left ear	5	882	GIGYF2	30	0	0.5	metastasis
3	Distant skin metastasis, back	5	882	GIGYF2	30	0	0.5	metastasis
0	Primary, left ear	2	883	ADARB2	19	14	0.5	primary
1	Lymph node metastasis, left cervical node	2	883	ADARB2	34	7	0.5	metastasis
2	Locoregional skin metastasis, left ear	2	883	ADARB2	40	7	0.5	metastasis
3	Distant skin metastasis, back	2	883	ADARB2	18	9	0.5	metastasis
0	Primary, left ear	4	884	ARHGEF4	217	85	0.5	primary
1	Lymph node metastasis, left cervical node	4	884	ARHGEF4	262	83	0.5	metastasis
2	Locoregional skin metastasis, left ear	4	884	ARHGEF4	291	48	0.5	metastasis
3	Distant skin metastasis, back	4	884	ARHGEF4	242	81	0.5	metastasis
0	Primary, left ear	6	885	TTC28	262	134	0.5	primary
1	Lymph node metastasis, left cervical node	6	885	TTC28	272	93	0.5	metastasis
2	Locoregional skin metastasis, left ear	6	885	TTC28	248	53	0.5	metastasis
3	Distant skin metastasis, back	6	885	TTC28	242	69	0.5	metastasis
0	Primary, left ear	2	886	CCDC141	11	10	0.5	primary
1	Lymph node metastasis, left cervical node	2	886	CCDC141	21	2	0.5	metastasis
2	Locoregional skin metastasis, left ear	2	886	CCDC141	11	2	0.5	metastasis
3	Distant skin metastasis, back	2	886	CCDC141	17	10	0.5	metastasis
0	Primary, left ear	2	887	FMNL2	197	118	0.5	primary
1	Lymph node metastasis, left cervical node	2	887	FMNL2	184	85	0.5	metastasis
2	Locoregional skin metastasis, left ear	2	887	FMNL2	81	19	0.5	metastasis
3	Distant skin metastasis, back	2	887	FMNL2	234	105	0.5	metastasis
0	Primary, left ear	2	888	SGTA	71	36	0.5	primary
1	Lymph node metastasis, left cervical node	2	888	SGTA	94	35	0.5	metastasis
2	Locoregional skin metastasis, left ear	2	888	SGTA	179	35	0.5	metastasis
3	Distant skin metastasis, back	2	888	SGTA	92	37	0.5	metastasis
0	Primary, left ear	7	889	ZSWIM2	138	40	0.5	primary
1	Lymph node metastasis, left cervical node	7	889	ZSWIM2	129	63	0.5	metastasis
2	Locoregional skin metastasis, left ear	7	889	ZSWIM2	61	15	0.5	metastasis
3	Distant skin metastasis, back	7	889	ZSWIM2	122	31	0.5	metastasis
0	Primary, left ear	2	890	C6orf168	85	59	0.5	primary
1	Lymph node metastasis, left cervical node	2	890	C6orf168	119	57	0.5	metastasis
2	Locoregional skin metastasis, left ear	2	890	C6orf168	155	32	0.5	metastasis
3	Distant skin metastasis, back	2	890	C6orf168	90	22	0.5	metastasis
0	Primary, left ear	2	891	COL15A1	40	43	0.5	primary
1	Lymph node metastasis, left cervical node	2	891	COL15A1	21	33	0.5	metastasis
2	Locoregional skin metastasis, left ear	2	891	COL15A1	45	23	0.5	metastasis
3	Distant skin metastasis, back	2	891	COL15A1	39	27	0.5	metastasis
0	Primary, left ear	2	892	DUSP8	2	4	0.5	primary
1	Lymph node metastasis, left cervical node	2	892	DUSP8	7	5	0.5	metastasis
2	Locoregional skin metastasis, left ear	2	892	DUSP8	7	2	0.5	metastasis
3	Distant skin metastasis, back	2	892	DUSP8	12	8	0.5	metastasis
0	Primary, left ear	2	893	EXOC7	45	18	0.5	primary
1	Lymph node metastasis, left cervical node	2	893	EXOC7	58	27	0.5	metastasis
2	Locoregional skin metastasis, left ear	2	893	EXOC7	67	12	0.5	metastasis
3	Distant skin metastasis, back	2	893	EXOC7	49	28	0.5	metastasis
0	Primary, left ear	6	894	SPHKAP	218	107	0.5	primary
1	Lymph node metastasis, left cervical node	6	894	SPHKAP	284	69	0.5	metastasis
2	Locoregional skin metastasis, left ear	6	894	SPHKAP	453	81	0.5	metastasis
3	Distant skin metastasis, back	6	894	SPHKAP	228	67	0.5	metastasis
0	Primary, left ear	2	895	INPP5E	46	36	0.5	primary
1	Lymph node metastasis, left cervical node	2	895	INPP5E	58	27	0.5	metastasis
2	Locoregional skin metastasis, left ear	2	895	INPP5E	66	22	0.5	metastasis
3	Distant skin metastasis, back	2	895	INPP5E	79	37	0.5	metastasis
0	Primary, left ear	7	896	CHI3L1	88	37	0.5	primary
1	Lymph node metastasis, left cervical node	7	896	CHI3L1	95	57	0.5	metastasis
2	Locoregional skin metastasis, left ear	7	896	CHI3L1	111	8	0.5	metastasis
3	Distant skin metastasis, back	7	896	CHI3L1	99	34	0.5	metastasis
0	Primary, left ear	7	897	USP54	137	53	0.5	primary
1	Lymph node metastasis, left cervical node	7	897	USP54	179	67	0.5	metastasis
2	Locoregional skin metastasis, left ear	7	897	USP54	104	26	0.5	metastasis
3	Distant skin metastasis, back	7	897	USP54	156	53	0.5	metastasis
0	Primary, left ear	2	898	HTR3E	296	136	0.5	primary
1	Lymph node metastasis, left cervical node	2	898	HTR3E	391	144	0.5	metastasis
2	Locoregional skin metastasis, left ear	2	898	HTR3E	380	104	0.5	metastasis
3	Distant skin metastasis, back	2	898	HTR3E	339	131	0.5	metastasis
0	Primary, left ear	2	899	GUCY2E	101	56	0.5	primary
1	Lymph node metastasis, left cervical node	2	899	GUCY2E	119	56	0.5	metastasis
2	Locoregional skin metastasis, left ear	2	899	GUCY2E	95	30	0.5	metastasis
3	Distant skin metastasis, back	2	899	GUCY2E	116	46	0.5	metastasis
0	Primary, left ear	2	900	FIBCD1	75	36	0.5	primary
1	Lymph node metastasis, left cervical node	2	900	FIBCD1	79	34	0.5	metastasis
2	Locoregional skin metastasis, left ear	2	900	FIBCD1	88	33	0.5	metastasis
3	Distant skin metastasis, back	2	900	FIBCD1	62	23	0.5	metastasis
0	Primary, left ear	2	901	ABCA4	21	13	0.5	primary
1	Lymph node metastasis, left cervical node	2	901	ABCA4	12	8	0.5	metastasis
2	Locoregional skin metastasis, left ear	2	901	ABCA4	28	10	0.5	metastasis
3	Distant skin metastasis, back	2	901	ABCA4	23	8	0.5	metastasis
0	Primary, left ear	6	902	CCDC141	230	106	0.5	primary
1	Lymph node metastasis, left cervical node	6	902	CCDC141	275	73	0.5	metastasis
2	Locoregional skin metastasis, left ear	6	902	CCDC141	200	58	0.5	metastasis
3	Distant skin metastasis, back	6	902	CCDC141	219	68	0.5	metastasis
0	Primary, left ear	6	903	SERPING1	232	126	0.5	primary
1	Lymph node metastasis, left cervical node	6	903	SERPING1	317	106	0.5	metastasis
2	Locoregional skin metastasis, left ear	6	903	SERPING1	368	79	0.5	metastasis
3	Distant skin metastasis, back	6	903	SERPING1	299	74	0.5	metastasis
0	Primary, left ear	1	904	DCC	453	175	0.5	primary
1	Lymph node metastasis, left cervical node	1	904	DCC	508	147	0.5	metastasis
2	Locoregional skin metastasis, left ear	1	904	DCC	546	113	0.5	metastasis
3	Distant skin metastasis, back	1	904	DCC	445	176	0.5	metastasis
0	Primary, left ear	6	905	RPN1	104	54	0.5	primary
1	Lymph node metastasis, left cervical node	6	905	RPN1	143	44	0.5	metastasis
2	Locoregional skin metastasis, left ear	6	905	RPN1	102	28	0.5	metastasis
3	Distant skin metastasis, back	6	905	RPN1	118	36	0.5	metastasis
0	Primary, left ear	1	906	GRIN2A	243	113	0.5	primary
1	Lymph node metastasis, left cervical node	1	906	GRIN2A	271	98	0.5	metastasis
2	Locoregional skin metastasis, left ear	1	906	GRIN2A	246	41	0.5	metastasis
3	Distant skin metastasis, back	1	906	GRIN2A	221	97	0.5	metastasis
0	Primary, left ear	2	907	RAD54L	112	65	0.5	primary
1	Lymph node metastasis, left cervical node	2	907	RAD54L	170	58	0.5	metastasis
2	Locoregional skin metastasis, left ear	2	907	RAD54L	67	21	0.5	metastasis
3	Distant skin metastasis, back	2	907	RAD54L	176	89	0.5	metastasis
0	Primary, left ear	3	908	AGBL4	204	65	0.5	primary
1	Lymph node metastasis, left cervical node	3	908	AGBL4	219	62	0.5	metastasis
2	Locoregional skin metastasis, left ear	3	908	AGBL4	92	26	0.5	metastasis
3	Distant skin metastasis, back	3	908	AGBL4	260	50	0.5	metastasis
0	Primary, left ear	7	909	CDRT15L2	13	3	0.5	primary
1	Lymph node metastasis, left cervical node	7	909	CDRT15L2	20	15	0.5	metastasis
2	Locoregional skin metastasis, left ear	7	909	CDRT15L2	21	4	0.5	metastasis
3	Distant skin metastasis, back	7	909	CDRT15L2	19	4	0.5	metastasis
0	Primary, left ear	7	910	TRIOBP	105	41	0.5	primary
1	Lymph node metastasis, left cervical node	7	910	TRIOBP	106	47	0.5	metastasis
2	Locoregional skin metastasis, left ear	7	910	TRIOBP	139	25	0.5	metastasis
3	Distant skin metastasis, back	7	910	TRIOBP	118	41	0.5	metastasis
0	Primary, left ear	2	911	LOXHD1	1405	629	0.5	primary
1	Lymph node metastasis, left cervical node	2	911	LOXHD1	1548	600	0.5	metastasis
2	Locoregional skin metastasis, left ear	2	911	LOXHD1	1765	442	0.5	metastasis
3	Distant skin metastasis, back	2	911	LOXHD1	1523	533	0.5	metastasis
0	Primary, left ear	2	912	NCKAP1	127	75	0.5	primary
1	Lymph node metastasis, left cervical node	2	912	NCKAP1	117	41	0.5	metastasis
2	Locoregional skin metastasis, left ear	2	912	NCKAP1	56	12	0.5	metastasis
3	Distant skin metastasis, back	2	912	NCKAP1	150	70	0.5	metastasis
0	Primary, left ear	2	913	SLC5A1	41	25	0.5	primary
1	Lymph node metastasis, left cervical node	2	913	SLC5A1	72	25	0.5	metastasis
2	Locoregional skin metastasis, left ear	2	913	SLC5A1	46	4	0.5	metastasis
3	Distant skin metastasis, back	2	913	SLC5A1	44	16	0.5	metastasis
0	Primary, left ear	4	914	ABCC8	93	29	0.5	primary
1	Lymph node metastasis, left cervical node	4	914	ABCC8	88	32	0.5	metastasis
2	Locoregional skin metastasis, left ear	4	914	ABCC8	101	15	0.5	metastasis
3	Distant skin metastasis, back	4	914	ABCC8	76	31	0.5	metastasis
0	Primary, left ear	4	915	LPHN2	206	72	0.5	primary
1	Lymph node metastasis, left cervical node	4	915	LPHN2	211	62	0.5	metastasis
2	Locoregional skin metastasis, left ear	4	915	LPHN2	151	29	0.5	metastasis
3	Distant skin metastasis, back	4	915	LPHN2	166	54	0.5	metastasis
0	Primary, left ear	2	916	ZER1	44	11	0.5	primary
1	Lymph node metastasis, left cervical node	2	916	ZER1	36	15	0.5	metastasis
2	Locoregional skin metastasis, left ear	2	916	ZER1	42	18	0.5	metastasis
3	Distant skin metastasis, back	2	916	ZER1	23	7	0.5	metastasis
0	Primary, left ear	1	917	MARCO	25	10	0.5	primary
1	Lymph node metastasis, left cervical node	1	917	MARCO	33	6	0.5	metastasis
2	Locoregional skin metastasis, left ear	1	917	MARCO	22	4	0.5	metastasis
3	Distant skin metastasis, back	1	917	MARCO	16	10	0.5	metastasis
0	Primary, left ear	7	918	TTN	358	168	0.5	primary
1	Lymph node metastasis, left cervical node	7	918	TTN	404	142	0.5	metastasis
2	Locoregional skin metastasis, left ear	7	918	TTN	387	84	0.5	metastasis
3	Distant skin metastasis, back	7	918	TTN	311	103	0.5	metastasis
0	Primary, left ear	7	919	KRT13	236	91	0.5	primary
1	Lymph node metastasis, left cervical node	7	919	KRT13	245	107	0.5	metastasis
2	Locoregional skin metastasis, left ear	7	919	KRT13	343	80	0.5	metastasis
3	Distant skin metastasis, back	7	919	KRT13	251	77	0.5	metastasis
0	Primary, left ear	2	920	DNAH9	255	125	0.5	primary
1	Lymph node metastasis, left cervical node	2	920	DNAH9	350	117	0.5	metastasis
2	Locoregional skin metastasis, left ear	2	920	DNAH9	311	77	0.5	metastasis
3	Distant skin metastasis, back	2	920	DNAH9	237	98	0.5	metastasis
0	Primary, left ear	2	921	C17orf75	18	4	0.5	primary
1	Lymph node metastasis, left cervical node	2	921	C17orf75	25	8	0.5	metastasis
2	Locoregional skin metastasis, left ear	2	921	C17orf75	21	3	0.5	metastasis
3	Distant skin metastasis, back	2	921	C17orf75	21	13	0.5	metastasis
0	Primary, left ear	2	922	COQ7	100	58	0.5	primary
1	Lymph node metastasis, left cervical node	2	922	COQ7	157	58	0.5	metastasis
2	Locoregional skin metastasis, left ear	2	922	COQ7	160	32	0.5	metastasis
3	Distant skin metastasis, back	2	922	COQ7	156	61	0.5	metastasis
0	Primary, left ear	2	923	STK35	97	41	0.5	primary
1	Lymph node metastasis, left cervical node	2	923	STK35	113	45	0.5	metastasis
2	Locoregional skin metastasis, left ear	2	923	STK35	113	28	0.5	metastasis
3	Distant skin metastasis, back	2	923	STK35	85	36	0.5	metastasis
0	Primary, left ear	4	924	CYP4B1	58	27	0.5	primary
1	Lymph node metastasis, left cervical node	4	924	CYP4B1	84	24	0.5	metastasis
2	Locoregional skin metastasis, left ear	4	924	CYP4B1	91	14	0.5	metastasis
3	Distant skin metastasis, back	4	924	CYP4B1	70	20	0.5	metastasis
0	Primary, left ear	4	925	PCOLCE2	209	95	0.5	primary
1	Lymph node metastasis, left cervical node	4	925	PCOLCE2	264	79	0.5	metastasis
2	Locoregional skin metastasis, left ear	4	925	PCOLCE2	379	55	0.5	metastasis
3	Distant skin metastasis, back	4	925	PCOLCE2	218	70	0.5	metastasis
0	Primary, left ear	2	926	FMN2	121	60	0.5	primary
1	Lymph node metastasis, left cervical node	2	926	FMN2	102	40	0.5	metastasis
2	Locoregional skin metastasis, left ear	2	926	FMN2	106	32	0.5	metastasis
3	Distant skin metastasis, back	2	926	FMN2	112	29	0.5	metastasis
0	Primary, left ear	2	927	LRP1B	49	21	0.5	primary
1	Lymph node metastasis, left cervical node	2	927	LRP1B	49	22	0.5	metastasis
2	Locoregional skin metastasis, left ear	2	927	LRP1B	24	6	0.5	metastasis
3	Distant skin metastasis, back	2	927	LRP1B	40	17	0.5	metastasis
0	Primary, left ear	1	928	NOX3	28	10	0.5	primary
1	Lymph node metastasis, left cervical node	1	928	NOX3	37	10	0.5	metastasis
2	Locoregional skin metastasis, left ear	1	928	NOX3	23	3	0.5	metastasis
3	Distant skin metastasis, back	1	928	NOX3	23	10	0.5	metastasis
0	Primary, left ear	2	929	MEX3A	72	39	0.5	primary
1	Lymph node metastasis, left cervical node	2	929	MEX3A	113	45	0.5	metastasis
2	Locoregional skin metastasis, left ear	2	929	MEX3A	132	30	0.5	metastasis
3	Distant skin metastasis, back	2	929	MEX3A	102	34	0.5	metastasis
0	Primary, left ear	6	930	KIF26B	29	17	0.5	primary
1	Lymph node metastasis, left cervical node	6	930	KIF26B	36	11	0.5	metastasis
2	Locoregional skin metastasis, left ear	6	930	KIF26B	41	16	0.5	metastasis
3	Distant skin metastasis, back	6	930	KIF26B	40	5	0.5	metastasis
0	Primary, left ear	1	931	NRXN1	92	28	0.5	primary
1	Lymph node metastasis, left cervical node	1	931	NRXN1	82	23	0.5	metastasis
2	Locoregional skin metastasis, left ear	1	931	NRXN1	123	26	0.5	metastasis
3	Distant skin metastasis, back	1	931	NRXN1	79	30	0.5	metastasis
0	Primary, left ear	2	932	COL9A1	49	24	0.5	primary
1	Lymph node metastasis, left cervical node	2	932	COL9A1	68	26	0.5	metastasis
2	Locoregional skin metastasis, left ear	2	932	COL9A1	44	8	0.5	metastasis
3	Distant skin metastasis, back	2	932	COL9A1	54	18	0.5	metastasis
0	Primary, left ear	1	933	TTN	271	120	0.5	primary
1	Lymph node metastasis, left cervical node	1	933	TTN	305	104	0.5	metastasis
2	Locoregional skin metastasis, left ear	1	933	TTN	136	33	0.5	metastasis
3	Distant skin metastasis, back	1	933	TTN	253	98	0.5	metastasis
0	Primary, left ear	2	934	CHGB	42	26	0.5	primary
1	Lymph node metastasis, left cervical node	2	934	CHGB	47	11	0.5	metastasis
2	Locoregional skin metastasis, left ear	2	934	CHGB	52	11	0.5	metastasis
3	Distant skin metastasis, back	2	934	CHGB	42	22	0.5	metastasis
0	Primary, left ear	2	935	RUNX1	98	46	0.5	primary
1	Lymph node metastasis, left cervical node	2	935	RUNX1	98	37	0.5	metastasis
2	Locoregional skin metastasis, left ear	2	935	RUNX1	88	19	0.5	metastasis
3	Distant skin metastasis, back	2	935	RUNX1	82	29	0.5	metastasis
0	Primary, left ear	6	936	OR51G2	66	36	0.5	primary
1	Lymph node metastasis, left cervical node	6	936	OR51G2	106	23	0.5	metastasis
2	Locoregional skin metastasis, left ear	6	936	OR51G2	97	24	0.5	metastasis
3	Distant skin metastasis, back	6	936	OR51G2	72	10	0.5	metastasis
0	Primary, left ear	7	937	PACRG	24	8	0.5	primary
1	Lymph node metastasis, left cervical node	7	937	PACRG	9	8	0.5	metastasis
2	Locoregional skin metastasis, left ear	7	937	PACRG	18	2	0.5	metastasis
3	Distant skin metastasis, back	7	937	PACRG	22	6	0.5	metastasis
0	Primary, left ear	1	938	XDH	288	133	0.5	primary
1	Lymph node metastasis, left cervical node	1	938	XDH	363	99	0.5	metastasis
2	Locoregional skin metastasis, left ear	1	938	XDH	202	47	0.5	metastasis
3	Distant skin metastasis, back	1	938	XDH	294	105	0.5	metastasis
0	Primary, left ear	2	939	IL1A	103	53	0.5	primary
1	Lymph node metastasis, left cervical node	2	939	IL1A	102	43	0.5	metastasis
2	Locoregional skin metastasis, left ear	2	939	IL1A	68	12	0.5	metastasis
3	Distant skin metastasis, back	2	939	IL1A	104	38	0.5	metastasis
0	Primary, left ear	1	940	AMPD1	83	27	0.5	primary
1	Lymph node metastasis, left cervical node	1	940	AMPD1	86	33	0.5	metastasis
2	Locoregional skin metastasis, left ear	1	940	AMPD1	62	9	0.5	metastasis
3	Distant skin metastasis, back	1	940	AMPD1	74	34	0.5	metastasis
0	Primary, left ear	7	941	NUP98	23	12	0.5	primary
1	Lymph node metastasis, left cervical node	7	941	NUP98	51	22	0.5	metastasis
2	Locoregional skin metastasis, left ear	7	941	NUP98	34	7	0.5	metastasis
3	Distant skin metastasis, back	7	941	NUP98	55	9	0.5	metastasis
0	Primary, left ear	6	942	AATK	39	31	0.5	primary
1	Lymph node metastasis, left cervical node	6	942	AATK	30	11	0.5	metastasis
2	Locoregional skin metastasis, left ear	6	942	AATK	28	4	0.5	metastasis
3	Distant skin metastasis, back	6	942	AATK	45	11	0.5	metastasis
0	Primary, left ear	2	943	APBB1IP	24	16	0.5	primary
1	Lymph node metastasis, left cervical node	2	943	APBB1IP	53	15	0.5	metastasis
2	Locoregional skin metastasis, left ear	2	943	APBB1IP	69	13	0.5	metastasis
3	Distant skin metastasis, back	2	943	APBB1IP	34	14	0.5	metastasis
0	Primary, left ear	2	944	DNAH2	528	257	0.5	primary
1	Lymph node metastasis, left cervical node	2	944	DNAH2	721	281	0.5	metastasis
2	Locoregional skin metastasis, left ear	2	944	DNAH2	901	190	0.5	metastasis
3	Distant skin metastasis, back	2	944	DNAH2	592	236	0.5	metastasis
0	Primary, left ear	1	945	IFT140	190	95	0.5	primary
1	Lymph node metastasis, left cervical node	1	945	IFT140	258	79	0.5	metastasis
2	Locoregional skin metastasis, left ear	1	945	IFT140	275	52	0.5	metastasis
3	Distant skin metastasis, back	1	945	IFT140	244	96	0.5	metastasis
0	Primary, left ear	7	946	FAM184A	44	13	0.5	primary
1	Lymph node metastasis, left cervical node	7	946	FAM184A	40	16	0.5	metastasis
2	Locoregional skin metastasis, left ear	7	946	FAM184A	9	3	0.5	metastasis
3	Distant skin metastasis, back	7	946	FAM184A	25	5	0.5	metastasis
0	Primary, left ear	7	947	ZNF883	250	99	0.5	primary
1	Lymph node metastasis, left cervical node	7	947	ZNF883	263	115	0.5	metastasis
2	Locoregional skin metastasis, left ear	7	947	ZNF883	134	39	0.5	metastasis
3	Distant skin metastasis, back	7	947	ZNF883	215	70	0.5	metastasis
0	Primary, left ear	1	948	SVEP1	91	38	0.5	primary
1	Lymph node metastasis, left cervical node	1	948	SVEP1	160	42	0.5	metastasis
2	Locoregional skin metastasis, left ear	1	948	SVEP1	114	27	0.5	metastasis
3	Distant skin metastasis, back	1	948	SVEP1	95	32	0.5	metastasis
0	Primary, left ear	6	949	ACOXL	50	32	0.5	primary
1	Lymph node metastasis, left cervical node	6	949	ACOXL	66	14	0.5	metastasis
2	Locoregional skin metastasis, left ear	6	949	ACOXL	87	15	0.5	metastasis
3	Distant skin metastasis, back	6	949	ACOXL	37	15	0.5	metastasis
0	Primary, left ear	6	950	NCOR1	90	49	0.5	primary
1	Lymph node metastasis, left cervical node	6	950	NCOR1	118	39	0.5	metastasis
2	Locoregional skin metastasis, left ear	6	950	NCOR1	77	25	0.5	metastasis
3	Distant skin metastasis, back	6	950	NCOR1	112	25	0.5	metastasis
0	Primary, left ear	2	951	MYBPC3	14	5	0.5	primary
1	Lymph node metastasis, left cervical node	2	951	MYBPC3	7	1	0.5	metastasis
2	Locoregional skin metastasis, left ear	2	951	MYBPC3	9	5	0.5	metastasis
3	Distant skin metastasis, back	2	951	MYBPC3	13	2	0.5	metastasis
0	Primary, left ear	2	952	SLC6A2	210	130	0.5	primary
1	Lymph node metastasis, left cervical node	2	952	SLC6A2	267	103	0.5	metastasis
2	Locoregional skin metastasis, left ear	2	952	SLC6A2	245	70	0.5	metastasis
3	Distant skin metastasis, back	2	952	SLC6A2	274	114	0.5	metastasis
0	Primary, left ear	1	953	RAD21L1	60	29	0.5	primary
1	Lymph node metastasis, left cervical node	1	953	RAD21L1	66	19	0.5	metastasis
2	Locoregional skin metastasis, left ear	1	953	RAD21L1	34	4	0.5	metastasis
3	Distant skin metastasis, back	1	953	RAD21L1	70	28	0.5	metastasis
0	Primary, left ear	2	954	ST6GALNAC2	43	11	0.5	primary
1	Lymph node metastasis, left cervical node	2	954	ST6GALNAC2	46	18	0.5	metastasis
2	Locoregional skin metastasis, left ear	2	954	ST6GALNAC2	72	19	0.5	metastasis
3	Distant skin metastasis, back	2	954	ST6GALNAC2	48	23	0.5	metastasis
0	Primary, left ear	4	955	SNX14	158	59	0.5	primary
1	Lymph node metastasis, left cervical node	4	955	SNX14	185	50	0.5	metastasis
2	Locoregional skin metastasis, left ear	4	955	SNX14	103	21	0.5	metastasis
3	Distant skin metastasis, back	4	955	SNX14	163	53	0.5	metastasis
0	Primary, left ear	2	956	SBF1	20	12	0.5	primary
1	Lymph node metastasis, left cervical node	2	956	SBF1	15	3	0.5	metastasis
2	Locoregional skin metastasis, left ear	2	956	SBF1	12	6	0.5	metastasis
3	Distant skin metastasis, back	2	956	SBF1	10	1	0.5	metastasis
0	Primary, left ear	2	957	PAPPA2	59	41	0.5	primary
1	Lymph node metastasis, left cervical node	2	957	PAPPA2	75	24	0.5	metastasis
2	Locoregional skin metastasis, left ear	2	957	PAPPA2	70	20	0.5	metastasis
3	Distant skin metastasis, back	2	957	PAPPA2	90	31	0.5	metastasis
0	Primary, left ear	7	958	GRIN2A	265	91	0.5	primary
1	Lymph node metastasis, left cervical node	7	958	GRIN2A	273	131	0.5	metastasis
2	Locoregional skin metastasis, left ear	7	958	GRIN2A	227	46	0.5	metastasis
3	Distant skin metastasis, back	7	958	GRIN2A	234	62	0.5	metastasis
0	Primary, left ear	2	959	DSE	65	35	0.5	primary
1	Lymph node metastasis, left cervical node	2	959	DSE	92	40	0.5	metastasis
2	Locoregional skin metastasis, left ear	2	959	DSE	77	20	0.5	metastasis
3	Distant skin metastasis, back	2	959	DSE	87	29	0.5	metastasis
0	Primary, left ear	2	960	RTL1	94	52	0.5	primary
1	Lymph node metastasis, left cervical node	2	960	RTL1	126	64	0.5	metastasis
2	Locoregional skin metastasis, left ear	2	960	RTL1	144	42	0.5	metastasis
3	Distant skin metastasis, back	2	960	RTL1	128	53	0.5	metastasis
0	Primary, left ear	1	961	GRIN2A	138	55	0.5	primary
1	Lymph node metastasis, left cervical node	1	961	GRIN2A	176	60	0.5	metastasis
2	Locoregional skin metastasis, left ear	1	961	GRIN2A	251	55	0.5	metastasis
3	Distant skin metastasis, back	1	961	GRIN2A	191	76	0.5	metastasis
0	Primary, left ear	4	962	RPE65	175	73	0.5	primary
1	Lymph node metastasis, left cervical node	4	962	RPE65	175	55	0.5	metastasis
2	Locoregional skin metastasis, left ear	4	962	RPE65	125	22	0.5	metastasis
3	Distant skin metastasis, back	4	962	RPE65	167	44	0.5	metastasis
0	Primary, left ear	4	963	SCP2	19	8	0.5	primary
1	Lymph node metastasis, left cervical node	4	963	SCP2	20	5	0.5	metastasis
2	Locoregional skin metastasis, left ear	4	963	SCP2	33	3	0.5	metastasis
3	Distant skin metastasis, back	4	963	SCP2	14	4	0.5	metastasis
0	Primary, left ear	2	964	ITGA8	92	36	0.5	primary
1	Lymph node metastasis, left cervical node	2	964	ITGA8	102	33	0.5	metastasis
2	Locoregional skin metastasis, left ear	2	964	ITGA8	59	20	0.5	metastasis
3	Distant skin metastasis, back	2	964	ITGA8	73	33	0.5	metastasis
0	Primary, left ear	2	965	IL1R1	341	191	0.5	primary
1	Lymph node metastasis, left cervical node	2	965	IL1R1	370	184	0.5	metastasis
2	Locoregional skin metastasis, left ear	2	965	IL1R1	446	108	0.5	metastasis
3	Distant skin metastasis, back	2	965	IL1R1	353	130	0.5	metastasis
0	Primary, left ear	7	966	PLB1	94	45	0.5	primary
1	Lymph node metastasis, left cervical node	7	966	PLB1	118	54	0.5	metastasis
2	Locoregional skin metastasis, left ear	7	966	PLB1	99	19	0.5	metastasis
3	Distant skin metastasis, back	7	966	PLB1	123	38	0.5	metastasis
0	Primary, left ear	7	967	LAMC1	78	29	0.5	primary
1	Lymph node metastasis, left cervical node	7	967	LAMC1	79	26	0.5	metastasis
2	Locoregional skin metastasis, left ear	7	967	LAMC1	57	9	0.5	metastasis
3	Distant skin metastasis, back	7	967	LAMC1	66	23	0.5	metastasis
0	Primary, left ear	6	968	MYH2	81	39	0.5	primary
1	Lymph node metastasis, left cervical node	6	968	MYH2	81	24	0.5	metastasis
2	Locoregional skin metastasis, left ear	6	968	MYH2	80	14	0.5	metastasis
3	Distant skin metastasis, back	6	968	MYH2	74	15	0.5	metastasis
0	Primary, left ear	6	969	CAPN8	55	36	0.5	primary
1	Lymph node metastasis, left cervical node	6	969	CAPN8	76	14	0.5	metastasis
2	Locoregional skin metastasis, left ear	6	969	CAPN8	59	20	0.5	metastasis
3	Distant skin metastasis, back	6	969	CAPN8	69	21	0.5	metastasis
0	Primary, left ear	2	970	ESYT3	158	75	0.5	primary
1	Lymph node metastasis, left cervical node	2	970	ESYT3	208	74	0.5	metastasis
2	Locoregional skin metastasis, left ear	2	970	ESYT3	154	33	0.5	metastasis
3	Distant skin metastasis, back	2	970	ESYT3	197	78	0.5	metastasis
0	Primary, left ear	2	971	ZP2	81	44	0.5	primary
1	Lymph node metastasis, left cervical node	2	971	ZP2	110	56	0.5	metastasis
2	Locoregional skin metastasis, left ear	2	971	ZP2	88	24	0.5	metastasis
3	Distant skin metastasis, back	2	971	ZP2	105	30	0.5	metastasis
0	Primary, left ear	1	972	CYP4F22	82	32	0.5	primary
1	Lymph node metastasis, left cervical node	1	972	CYP4F22	92	31	0.5	metastasis
2	Locoregional skin metastasis, left ear	1	972	CYP4F22	93	20	0.5	metastasis
3	Distant skin metastasis, back	1	972	CYP4F22	79	36	0.5	metastasis
0	Primary, left ear	7	973	CD5L	191	86	0.5	primary
1	Lymph node metastasis, left cervical node	7	973	CD5L	211	70	0.5	metastasis
2	Locoregional skin metastasis, left ear	7	973	CD5L	190	32	0.5	metastasis
3	Distant skin metastasis, back	7	973	CD5L	172	49	0.5	metastasis
0	Primary, left ear	7	974	S100A4	159	69	0.5	primary
1	Lymph node metastasis, left cervical node	7	974	S100A4	180	66	0.5	metastasis
2	Locoregional skin metastasis, left ear	7	974	S100A4	234	40	0.5	metastasis
3	Distant skin metastasis, back	7	974	S100A4	187	64	0.5	metastasis
0	Primary, left ear	7	975	ZNF556	157	68	0.5	primary
1	Lymph node metastasis, left cervical node	7	975	ZNF556	212	84	0.5	metastasis
2	Locoregional skin metastasis, left ear	7	975	ZNF556	187	40	0.5	metastasis
3	Distant skin metastasis, back	7	975	ZNF556	200	60	0.5	metastasis
0	Primary, left ear	1	976	TLL2	40	13	0.5	primary
1	Lymph node metastasis, left cervical node	1	976	TLL2	56	10	0.5	metastasis
2	Locoregional skin metastasis, left ear	1	976	TLL2	55	11	0.5	metastasis
3	Distant skin metastasis, back	1	976	TLL2	41	22	0.5	metastasis
0	Primary, left ear	4	977	OR7E24	41	10	0.5	primary
1	Lymph node metastasis, left cervical node	4	977	OR7E24	50	11	0.5	metastasis
2	Locoregional skin metastasis, left ear	4	977	OR7E24	41	5	0.5	metastasis
3	Distant skin metastasis, back	4	977	OR7E24	37	8	0.5	metastasis
0	Primary, left ear	2	978	XIRP2	32	21	0.5	primary
1	Lymph node metastasis, left cervical node	2	978	XIRP2	45	12	0.5	metastasis
2	Locoregional skin metastasis, left ear	2	978	XIRP2	48	12	0.5	metastasis
3	Distant skin metastasis, back	2	978	XIRP2	44	19	0.5	metastasis
0	Primary, left ear	8	979	ITGA2B	291	0	0.5	primary
1	Lymph node metastasis, left cervical node	8	979	ITGA2B	362	0	0.5	metastasis
2	Locoregional skin metastasis, left ear	8	979	ITGA2B	270	0	0.5	metastasis
3	Distant skin metastasis, back	8	979	ITGA2B	294	47	0.5	metastasis
0	Primary, left ear	0	980	HTR3D	10	0	0.5	primary
1	Lymph node metastasis, left cervical node	0	980	HTR3D	26	0	0.5	metastasis
2	Locoregional skin metastasis, left ear	0	980	HTR3D	15	4	0.5	metastasis
3	Distant skin metastasis, back	0	980	HTR3D	13	0	0.5	metastasis
0	Primary, left ear	2	981	TNFSF10	197	58	0.5	primary
1	Lymph node metastasis, left cervical node	2	981	TNFSF10	261	121	0.5	metastasis
2	Locoregional skin metastasis, left ear	2	981	TNFSF10	77	26	0.5	metastasis
3	Distant skin metastasis, back	2	981	TNFSF10	213	88	0.5	metastasis
0	Primary, left ear	7	982	CYLC2	75	31	0.5	primary
1	Lymph node metastasis, left cervical node	7	982	CYLC2	85	32	0.5	metastasis
2	Locoregional skin metastasis, left ear	7	982	CYLC2	29	9	0.5	metastasis
3	Distant skin metastasis, back	7	982	CYLC2	75	18	0.5	metastasis
0	Primary, left ear	1	983	JUP	30	9	0.5	primary
1	Lymph node metastasis, left cervical node	1	983	JUP	39	11	0.5	metastasis
2	Locoregional skin metastasis, left ear	1	983	JUP	46	4	0.5	metastasis
3	Distant skin metastasis, back	1	983	JUP	33	18	0.5	metastasis
0	Primary, left ear	7	984	PCDH15	56	15	0.5	primary
1	Lymph node metastasis, left cervical node	7	984	PCDH15	42	17	0.5	metastasis
2	Locoregional skin metastasis, left ear	7	984	PCDH15	25	3	0.5	metastasis
3	Distant skin metastasis, back	7	984	PCDH15	38	9	0.5	metastasis
0	Primary, left ear	2	985	CHPF	117	61	0.5	primary
1	Lymph node metastasis, left cervical node	2	985	CHPF	92	36	0.5	metastasis
2	Locoregional skin metastasis, left ear	2	985	CHPF	139	52	0.5	metastasis
3	Distant skin metastasis, back	2	985	CHPF	151	64	0.5	metastasis
0	Primary, left ear	6	986	HSD3B1	29	11	0.5	primary
1	Lymph node metastasis, left cervical node	6	986	HSD3B1	49	8	0.5	metastasis
2	Locoregional skin metastasis, left ear	6	986	HSD3B1	18	6	0.5	metastasis
3	Distant skin metastasis, back	6	986	HSD3B1	28	5	0.5	metastasis
0	Primary, left ear	2	987	TNS1	120	81	0.5	primary
1	Lymph node metastasis, left cervical node	2	987	TNS1	129	66	0.5	metastasis
2	Locoregional skin metastasis, left ear	2	987	TNS1	158	36	0.5	metastasis
3	Distant skin metastasis, back	2	987	TNS1	146	59	0.5	metastasis
0	Primary, left ear	7	988	GNA15	153	58	0.5	primary
1	Lymph node metastasis, left cervical node	7	988	GNA15	254	93	0.5	metastasis
2	Locoregional skin metastasis, left ear	7	988	GNA15	211	46	0.5	metastasis
3	Distant skin metastasis, back	7	988	GNA15	214	68	0.5	metastasis
0	Primary, left ear	0	989	MFSD1	84	0	0.5	primary
1	Lymph node metastasis, left cervical node	0	989	MFSD1	89	0	0.5	metastasis
2	Locoregional skin metastasis, left ear	0	989	MFSD1	27	8	0.5	metastasis
3	Distant skin metastasis, back	0	989	MFSD1	81	0	0.5	metastasis
0	Primary, left ear	2	990	MED13L	93	49	0.5	primary
1	Lymph node metastasis, left cervical node	2	990	MED13L	96	39	0.5	metastasis
2	Locoregional skin metastasis, left ear	2	990	MED13L	59	13	0.5	metastasis
3	Distant skin metastasis, back	2	990	MED13L	94	31	0.5	metastasis
0	Primary, left ear	7	991	ANO4	128	64	0.5	primary
1	Lymph node metastasis, left cervical node	7	991	ANO4	158	58	0.5	metastasis
2	Locoregional skin metastasis, left ear	7	991	ANO4	147	31	0.5	metastasis
3	Distant skin metastasis, back	7	991	ANO4	153	45	0.5	metastasis
0	Primary, left ear	2	992	TPRG1	5	6	0.5	primary
1	Lymph node metastasis, left cervical node	2	992	TPRG1	10	8	0.5	metastasis
2	Locoregional skin metastasis, left ear	2	992	TPRG1	8	4	0.5	metastasis
3	Distant skin metastasis, back	2	992	TPRG1	9	6	0.5	metastasis
0	Primary, left ear	2	993	SLC9A4	111	56	0.5	primary
1	Lymph node metastasis, left cervical node	2	993	SLC9A4	99	41	0.5	metastasis
2	Locoregional skin metastasis, left ear	2	993	SLC9A4	79	18	0.5	metastasis
3	Distant skin metastasis, back	2	993	SLC9A4	93	34	0.5	metastasis
0	Primary, left ear	2	994	MYCN	127	61	0.5	primary
1	Lymph node metastasis, left cervical node	2	994	MYCN	149	60	0.5	metastasis
2	Locoregional skin metastasis, left ear	2	994	MYCN	199	57	0.5	metastasis
3	Distant skin metastasis, back	2	994	MYCN	134	54	0.5	metastasis
0	Primary, left ear	2	995	RRP12	19	5	0.5	primary
1	Lymph node metastasis, left cervical node	2	995	RRP12	22	8	0.5	metastasis
2	Locoregional skin metastasis, left ear	2	995	RRP12	24	6	0.5	metastasis
3	Distant skin metastasis, back	2	995	RRP12	10	6	0.5	metastasis
0	Primary, left ear	6	996	OR2M2	14	9	0.5	primary
1	Lymph node metastasis, left cervical node	6	996	OR2M2	11	3	0.5	metastasis
2	Locoregional skin metastasis, left ear	6	996	OR2M2	12	3	0.5	metastasis
3	Distant skin metastasis, back	6	996	OR2M2	22	0	0.5	metastasis
0	Primary, left ear	2	997	LTBP2	36	25	0.5	primary
1	Lymph node metastasis, left cervical node	2	997	LTBP2	63	20	0.5	metastasis
2	Locoregional skin metastasis, left ear	2	997	LTBP2	79	21	0.5	metastasis
3	Distant skin metastasis, back	2	997	LTBP2	56	16	0.5	metastasis
0	Primary, left ear	6	998	TTN	133	60	0.5	primary
1	Lymph node metastasis, left cervical node	6	998	TTN	135	34	0.5	metastasis
2	Locoregional skin metastasis, left ear	6	998	TTN	139	37	0.5	metastasis
3	Distant skin metastasis, back	6	998	TTN	121	30	0.5	metastasis
0	Primary, left ear	2	999	SLAMF7	192	90	0.5	primary
1	Lymph node metastasis, left cervical node	2	999	SLAMF7	175	83	0.5	metastasis
2	Locoregional skin metastasis, left ear	2	999	SLAMF7	154	29	0.5	metastasis
3	Distant skin metastasis, back	2	999	SLAMF7	167	73	0.5	metastasis
0	Primary, left ear	1	1000	MPP2	49	23	0.5	primary
1	Lymph node metastasis, left cervical node	1	1000	MPP2	73	18	0.5	metastasis
2	Locoregional skin metastasis, left ear	1	1000	MPP2	82	11	0.5	metastasis
3	Distant skin metastasis, back	1	1000	MPP2	85	35	0.5	metastasis
0	Primary, left ear	6	1001	PVRL3	60	29	0.5	primary
1	Lymph node metastasis, left cervical node	6	1001	PVRL3	78	20	0.5	metastasis
2	Locoregional skin metastasis, left ear	6	1001	PVRL3	38	7	0.5	metastasis
3	Distant skin metastasis, back	6	1001	PVRL3	69	21	0.5	metastasis
0	Primary, left ear	7	1002	TMC5	197	96	0.5	primary
1	Lymph node metastasis, left cervical node	7	1002	TMC5	256	96	0.5	metastasis
2	Locoregional skin metastasis, left ear	7	1002	TMC5	332	67	0.5	metastasis
3	Distant skin metastasis, back	7	1002	TMC5	240	78	0.5	metastasis
0	Primary, left ear	1	1003	ZFAND5	131	46	0.5	primary
1	Lymph node metastasis, left cervical node	1	1003	ZFAND5	126	41	0.5	metastasis
2	Locoregional skin metastasis, left ear	1	1003	ZFAND5	46	12	0.5	metastasis
3	Distant skin metastasis, back	1	1003	ZFAND5	147	54	0.5	metastasis
0	Primary, left ear	7	1004	TEP1	163	70	0.5	primary
1	Lymph node metastasis, left cervical node	7	1004	TEP1	220	84	0.5	metastasis
2	Locoregional skin metastasis, left ear	7	1004	TEP1	238	40	0.5	metastasis
3	Distant skin metastasis, back	7	1004	TEP1	178	64	0.5	metastasis
0	Primary, left ear	5	1005	LAMA2	48	0	0.5	primary
1	Lymph node metastasis, left cervical node	5	1005	LAMA2	28	4	0.5	metastasis
2	Locoregional skin metastasis, left ear	5	1005	LAMA2	47	0	0.5	metastasis
3	Distant skin metastasis, back	5	1005	LAMA2	37	0	0.5	metastasis
0	Primary, left ear	4	1006	FAM123C	166	66	0.5	primary
1	Lymph node metastasis, left cervical node	4	1006	FAM123C	233	64	0.5	metastasis
2	Locoregional skin metastasis, left ear	4	1006	FAM123C	192	34	0.5	metastasis
3	Distant skin metastasis, back	4	1006	FAM123C	172	53	0.5	metastasis
0	Primary, left ear	1	1007	C12orf51	91	34	0.5	primary
1	Lymph node metastasis, left cervical node	1	1007	C12orf51	120	32	0.5	metastasis
2	Locoregional skin metastasis, left ear	1	1007	C12orf51	42	7	0.5	metastasis
3	Distant skin metastasis, back	1	1007	C12orf51	98	36	0.5	metastasis
0	Primary, left ear	2	1008	LCT	216	117	0.5	primary
1	Lymph node metastasis, left cervical node	2	1008	LCT	254	127	0.5	metastasis
2	Locoregional skin metastasis, left ear	2	1008	LCT	247	45	0.5	metastasis
3	Distant skin metastasis, back	2	1008	LCT	277	100	0.5	metastasis
0	Primary, left ear	7	1009	ODZ4	183	77	0.5	primary
1	Lymph node metastasis, left cervical node	7	1009	ODZ4	194	92	0.5	metastasis
2	Locoregional skin metastasis, left ear	7	1009	ODZ4	285	45	0.5	metastasis
3	Distant skin metastasis, back	7	1009	ODZ4	195	60	0.5	metastasis
0	Primary, left ear	2	1010	PRR14	542	268	0.5	primary
1	Lymph node metastasis, left cervical node	2	1010	PRR14	567	266	0.5	metastasis
2	Locoregional skin metastasis, left ear	2	1010	PRR14	742	174	0.5	metastasis
3	Distant skin metastasis, back	2	1010	PRR14	666	247	0.5	metastasis
0	Primary, left ear	2	1011	AK097500	4	9	0.5	primary
1	Lymph node metastasis, left cervical node	2	1011	AK097500	14	7	0.5	metastasis
2	Locoregional skin metastasis, left ear	2	1011	AK097500	10	2	0.5	metastasis
3	Distant skin metastasis, back	2	1011	AK097500	15	1	0.5	metastasis
0	Primary, left ear	4	1012	CNTNAP5	284	109	0.5	primary
1	Lymph node metastasis, left cervical node	4	1012	CNTNAP5	279	86	0.5	metastasis
2	Locoregional skin metastasis, left ear	4	1012	CNTNAP5	198	35	0.5	metastasis
3	Distant skin metastasis, back	4	1012	CNTNAP5	251	77	0.5	metastasis
0	Primary, left ear	6	1013	CD2	268	140	0.5	primary
1	Lymph node metastasis, left cervical node	6	1013	CD2	327	113	0.5	metastasis
2	Locoregional skin metastasis, left ear	6	1013	CD2	398	89	0.5	metastasis
3	Distant skin metastasis, back	6	1013	CD2	311	96	0.5	metastasis
0	Primary, left ear	2	1014	EFCAB11	91	59	0.5	primary
1	Lymph node metastasis, left cervical node	2	1014	EFCAB11	126	42	0.5	metastasis
2	Locoregional skin metastasis, left ear	2	1014	EFCAB11	45	15	0.5	metastasis
3	Distant skin metastasis, back	2	1014	EFCAB11	87	35	0.5	metastasis
0	Primary, left ear	6	1015	GOLIM4	217	118	0.5	primary
1	Lymph node metastasis, left cervical node	6	1015	GOLIM4	249	78	0.5	metastasis
2	Locoregional skin metastasis, left ear	6	1015	GOLIM4	185	48	0.5	metastasis
3	Distant skin metastasis, back	6	1015	GOLIM4	249	85	0.5	metastasis
0	Primary, left ear	6	1016	GLP2R	200	122	0.5	primary
1	Lymph node metastasis, left cervical node	6	1016	GLP2R	284	104	0.5	metastasis
2	Locoregional skin metastasis, left ear	6	1016	GLP2R	119	31	0.5	metastasis
3	Distant skin metastasis, back	6	1016	GLP2R	240	66	0.5	metastasis
0	Primary, left ear	6	1017	SLC24A3	505	240	0.5	primary
1	Lymph node metastasis, left cervical node	6	1017	SLC24A3	669	237	0.5	metastasis
2	Locoregional skin metastasis, left ear	6	1017	SLC24A3	700	165	0.5	metastasis
3	Distant skin metastasis, back	6	1017	SLC24A3	554	183	0.5	metastasis
0	Primary, left ear	7	1018	SEL1L	137	59	0.5	primary
1	Lymph node metastasis, left cervical node	7	1018	SEL1L	170	63	0.5	metastasis
2	Locoregional skin metastasis, left ear	7	1018	SEL1L	87	18	0.5	metastasis
3	Distant skin metastasis, back	7	1018	SEL1L	141	42	0.5	metastasis
0	Primary, left ear	6	1019	FMO3	214	108	0.5	primary
1	Lymph node metastasis, left cervical node	6	1019	FMO3	246	79	0.5	metastasis
2	Locoregional skin metastasis, left ear	6	1019	FMO3	204	34	0.5	metastasis
3	Distant skin metastasis, back	6	1019	FMO3	193	65	0.5	metastasis
0	Primary, left ear	2	1020	CSF3R	129	105	0.5	primary
1	Lymph node metastasis, left cervical node	2	1020	CSF3R	203	77	0.5	metastasis
2	Locoregional skin metastasis, left ear	2	1020	CSF3R	207	46	0.5	metastasis
3	Distant skin metastasis, back	2	1020	CSF3R	199	59	0.5	metastasis
0	Primary, left ear	2	1021	USH2A	75	45	0.5	primary
1	Lymph node metastasis, left cervical node	2	1021	USH2A	109	39	0.5	metastasis
2	Locoregional skin metastasis, left ear	2	1021	USH2A	107	29	0.5	metastasis
3	Distant skin metastasis, back	2	1021	USH2A	99	41	0.5	metastasis
0	Primary, left ear	7	1022	CRTC2	101	29	0.5	primary
1	Lymph node metastasis, left cervical node	7	1022	CRTC2	110	51	0.5	metastasis
2	Locoregional skin metastasis, left ear	7	1022	CRTC2	121	23	0.5	metastasis
3	Distant skin metastasis, back	7	1022	CRTC2	97	25	0.5	metastasis
0	Primary, left ear	2	1023	SLC22A17	45	18	0.5	primary
1	Lymph node metastasis, left cervical node	2	1023	SLC22A17	45	12	0.5	metastasis
2	Locoregional skin metastasis, left ear	2	1023	SLC22A17	40	14	0.5	metastasis
3	Distant skin metastasis, back	2	1023	SLC22A17	44	16	0.5	metastasis
0	Primary, left ear	6	1024	CCDC108	389	195	0.5	primary
1	Lymph node metastasis, left cervical node	6	1024	CCDC108	451	115	0.5	metastasis
2	Locoregional skin metastasis, left ear	6	1024	CCDC108	433	104	0.5	metastasis
3	Distant skin metastasis, back	6	1024	CCDC108	400	148	0.5	metastasis
0	Primary, left ear	2	1025	TMC6	261	139	0.5	primary
1	Lymph node metastasis, left cervical node	2	1025	TMC6	308	98	0.5	metastasis
2	Locoregional skin metastasis, left ear	2	1025	TMC6	314	83	0.5	metastasis
3	Distant skin metastasis, back	2	1025	TMC6	257	116	0.5	metastasis
0	Primary, left ear	4	1026	TTN	180	80	0.5	primary
1	Lymph node metastasis, left cervical node	4	1026	TTN	202	49	0.5	metastasis
2	Locoregional skin metastasis, left ear	4	1026	TTN	153	27	0.5	metastasis
3	Distant skin metastasis, back	4	1026	TTN	214	52	0.5	metastasis
0	Primary, left ear	2	1027	GUCA1C	110	56	0.5	primary
1	Lymph node metastasis, left cervical node	2	1027	GUCA1C	108	69	0.5	metastasis
2	Locoregional skin metastasis, left ear	2	1027	GUCA1C	52	10	0.5	metastasis
3	Distant skin metastasis, back	2	1027	GUCA1C	149	46	0.5	metastasis
0	Primary, left ear	7	1028	LAMA2	88	24	0.5	primary
1	Lymph node metastasis, left cervical node	7	1028	LAMA2	82	42	0.5	metastasis
2	Locoregional skin metastasis, left ear	7	1028	LAMA2	45	4	0.5	metastasis
3	Distant skin metastasis, back	7	1028	LAMA2	86	20	0.5	metastasis
0	Primary, left ear	2	1029	FAM184A	126	51	0.5	primary
1	Lymph node metastasis, left cervical node	2	1029	FAM184A	102	37	0.5	metastasis
2	Locoregional skin metastasis, left ear	2	1029	FAM184A	48	22	0.5	metastasis
3	Distant skin metastasis, back	2	1029	FAM184A	104	40	0.5	metastasis
0	Primary, left ear	6	1030	TTN	277	124	0.5	primary
1	Lymph node metastasis, left cervical node	6	1030	TTN	263	77	0.5	metastasis
2	Locoregional skin metastasis, left ear	6	1030	TTN	104	28	0.5	metastasis
3	Distant skin metastasis, back	6	1030	TTN	259	68	0.5	metastasis
0	Primary, left ear	3	1031	MARCO	206	86	0.5	primary
1	Lymph node metastasis, left cervical node	3	1031	MARCO	210	61	0.5	metastasis
2	Locoregional skin metastasis, left ear	3	1031	MARCO	189	28	0.5	metastasis
3	Distant skin metastasis, back	3	1031	MARCO	206	45	0.5	metastasis
0	Primary, left ear	2	1032	LIMCH1	271	129	0.5	primary
1	Lymph node metastasis, left cervical node	2	1032	LIMCH1	330	122	0.5	metastasis
2	Locoregional skin metastasis, left ear	2	1032	LIMCH1	284	66	0.5	metastasis
3	Distant skin metastasis, back	2	1032	LIMCH1	279	155	0.5	metastasis
0	Primary, left ear	7	1033	VWA3B	22	17	0.5	primary
1	Lymph node metastasis, left cervical node	7	1033	VWA3B	32	17	0.5	metastasis
2	Locoregional skin metastasis, left ear	7	1033	VWA3B	49	2	0.5	metastasis
3	Distant skin metastasis, back	7	1033	VWA3B	32	3	0.5	metastasis
0	Primary, left ear	6	1034	TRPM2	25	15	0.5	primary
1	Lymph node metastasis, left cervical node	6	1034	TRPM2	37	12	0.5	metastasis
2	Locoregional skin metastasis, left ear	6	1034	TRPM2	47	7	0.5	metastasis
3	Distant skin metastasis, back	6	1034	TRPM2	27	7	0.5	metastasis
0	Primary, left ear	4	1035	NCOR2	62	20	0.5	primary
1	Lymph node metastasis, left cervical node	4	1035	NCOR2	54	18	0.5	metastasis
2	Locoregional skin metastasis, left ear	4	1035	NCOR2	86	7	0.5	metastasis
3	Distant skin metastasis, back	4	1035	NCOR2	54	23	0.5	metastasis
0	Primary, left ear	2	1036	SPAG17	257	128	0.5	primary
1	Lymph node metastasis, left cervical node	2	1036	SPAG17	275	100	0.5	metastasis
2	Locoregional skin metastasis, left ear	2	1036	SPAG17	120	26	0.5	metastasis
3	Distant skin metastasis, back	2	1036	SPAG17	223	81	0.5	metastasis
0	Primary, left ear	7	1037	LRRIQ4	538	240	0.5	primary
1	Lymph node metastasis, left cervical node	7	1037	LRRIQ4	680	281	0.5	metastasis
2	Locoregional skin metastasis, left ear	7	1037	LRRIQ4	827	182	0.5	metastasis
3	Distant skin metastasis, back	7	1037	LRRIQ4	564	166	0.5	metastasis
0	Primary, left ear	7	1038	CCDC63	108	42	0.5	primary
1	Lymph node metastasis, left cervical node	7	1038	CCDC63	122	60	0.5	metastasis
2	Locoregional skin metastasis, left ear	7	1038	CCDC63	164	43	0.5	metastasis
3	Distant skin metastasis, back	7	1038	CCDC63	142	40	0.5	metastasis
0	Primary, left ear	7	1039	FSIP2	348	160	0.5	primary
1	Lymph node metastasis, left cervical node	7	1039	FSIP2	279	123	0.5	metastasis
2	Locoregional skin metastasis, left ear	7	1039	FSIP2	157	42	0.5	metastasis
3	Distant skin metastasis, back	7	1039	FSIP2	307	88	0.5	metastasis
0	Primary, left ear	2	1040	TDRD5	69	23	0.5	primary
1	Lymph node metastasis, left cervical node	2	1040	TDRD5	87	34	0.5	metastasis
2	Locoregional skin metastasis, left ear	2	1040	TDRD5	45	7	0.5	metastasis
3	Distant skin metastasis, back	2	1040	TDRD5	49	37	0.5	metastasis
0	Primary, left ear	2	1041	SLC19A2	131	65	0.5	primary
1	Lymph node metastasis, left cervical node	2	1041	SLC19A2	158	60	0.5	metastasis
2	Locoregional skin metastasis, left ear	2	1041	SLC19A2	156	23	0.5	metastasis
3	Distant skin metastasis, back	2	1041	SLC19A2	124	56	0.5	metastasis
0	Primary, left ear	2	1042	PLCB4	147	97	0.5	primary
1	Lymph node metastasis, left cervical node	2	1042	PLCB4	132	47	0.5	metastasis
2	Locoregional skin metastasis, left ear	2	1042	PLCB4	62	23	0.5	metastasis
3	Distant skin metastasis, back	2	1042	PLCB4	141	61	0.5	metastasis
0	Primary, left ear	7	1043	MUC16	116	57	0.5	primary
1	Lymph node metastasis, left cervical node	7	1043	MUC16	145	55	0.5	metastasis
2	Locoregional skin metastasis, left ear	7	1043	MUC16	122	21	0.5	metastasis
3	Distant skin metastasis, back	7	1043	MUC16	129	34	0.5	metastasis
0	Primary, left ear	1	1044	GRIK2	344	159	0.5	primary
1	Lymph node metastasis, left cervical node	1	1044	GRIK2	341	116	0.5	metastasis
2	Locoregional skin metastasis, left ear	1	1044	GRIK2	263	60	0.5	metastasis
3	Distant skin metastasis, back	1	1044	GRIK2	307	119	0.5	metastasis
0	Primary, left ear	2	1045	MYH2	137	60	0.5	primary
1	Lymph node metastasis, left cervical node	2	1045	MYH2	103	40	0.5	metastasis
2	Locoregional skin metastasis, left ear	2	1045	MYH2	93	16	0.5	metastasis
3	Distant skin metastasis, back	2	1045	MYH2	79	30	0.5	metastasis
0	Primary, left ear	2	1046	ACD	81	39	0.5	primary
1	Lymph node metastasis, left cervical node	2	1046	ACD	79	25	0.5	metastasis
2	Locoregional skin metastasis, left ear	2	1046	ACD	131	30	0.5	metastasis
3	Distant skin metastasis, back	2	1046	ACD	108	52	0.5	metastasis
0	Primary, left ear	1	1047	OAS2	113	50	0.5	primary
1	Lymph node metastasis, left cervical node	1	1047	OAS2	121	44	0.5	metastasis
2	Locoregional skin metastasis, left ear	1	1047	OAS2	96	10	0.5	metastasis
3	Distant skin metastasis, back	1	1047	OAS2	108	75	0.5	metastasis
0	Primary, left ear	1	1048	INPP5D	389	153	0.5	primary
1	Lymph node metastasis, left cervical node	1	1048	INPP5D	540	143	0.5	metastasis
2	Locoregional skin metastasis, left ear	1	1048	INPP5D	669	116	0.5	metastasis
3	Distant skin metastasis, back	1	1048	INPP5D	517	205	0.5	metastasis
0	Primary, left ear	6	1049	PDE7B	54	31	0.5	primary
1	Lymph node metastasis, left cervical node	6	1049	PDE7B	81	19	0.5	metastasis
2	Locoregional skin metastasis, left ear	6	1049	PDE7B	91	18	0.5	metastasis
3	Distant skin metastasis, back	6	1049	PDE7B	58	23	0.5	metastasis
0	Primary, left ear	3	1050	C1orf88	183	41	0.5	primary
1	Lymph node metastasis, left cervical node	3	1050	C1orf88	190	60	0.5	metastasis
2	Locoregional skin metastasis, left ear	3	1050	C1orf88	160	32	0.5	metastasis
3	Distant skin metastasis, back	3	1050	C1orf88	219	58	0.5	metastasis
0	Primary, left ear	6	1051	TRPM6	168	101	0.5	primary
1	Lymph node metastasis, left cervical node	6	1051	TRPM6	224	48	0.5	metastasis
2	Locoregional skin metastasis, left ear	6	1051	TRPM6	74	24	0.5	metastasis
3	Distant skin metastasis, back	6	1051	TRPM6	219	64	0.5	metastasis
0	Primary, left ear	2	1052	OR13C8	193	89	0.5	primary
1	Lymph node metastasis, left cervical node	2	1052	OR13C8	212	88	0.5	metastasis
2	Locoregional skin metastasis, left ear	2	1052	OR13C8	141	31	0.5	metastasis
3	Distant skin metastasis, back	2	1052	OR13C8	169	60	0.5	metastasis
0	Primary, left ear	7	1053	CACNA1I	222	84	0.5	primary
1	Lymph node metastasis, left cervical node	7	1053	CACNA1I	256	105	0.5	metastasis
2	Locoregional skin metastasis, left ear	7	1053	CACNA1I	230	47	0.5	metastasis
3	Distant skin metastasis, back	7	1053	CACNA1I	227	68	0.5	metastasis
0	Primary, left ear	2	1054	SUGP1	16	6	0.5	primary
1	Lymph node metastasis, left cervical node	2	1054	SUGP1	25	11	0.5	metastasis
2	Locoregional skin metastasis, left ear	2	1054	SUGP1	32	7	0.5	metastasis
3	Distant skin metastasis, back	2	1054	SUGP1	28	10	0.5	metastasis
0	Primary, left ear	4	1055	SPAG17	70	30	0.5	primary
1	Lymph node metastasis, left cervical node	4	1055	SPAG17	82	14	0.5	metastasis
2	Locoregional skin metastasis, left ear	4	1055	SPAG17	31	4	0.5	metastasis
3	Distant skin metastasis, back	4	1055	SPAG17	58	17	0.5	metastasis
0	Primary, left ear	2	1056	C8A	125	64	0.5	primary
1	Lymph node metastasis, left cervical node	2	1056	C8A	149	55	0.5	metastasis
2	Locoregional skin metastasis, left ear	2	1056	C8A	115	39	0.5	metastasis
3	Distant skin metastasis, back	2	1056	C8A	137	36	0.5	metastasis
0	Primary, left ear	7	1057	IL20RA	171	50	0.5	primary
1	Lymph node metastasis, left cervical node	7	1057	IL20RA	198	68	0.5	metastasis
2	Locoregional skin metastasis, left ear	7	1057	IL20RA	177	40	0.5	metastasis
3	Distant skin metastasis, back	7	1057	IL20RA	184	63	0.5	metastasis
0	Primary, left ear	6	1058	CILP2	180	106	0.5	primary
1	Lymph node metastasis, left cervical node	6	1058	CILP2	208	71	0.5	metastasis
2	Locoregional skin metastasis, left ear	6	1058	CILP2	282	56	0.5	metastasis
3	Distant skin metastasis, back	6	1058	CILP2	239	63	0.5	metastasis
0	Primary, left ear	1	1059	SLC7A7	168	79	0.5	primary
1	Lymph node metastasis, left cervical node	1	1059	SLC7A7	238	67	0.5	metastasis
2	Locoregional skin metastasis, left ear	1	1059	SLC7A7	269	70	0.5	metastasis
3	Distant skin metastasis, back	1	1059	SLC7A7	223	83	0.5	metastasis
0	Primary, left ear	7	1060	GJC1	104	39	0.5	primary
1	Lymph node metastasis, left cervical node	7	1060	GJC1	124	48	0.5	metastasis
2	Locoregional skin metastasis, left ear	7	1060	GJC1	104	14	0.5	metastasis
3	Distant skin metastasis, back	7	1060	GJC1	121	37	0.5	metastasis
0	Primary, left ear	1	1061	ABCC8	44	7	0.5	primary
1	Lymph node metastasis, left cervical node	1	1061	ABCC8	37	12	0.5	metastasis
2	Locoregional skin metastasis, left ear	1	1061	ABCC8	54	12	0.5	metastasis
3	Distant skin metastasis, back	1	1061	ABCC8	29	14	0.5	metastasis
0	Primary, left ear	7	1062	C3orf64	75	31	0.5	primary
1	Lymph node metastasis, left cervical node	7	1062	C3orf64	106	41	0.5	metastasis
2	Locoregional skin metastasis, left ear	7	1062	C3orf64	62	10	0.5	metastasis
3	Distant skin metastasis, back	7	1062	C3orf64	95	16	0.5	metastasis
0	Primary, left ear	1	1063	CACNA1E	367	166	0.5	primary
1	Lymph node metastasis, left cervical node	1	1063	CACNA1E	381	114	0.5	metastasis
2	Locoregional skin metastasis, left ear	1	1063	CACNA1E	457	88	0.5	metastasis
3	Distant skin metastasis, back	1	1063	CACNA1E	303	110	0.5	metastasis
0	Primary, left ear	1	1064	MYO18B	170	79	0.5	primary
1	Lymph node metastasis, left cervical node	1	1064	MYO18B	223	54	0.5	metastasis
2	Locoregional skin metastasis, left ear	1	1064	MYO18B	165	27	0.5	metastasis
3	Distant skin metastasis, back	1	1064	MYO18B	178	64	0.5	metastasis
0	Primary, left ear	2	1065	RPH3A	308	162	0.5	primary
1	Lymph node metastasis, left cervical node	2	1065	RPH3A	368	157	0.5	metastasis
2	Locoregional skin metastasis, left ear	2	1065	RPH3A	336	89	0.5	metastasis
3	Distant skin metastasis, back	2	1065	RPH3A	362	116	0.5	metastasis
0	Primary, left ear	1	1066	MPRIP	54	20	0.5	primary
1	Lymph node metastasis, left cervical node	1	1066	MPRIP	52	14	0.5	metastasis
2	Locoregional skin metastasis, left ear	1	1066	MPRIP	99	19	0.5	metastasis
3	Distant skin metastasis, back	1	1066	MPRIP	35	21	0.5	metastasis
0	Primary, left ear	4	1067	TRPM6	146	47	0.5	primary
1	Lymph node metastasis, left cervical node	4	1067	TRPM6	176	59	0.5	metastasis
2	Locoregional skin metastasis, left ear	4	1067	TRPM6	86	10	0.5	metastasis
3	Distant skin metastasis, back	4	1067	TRPM6	150	51	0.5	metastasis
0	Primary, left ear	4	1068	SPHKAP	185	87	0.5	primary
1	Lymph node metastasis, left cervical node	4	1068	SPHKAP	258	65	0.5	metastasis
2	Locoregional skin metastasis, left ear	4	1068	SPHKAP	365	65	0.5	metastasis
3	Distant skin metastasis, back	4	1068	SPHKAP	206	68	0.5	metastasis
0	Primary, left ear	2	1069	PRTFDC1	135	67	0.5	primary
1	Lymph node metastasis, left cervical node	2	1069	PRTFDC1	160	67	0.5	metastasis
2	Locoregional skin metastasis, left ear	2	1069	PRTFDC1	197	60	0.5	metastasis
3	Distant skin metastasis, back	2	1069	PRTFDC1	158	70	0.5	metastasis
0	Primary, left ear	7	1070	MYO18B	172	68	0.5	primary
1	Lymph node metastasis, left cervical node	7	1070	MYO18B	193	71	0.5	metastasis
2	Locoregional skin metastasis, left ear	7	1070	MYO18B	227	56	0.5	metastasis
3	Distant skin metastasis, back	7	1070	MYO18B	175	45	0.5	metastasis
0	Primary, left ear	1	1071	PER1	78	28	0.5	primary
1	Lymph node metastasis, left cervical node	1	1071	PER1	81	20	0.5	metastasis
2	Locoregional skin metastasis, left ear	1	1071	PER1	60	19	0.5	metastasis
3	Distant skin metastasis, back	1	1071	PER1	65	29	0.5	metastasis
0	Primary, left ear	2	1072	ZNF668	66	38	0.5	primary
1	Lymph node metastasis, left cervical node	2	1072	ZNF668	110	52	0.5	metastasis
2	Locoregional skin metastasis, left ear	2	1072	ZNF668	110	32	0.5	metastasis
3	Distant skin metastasis, back	2	1072	ZNF668	88	31	0.5	metastasis
0	Primary, left ear	4	1073	BC049386	61	19	0.5	primary
1	Lymph node metastasis, left cervical node	4	1073	BC049386	55	18	0.5	metastasis
2	Locoregional skin metastasis, left ear	4	1073	BC049386	71	9	0.5	metastasis
3	Distant skin metastasis, back	4	1073	BC049386	68	18	0.5	metastasis
0	Primary, left ear	5	1074	NKAIN1	16	1	0.5	primary
1	Lymph node metastasis, left cervical node	5	1074	NKAIN1	20	1	0.5	metastasis
2	Locoregional skin metastasis, left ear	5	1074	NKAIN1	35	8	0.5	metastasis
3	Distant skin metastasis, back	5	1074	NKAIN1	24	1	0.5	metastasis
0	Primary, left ear	6	1075	PNKD	80	41	0.5	primary
1	Lymph node metastasis, left cervical node	6	1075	PNKD	125	30	0.5	metastasis
2	Locoregional skin metastasis, left ear	6	1075	PNKD	160	30	0.5	metastasis
3	Distant skin metastasis, back	6	1075	PNKD	82	19	0.5	metastasis
0	Primary, left ear	6	1076	FAM188A	215	117	0.5	primary
1	Lymph node metastasis, left cervical node	6	1076	FAM188A	272	83	0.5	metastasis
2	Locoregional skin metastasis, left ear	6	1076	FAM188A	117	29	0.5	metastasis
3	Distant skin metastasis, back	6	1076	FAM188A	231	83	0.5	metastasis
0	Primary, left ear	2	1077	VWA3B	95	47	0.5	primary
1	Lymph node metastasis, left cervical node	2	1077	VWA3B	110	40	0.5	metastasis
2	Locoregional skin metastasis, left ear	2	1077	VWA3B	104	28	0.5	metastasis
3	Distant skin metastasis, back	2	1077	VWA3B	89	51	0.5	metastasis
0	Primary, left ear	6	1078	ATP1A1	94	68	0.5	primary
1	Lymph node metastasis, left cervical node	6	1078	ATP1A1	138	49	0.5	metastasis
2	Locoregional skin metastasis, left ear	6	1078	ATP1A1	102	8	0.5	metastasis
3	Distant skin metastasis, back	6	1078	ATP1A1	116	32	0.5	metastasis
0	Primary, left ear	2	1079	MYO7B	37	20	0.5	primary
1	Lymph node metastasis, left cervical node	2	1079	MYO7B	40	20	0.5	metastasis
2	Locoregional skin metastasis, left ear	2	1079	MYO7B	38	10	0.5	metastasis
3	Distant skin metastasis, back	2	1079	MYO7B	29	16	0.5	metastasis
0	Primary, left ear	2	1080	SPON1	109	35	0.5	primary
1	Lymph node metastasis, left cervical node	2	1080	SPON1	91	49	0.5	metastasis
2	Locoregional skin metastasis, left ear	2	1080	SPON1	109	36	0.5	metastasis
3	Distant skin metastasis, back	2	1080	SPON1	78	38	0.5	metastasis
0	Primary, left ear	2	1081	LSP1	125	64	0.5	primary
1	Lymph node metastasis, left cervical node	2	1081	LSP1	142	64	0.5	metastasis
2	Locoregional skin metastasis, left ear	2	1081	LSP1	171	36	0.5	metastasis
3	Distant skin metastasis, back	2	1081	LSP1	136	57	0.5	metastasis
0	Primary, left ear	2	1082	DEFB125	452	179	0.5	primary
1	Lymph node metastasis, left cervical node	2	1082	DEFB125	467	185	0.5	metastasis
2	Locoregional skin metastasis, left ear	2	1082	DEFB125	246	75	0.5	metastasis
3	Distant skin metastasis, back	2	1082	DEFB125	407	161	0.5	metastasis
0	Primary, left ear	2	1083	SLC4A3	121	35	0.5	primary
1	Lymph node metastasis, left cervical node	2	1083	SLC4A3	109	48	0.5	metastasis
2	Locoregional skin metastasis, left ear	2	1083	SLC4A3	99	31	0.5	metastasis
3	Distant skin metastasis, back	2	1083	SLC4A3	102	37	0.5	metastasis
0	Primary, left ear	2	1084	GPR139	81	34	0.5	primary
1	Lymph node metastasis, left cervical node	2	1084	GPR139	97	42	0.5	metastasis
2	Locoregional skin metastasis, left ear	2	1084	GPR139	97	28	0.5	metastasis
3	Distant skin metastasis, back	2	1084	GPR139	69	32	0.5	metastasis
0	Primary, left ear	2	1085	C16orf92	252	136	0.5	primary
1	Lymph node metastasis, left cervical node	2	1085	C16orf92	330	142	0.5	metastasis
2	Locoregional skin metastasis, left ear	2	1085	C16orf92	457	91	0.5	metastasis
3	Distant skin metastasis, back	2	1085	C16orf92	350	120	0.5	metastasis
0	Primary, left ear	2	1086	ASTN1	32	21	0.5	primary
1	Lymph node metastasis, left cervical node	2	1086	ASTN1	49	24	0.5	metastasis
2	Locoregional skin metastasis, left ear	2	1086	ASTN1	60	17	0.5	metastasis
3	Distant skin metastasis, back	2	1086	ASTN1	46	9	0.5	metastasis
0	Primary, left ear	4	1087	MAN1B1	188	77	0.5	primary
1	Lymph node metastasis, left cervical node	4	1087	MAN1B1	201	63	0.5	metastasis
2	Locoregional skin metastasis, left ear	4	1087	MAN1B1	295	45	0.5	metastasis
3	Distant skin metastasis, back	4	1087	MAN1B1	179	68	0.5	metastasis
0	Primary, left ear	2	1088	OSBPL11	53	32	0.5	primary
1	Lymph node metastasis, left cervical node	2	1088	OSBPL11	83	35	0.5	metastasis
2	Locoregional skin metastasis, left ear	2	1088	OSBPL11	52	10	0.5	metastasis
3	Distant skin metastasis, back	2	1088	OSBPL11	99	31	0.5	metastasis
0	Primary, left ear	2	1089	CA5A	76	29	0.5	primary
1	Lymph node metastasis, left cervical node	2	1089	CA5A	76	30	0.5	metastasis
2	Locoregional skin metastasis, left ear	2	1089	CA5A	54	24	0.5	metastasis
3	Distant skin metastasis, back	2	1089	CA5A	72	31	0.5	metastasis
0	Primary, left ear	1	1090	ZNF268	98	38	0.5	primary
1	Lymph node metastasis, left cervical node	1	1090	ZNF268	113	39	0.5	metastasis
2	Locoregional skin metastasis, left ear	1	1090	ZNF268	37	7	0.5	metastasis
3	Distant skin metastasis, back	1	1090	ZNF268	97	35	0.5	metastasis
0	Primary, left ear	1	1091	ALDH1L2	538	253	0.5	primary
1	Lymph node metastasis, left cervical node	1	1091	ALDH1L2	655	217	0.5	metastasis
2	Locoregional skin metastasis, left ear	1	1091	ALDH1L2	277	67	0.5	metastasis
3	Distant skin metastasis, back	1	1091	ALDH1L2	533	194	0.5	metastasis
0	Primary, left ear	2	1092	SRSF7	101	45	0.5	primary
1	Lymph node metastasis, left cervical node	2	1092	SRSF7	117	49	0.5	metastasis
2	Locoregional skin metastasis, left ear	2	1092	SRSF7	49	22	0.5	metastasis
3	Distant skin metastasis, back	2	1092	SRSF7	106	42	0.5	metastasis
0	Primary, left ear	7	1093	FSHR	112	58	0.5	primary
1	Lymph node metastasis, left cervical node	7	1093	FSHR	112	50	0.5	metastasis
2	Locoregional skin metastasis, left ear	7	1093	FSHR	163	34	0.5	metastasis
3	Distant skin metastasis, back	7	1093	FSHR	141	33	0.5	metastasis
0	Primary, left ear	2	1094	MOXD1	104	54	0.5	primary
1	Lymph node metastasis, left cervical node	2	1094	MOXD1	105	41	0.5	metastasis
2	Locoregional skin metastasis, left ear	2	1094	MOXD1	40	10	0.5	metastasis
3	Distant skin metastasis, back	2	1094	MOXD1	79	25	0.5	metastasis
0	Primary, left ear	2	1095	CHAF1B	30	14	0.5	primary
1	Lymph node metastasis, left cervical node	2	1095	CHAF1B	33	24	0.5	metastasis
2	Locoregional skin metastasis, left ear	2	1095	CHAF1B	52	13	0.5	metastasis
3	Distant skin metastasis, back	2	1095	CHAF1B	37	21	0.5	metastasis
0	Primary, left ear	2	1096	av27s1	271	104	0.5	primary
1	Lymph node metastasis, left cervical node	2	1096	av27s1	252	110	0.5	metastasis
2	Locoregional skin metastasis, left ear	2	1096	av27s1	167	46	0.5	metastasis
3	Distant skin metastasis, back	2	1096	av27s1	246	93	0.5	metastasis
0	Primary, left ear	2	1097	C6orf97	50	18	0.5	primary
1	Lymph node metastasis, left cervical node	2	1097	C6orf97	67	24	0.5	metastasis
2	Locoregional skin metastasis, left ear	2	1097	C6orf97	20	7	0.5	metastasis
3	Distant skin metastasis, back	2	1097	C6orf97	52	15	0.5	metastasis
0	Primary, left ear	1	1098	SMOC2	52	21	0.5	primary
1	Lymph node metastasis, left cervical node	1	1098	SMOC2	50	10	0.5	metastasis
2	Locoregional skin metastasis, left ear	1	1098	SMOC2	58	22	0.5	metastasis
3	Distant skin metastasis, back	1	1098	SMOC2	43	20	0.5	metastasis
0	Primary, left ear	4	1099	SCN7A	94	43	0.5	primary
1	Lymph node metastasis, left cervical node	4	1099	SCN7A	94	18	0.5	metastasis
2	Locoregional skin metastasis, left ear	4	1099	SCN7A	59	5	0.5	metastasis
3	Distant skin metastasis, back	4	1099	SCN7A	60	21	0.5	metastasis
0	Primary, left ear	2	1100	BCL6	43	16	0.5	primary
1	Lymph node metastasis, left cervical node	2	1100	BCL6	48	18	0.5	metastasis
2	Locoregional skin metastasis, left ear	2	1100	BCL6	71	10	0.5	metastasis
3	Distant skin metastasis, back	2	1100	BCL6	43	21	0.5	metastasis
0	Primary, left ear	4	1101	RGSL1	82	29	0.5	primary
1	Lymph node metastasis, left cervical node	4	1101	RGSL1	115	34	0.5	metastasis
2	Locoregional skin metastasis, left ear	4	1101	RGSL1	78	16	0.5	metastasis
3	Distant skin metastasis, back	4	1101	RGSL1	92	22	0.5	metastasis
0	Primary, left ear	5	1102	OR5L1	90	17	0.5	primary
1	Lymph node metastasis, left cervical node	5	1102	OR5L1	84	7	0.5	metastasis
2	Locoregional skin metastasis, left ear	5	1102	OR5L1	45	2	0.5	metastasis
3	Distant skin metastasis, back	5	1102	OR5L1	74	7	0.5	metastasis
0	Primary, left ear	2	1103	PRDM1	17	5	0.5	primary
1	Lymph node metastasis, left cervical node	2	1103	PRDM1	11	6	0.5	metastasis
2	Locoregional skin metastasis, left ear	2	1103	PRDM1	11	7	0.5	metastasis
3	Distant skin metastasis, back	2	1103	PRDM1	7	3	0.5	metastasis
0	Primary, left ear	2	1104	MYH15	128	72	0.5	primary
1	Lymph node metastasis, left cervical node	2	1104	MYH15	135	64	0.5	metastasis
2	Locoregional skin metastasis, left ear	2	1104	MYH15	121	20	0.5	metastasis
3	Distant skin metastasis, back	2	1104	MYH15	123	45	0.5	metastasis
0	Primary, left ear	1	1105	VMP1	54	21	0.5	primary
1	Lymph node metastasis, left cervical node	1	1105	VMP1	76	17	0.5	metastasis
2	Locoregional skin metastasis, left ear	1	1105	VMP1	24	6	0.5	metastasis
3	Distant skin metastasis, back	1	1105	VMP1	61	28	0.5	metastasis
0	Primary, left ear	3	1106	TEP1	56	18	0.5	primary
1	Lymph node metastasis, left cervical node	3	1106	TEP1	52	19	0.5	metastasis
2	Locoregional skin metastasis, left ear	3	1106	TEP1	54	11	0.5	metastasis
3	Distant skin metastasis, back	3	1106	TEP1	56	5	0.5	metastasis
0	Primary, left ear	2	1107	HEATR4	6	0	0.5	primary
1	Lymph node metastasis, left cervical node	2	1107	HEATR4	3	9	0.5	metastasis
2	Locoregional skin metastasis, left ear	2	1107	HEATR4	14	2	0.5	metastasis
3	Distant skin metastasis, back	2	1107	HEATR4	8	6	0.5	metastasis
0	Primary, left ear	2	1108	NPAS3	208	106	0.5	primary
1	Lymph node metastasis, left cervical node	2	1108	NPAS3	214	84	0.5	metastasis
2	Locoregional skin metastasis, left ear	2	1108	NPAS3	178	48	0.5	metastasis
3	Distant skin metastasis, back	2	1108	NPAS3	176	62	0.5	metastasis
0	Primary, left ear	6	1109	RNF24	58	34	0.5	primary
1	Lymph node metastasis, left cervical node	6	1109	RNF24	59	17	0.5	metastasis
2	Locoregional skin metastasis, left ear	6	1109	RNF24	80	18	0.5	metastasis
3	Distant skin metastasis, back	6	1109	RNF24	77	20	0.5	metastasis
0	Primary, left ear	2	1110	RTN3	86	38	0.5	primary
1	Lymph node metastasis, left cervical node	2	1110	RTN3	132	56	0.5	metastasis
2	Locoregional skin metastasis, left ear	2	1110	RTN3	53	13	0.5	metastasis
3	Distant skin metastasis, back	2	1110	RTN3	91	39	0.5	metastasis
0	Primary, left ear	6	1111	SLC47A2	14	13	0.5	primary
1	Lymph node metastasis, left cervical node	6	1111	SLC47A2	24	2	0.5	metastasis
2	Locoregional skin metastasis, left ear	6	1111	SLC47A2	28	5	0.5	metastasis
3	Distant skin metastasis, back	6	1111	SLC47A2	21	5	0.5	metastasis
0	Primary, left ear	1	1112	USHBP1	167	87	0.5	primary
1	Lymph node metastasis, left cervical node	1	1112	USHBP1	263	84	0.5	metastasis
2	Locoregional skin metastasis, left ear	1	1112	USHBP1	237	49	0.5	metastasis
3	Distant skin metastasis, back	1	1112	USHBP1	214	94	0.5	metastasis
0	Primary, left ear	7	1113	DNAH6	73	44	0.5	primary
1	Lymph node metastasis, left cervical node	7	1113	DNAH6	102	39	0.5	metastasis
2	Locoregional skin metastasis, left ear	7	1113	DNAH6	111	15	0.5	metastasis
3	Distant skin metastasis, back	7	1113	DNAH6	97	29	0.5	metastasis
0	Primary, left ear	2	1114	TBC1D20	10	6	0.5	primary
1	Lymph node metastasis, left cervical node	2	1114	TBC1D20	6	6	0.5	metastasis
2	Locoregional skin metastasis, left ear	2	1114	TBC1D20	32	5	0.5	metastasis
3	Distant skin metastasis, back	2	1114	TBC1D20	22	5	0.5	metastasis
0	Primary, left ear	6	1115	AK125594	50	35	0.5	primary
1	Lymph node metastasis, left cervical node	6	1115	AK125594	52	8	0.5	metastasis
2	Locoregional skin metastasis, left ear	6	1115	AK125594	28	3	0.5	metastasis
3	Distant skin metastasis, back	6	1115	AK125594	58	20	0.5	metastasis
0	Primary, left ear	2	1116	RET	95	55	0.5	primary
1	Lymph node metastasis, left cervical node	2	1116	RET	99	38	0.5	metastasis
2	Locoregional skin metastasis, left ear	2	1116	RET	99	21	0.5	metastasis
3	Distant skin metastasis, back	2	1116	RET	112	38	0.5	metastasis
0	Primary, left ear	2	1117	ANK3	53	25	0.5	primary
1	Lymph node metastasis, left cervical node	2	1117	ANK3	63	23	0.5	metastasis
2	Locoregional skin metastasis, left ear	2	1117	ANK3	84	14	0.5	metastasis
3	Distant skin metastasis, back	2	1117	ANK3	50	23	0.5	metastasis
0	Primary, left ear	2	1118	MSLNL	134	80	0.5	primary
1	Lymph node metastasis, left cervical node	2	1118	MSLNL	172	77	0.5	metastasis
2	Locoregional skin metastasis, left ear	2	1118	MSLNL	213	61	0.5	metastasis
3	Distant skin metastasis, back	2	1118	MSLNL	136	90	0.5	metastasis
0	Primary, left ear	4	1119	OGDHL	253	98	0.5	primary
1	Lymph node metastasis, left cervical node	4	1119	OGDHL	307	98	0.5	metastasis
2	Locoregional skin metastasis, left ear	4	1119	OGDHL	485	101	0.5	metastasis
3	Distant skin metastasis, back	4	1119	OGDHL	283	75	0.5	metastasis
0	Primary, left ear	2	1120	BAI3	158	82	0.5	primary
1	Lymph node metastasis, left cervical node	2	1120	BAI3	154	60	0.5	metastasis
2	Locoregional skin metastasis, left ear	2	1120	BAI3	59	13	0.5	metastasis
3	Distant skin metastasis, back	2	1120	BAI3	178	77	0.5	metastasis
0	Primary, left ear	2	1121	BIRC6	205	104	0.5	primary
1	Lymph node metastasis, left cervical node	2	1121	BIRC6	256	103	0.5	metastasis
2	Locoregional skin metastasis, left ear	2	1121	BIRC6	128	31	0.5	metastasis
3	Distant skin metastasis, back	2	1121	BIRC6	218	81	0.5	metastasis
0	Primary, left ear	2	1122	REG1B	29	15	0.5	primary
1	Lymph node metastasis, left cervical node	2	1122	REG1B	23	16	0.5	metastasis
2	Locoregional skin metastasis, left ear	2	1122	REG1B	23	8	0.5	metastasis
3	Distant skin metastasis, back	2	1122	REG1B	24	10	0.5	metastasis
0	Primary, left ear	6	1123	OR4A15	324	154	0.5	primary
1	Lymph node metastasis, left cervical node	6	1123	OR4A15	308	104	0.5	metastasis
2	Locoregional skin metastasis, left ear	6	1123	OR4A15	148	41	0.5	metastasis
3	Distant skin metastasis, back	6	1123	OR4A15	275	72	0.5	metastasis
0	Primary, left ear	5	1124	DDX54	36	0	0.5	primary
1	Lymph node metastasis, left cervical node	5	1124	DDX54	24	4	0.5	metastasis
2	Locoregional skin metastasis, left ear	5	1124	DDX54	27	0	0.5	metastasis
3	Distant skin metastasis, back	5	1124	DDX54	42	0	0.5	metastasis
0	Primary, left ear	2	1125	BMP10	235	111	0.5	primary
1	Lymph node metastasis, left cervical node	2	1125	BMP10	234	106	0.5	metastasis
2	Locoregional skin metastasis, left ear	2	1125	BMP10	220	42	0.5	metastasis
3	Distant skin metastasis, back	2	1125	BMP10	250	100	0.5	metastasis
0	Primary, left ear	4	1126	ASTN2	118	48	0.5	primary
1	Lymph node metastasis, left cervical node	4	1126	ASTN2	148	46	0.5	metastasis
2	Locoregional skin metastasis, left ear	4	1126	ASTN2	168	25	0.5	metastasis
3	Distant skin metastasis, back	4	1126	ASTN2	158	48	0.5	metastasis
0	Primary, left ear	2	1127	HS3ST6	84	42	0.5	primary
1	Lymph node metastasis, left cervical node	2	1127	HS3ST6	132	42	0.5	metastasis
2	Locoregional skin metastasis, left ear	2	1127	HS3ST6	181	43	0.5	metastasis
3	Distant skin metastasis, back	2	1127	HS3ST6	110	38	0.5	metastasis
0	Primary, left ear	2	1128	TTN	234	121	0.5	primary
1	Lymph node metastasis, left cervical node	2	1128	TTN	198	98	0.5	metastasis
2	Locoregional skin metastasis, left ear	2	1128	TTN	153	40	0.5	metastasis
3	Distant skin metastasis, back	2	1128	TTN	208	66	0.5	metastasis
0	Primary, left ear	7	1129	NOS1	48	23	0.5	primary
1	Lymph node metastasis, left cervical node	7	1129	NOS1	58	28	0.5	metastasis
2	Locoregional skin metastasis, left ear	7	1129	NOS1	79	7	0.5	metastasis
3	Distant skin metastasis, back	7	1129	NOS1	53	14	0.5	metastasis
0	Primary, left ear	6	1130	DNAH14	206	107	0.5	primary
1	Lymph node metastasis, left cervical node	6	1130	DNAH14	256	72	0.5	metastasis
2	Locoregional skin metastasis, left ear	6	1130	DNAH14	101	23	0.5	metastasis
3	Distant skin metastasis, back	6	1130	DNAH14	217	81	0.5	metastasis
0	Primary, left ear	2	1131	CD6	37	19	0.5	primary
1	Lymph node metastasis, left cervical node	2	1131	CD6	38	15	0.5	metastasis
2	Locoregional skin metastasis, left ear	2	1131	CD6	38	14	0.5	metastasis
3	Distant skin metastasis, back	2	1131	CD6	33	14	0.5	metastasis
0	Primary, left ear	1	1132	MIA2	163	78	0.5	primary
1	Lymph node metastasis, left cervical node	1	1132	MIA2	198	46	0.5	metastasis
2	Locoregional skin metastasis, left ear	1	1132	MIA2	106	29	0.5	metastasis
3	Distant skin metastasis, back	1	1132	MIA2	163	70	0.5	metastasis
0	Primary, left ear	2	1133	TMC8	121	85	0.5	primary
1	Lymph node metastasis, left cervical node	2	1133	TMC8	111	58	0.5	metastasis
2	Locoregional skin metastasis, left ear	2	1133	TMC8	181	47	0.5	metastasis
3	Distant skin metastasis, back	2	1133	TMC8	137	67	0.5	metastasis
0	Primary, left ear	7	1134	MUC16	110	44	0.5	primary
1	Lymph node metastasis, left cervical node	7	1134	MUC16	134	54	0.5	metastasis
2	Locoregional skin metastasis, left ear	7	1134	MUC16	75	16	0.5	metastasis
3	Distant skin metastasis, back	7	1134	MUC16	117	25	0.5	metastasis
0	Primary, left ear	4	1135	ADAMTS18	452	149	0.5	primary
1	Lymph node metastasis, left cervical node	4	1135	ADAMTS18	554	155	0.5	metastasis
2	Locoregional skin metastasis, left ear	4	1135	ADAMTS18	583	101	0.5	metastasis
3	Distant skin metastasis, back	4	1135	ADAMTS18	432	117	0.5	metastasis
0	Primary, left ear	0	1136	HNRNPM	42	0	0.5	primary
1	Lymph node metastasis, left cervical node	0	1136	HNRNPM	60	0	0.5	metastasis
2	Locoregional skin metastasis, left ear	0	1136	HNRNPM	26	4	0.5	metastasis
3	Distant skin metastasis, back	0	1136	HNRNPM	47	0	0.5	metastasis
0	Primary, left ear	1	1137	DGCR8	151	66	0.5	primary
1	Lymph node metastasis, left cervical node	1	1137	DGCR8	158	45	0.5	metastasis
2	Locoregional skin metastasis, left ear	1	1137	DGCR8	235	41	0.5	metastasis
3	Distant skin metastasis, back	1	1137	DGCR8	132	70	0.5	metastasis
0	Primary, left ear	2	1138	SGMS1	303	143	0.5	primary
1	Lymph node metastasis, left cervical node	2	1138	SGMS1	348	142	0.5	metastasis
2	Locoregional skin metastasis, left ear	2	1138	SGMS1	446	108	0.5	metastasis
3	Distant skin metastasis, back	2	1138	SGMS1	315	104	0.5	metastasis
0	Primary, left ear	4	1139	ESPNL	68	18	0.5	primary
1	Lymph node metastasis, left cervical node	4	1139	ESPNL	57	17	0.5	metastasis
2	Locoregional skin metastasis, left ear	4	1139	ESPNL	79	16	0.5	metastasis
3	Distant skin metastasis, back	4	1139	ESPNL	85	21	0.5	metastasis
0	Primary, left ear	2	1140	COL6A2	76	42	0.5	primary
1	Lymph node metastasis, left cervical node	2	1140	COL6A2	75	34	0.5	metastasis
2	Locoregional skin metastasis, left ear	2	1140	COL6A2	111	28	0.5	metastasis
3	Distant skin metastasis, back	2	1140	COL6A2	63	35	0.5	metastasis
0	Primary, left ear	4	1141	LCA5L	102	33	0.5	primary
1	Lymph node metastasis, left cervical node	4	1141	LCA5L	118	40	0.5	metastasis
2	Locoregional skin metastasis, left ear	4	1141	LCA5L	42	7	0.5	metastasis
3	Distant skin metastasis, back	4	1141	LCA5L	107	31	0.5	metastasis
0	Primary, left ear	6	1142	P2RY2	282	147	0.5	primary
1	Lymph node metastasis, left cervical node	6	1142	P2RY2	304	111	0.5	metastasis
2	Locoregional skin metastasis, left ear	6	1142	P2RY2	346	73	0.5	metastasis
3	Distant skin metastasis, back	6	1142	P2RY2	315	81	0.5	metastasis
0	Primary, left ear	2	1143	KIAA1239	53	18	0.5	primary
1	Lymph node metastasis, left cervical node	2	1143	KIAA1239	50	20	0.5	metastasis
2	Locoregional skin metastasis, left ear	2	1143	KIAA1239	15	7	0.5	metastasis
3	Distant skin metastasis, back	2	1143	KIAA1239	60	32	0.5	metastasis
0	Primary, left ear	7	1144	ZNF169	198	70	0.5	primary
1	Lymph node metastasis, left cervical node	7	1144	ZNF169	213	88	0.5	metastasis
2	Locoregional skin metastasis, left ear	7	1144	ZNF169	206	42	0.5	metastasis
3	Distant skin metastasis, back	7	1144	ZNF169	178	62	0.5	metastasis
0	Primary, left ear	6	1145	CCDC88B	61	31	0.5	primary
1	Lymph node metastasis, left cervical node	6	1145	CCDC88B	87	18	0.5	metastasis
2	Locoregional skin metastasis, left ear	6	1145	CCDC88B	48	14	0.5	metastasis
3	Distant skin metastasis, back	6	1145	CCDC88B	83	26	0.5	metastasis
0	Primary, left ear	2	1146	MGEA5	29	10	0.5	primary
1	Lymph node metastasis, left cervical node	2	1146	MGEA5	32	18	0.5	metastasis
2	Locoregional skin metastasis, left ear	2	1146	MGEA5	12	3	0.5	metastasis
3	Distant skin metastasis, back	2	1146	MGEA5	45	15	0.5	metastasis
0	Primary, left ear	7	1147	MAPK4	157	58	0.5	primary
1	Lymph node metastasis, left cervical node	7	1147	MAPK4	174	63	0.5	metastasis
2	Locoregional skin metastasis, left ear	7	1147	MAPK4	329	68	0.5	metastasis
3	Distant skin metastasis, back	7	1147	MAPK4	191	45	0.5	metastasis
0	Primary, left ear	7	1148	CABYR	75	30	0.5	primary
1	Lymph node metastasis, left cervical node	7	1148	CABYR	76	27	0.5	metastasis
2	Locoregional skin metastasis, left ear	7	1148	CABYR	69	9	0.5	metastasis
3	Distant skin metastasis, back	7	1148	CABYR	76	23	0.5	metastasis
0	Primary, left ear	7	1149	ONECUT2	82	39	0.5	primary
1	Lymph node metastasis, left cervical node	7	1149	ONECUT2	75	47	0.5	metastasis
2	Locoregional skin metastasis, left ear	7	1149	ONECUT2	109	21	0.5	metastasis
3	Distant skin metastasis, back	7	1149	ONECUT2	86	20	0.5	metastasis
0	Primary, left ear	2	1150	CYP4F12	114	61	0.5	primary
1	Lymph node metastasis, left cervical node	2	1150	CYP4F12	169	56	0.5	metastasis
2	Locoregional skin metastasis, left ear	2	1150	CYP4F12	197	49	0.5	metastasis
3	Distant skin metastasis, back	2	1150	CYP4F12	116	52	0.5	metastasis
0	Primary, left ear	4	1151	CNTNAP4	181	60	0.5	primary
1	Lymph node metastasis, left cervical node	4	1151	CNTNAP4	171	36	0.5	metastasis
2	Locoregional skin metastasis, left ear	4	1151	CNTNAP4	87	15	0.5	metastasis
3	Distant skin metastasis, back	4	1151	CNTNAP4	150	51	0.5	metastasis
0	Primary, left ear	2	1152	NWD1	35	17	0.5	primary
1	Lymph node metastasis, left cervical node	2	1152	NWD1	53	25	0.5	metastasis
2	Locoregional skin metastasis, left ear	2	1152	NWD1	69	19	0.5	metastasis
3	Distant skin metastasis, back	2	1152	NWD1	54	25	0.5	metastasis
0	Primary, left ear	2	1153	PTGS1	114	67	0.5	primary
1	Lymph node metastasis, left cervical node	2	1153	PTGS1	108	40	0.5	metastasis
2	Locoregional skin metastasis, left ear	2	1153	PTGS1	150	25	0.5	metastasis
3	Distant skin metastasis, back	2	1153	PTGS1	143	50	0.5	metastasis
0	Primary, left ear	4	1154	CSNK2A1	18	5	0.5	primary
1	Lymph node metastasis, left cervical node	4	1154	CSNK2A1	9	0	0.5	metastasis
2	Locoregional skin metastasis, left ear	4	1154	CSNK2A1	7	0	0.5	metastasis
3	Distant skin metastasis, back	4	1154	CSNK2A1	4	1	0.5	metastasis
0	Primary, left ear	2	1155	METAP1D	107	48	0.5	primary
1	Lymph node metastasis, left cervical node	2	1155	METAP1D	129	39	0.5	metastasis
2	Locoregional skin metastasis, left ear	2	1155	METAP1D	37	16	0.5	metastasis
3	Distant skin metastasis, back	2	1155	METAP1D	83	31	0.5	metastasis
0	Primary, left ear	2	1156	SH2D3A	27	9	0.5	primary
1	Lymph node metastasis, left cervical node	2	1156	SH2D3A	28	10	0.5	metastasis
2	Locoregional skin metastasis, left ear	2	1156	SH2D3A	41	9	0.5	metastasis
3	Distant skin metastasis, back	2	1156	SH2D3A	39	12	0.5	metastasis
0	Primary, left ear	2	1157	IL12RB1	16	7	0.5	primary
1	Lymph node metastasis, left cervical node	2	1157	IL12RB1	31	12	0.5	metastasis
2	Locoregional skin metastasis, left ear	2	1157	IL12RB1	36	10	0.5	metastasis
3	Distant skin metastasis, back	2	1157	IL12RB1	38	10	0.5	metastasis
0	Primary, left ear	6	1158	SHISA9	165	75	0.5	primary
1	Lymph node metastasis, left cervical node	6	1158	SHISA9	184	42	0.5	metastasis
2	Locoregional skin metastasis, left ear	6	1158	SHISA9	215	44	0.5	metastasis
3	Distant skin metastasis, back	6	1158	SHISA9	170	54	0.5	metastasis
0	Primary, left ear	1	1159	FOXA2	162	78	0.5	primary
1	Lymph node metastasis, left cervical node	1	1159	FOXA2	159	54	0.5	metastasis
2	Locoregional skin metastasis, left ear	1	1159	FOXA2	227	45	0.5	metastasis
3	Distant skin metastasis, back	1	1159	FOXA2	166	59	0.5	metastasis
0	Primary, left ear	1	1160	FLJ22184	73	37	0.5	primary
1	Lymph node metastasis, left cervical node	1	1160	FLJ22184	118	35	0.5	metastasis
2	Locoregional skin metastasis, left ear	1	1160	FLJ22184	102	20	0.5	metastasis
3	Distant skin metastasis, back	1	1160	FLJ22184	105	56	0.5	metastasis
0	Primary, left ear	1	1161	HIVEP2	311	145	0.5	primary
1	Lymph node metastasis, left cervical node	1	1161	HIVEP2	396	124	0.5	metastasis
2	Locoregional skin metastasis, left ear	1	1161	HIVEP2	321	68	0.5	metastasis
3	Distant skin metastasis, back	1	1161	HIVEP2	308	115	0.5	metastasis
0	Primary, left ear	2	1162	FYN	154	55	0.5	primary
1	Lymph node metastasis, left cervical node	2	1162	FYN	169	66	0.5	metastasis
2	Locoregional skin metastasis, left ear	2	1162	FYN	155	48	0.5	metastasis
3	Distant skin metastasis, back	2	1162	FYN	126	68	0.5	metastasis
0	Primary, left ear	6	1163	ANAPC7	98	57	0.5	primary
1	Lymph node metastasis, left cervical node	6	1163	ANAPC7	135	48	0.5	metastasis
2	Locoregional skin metastasis, left ear	6	1163	ANAPC7	63	11	0.5	metastasis
3	Distant skin metastasis, back	6	1163	ANAPC7	110	33	0.5	metastasis
0	Primary, left ear	2	1164	PCNXL2	144	74	0.5	primary
1	Lymph node metastasis, left cervical node	2	1164	PCNXL2	200	80	0.5	metastasis
2	Locoregional skin metastasis, left ear	2	1164	PCNXL2	188	38	0.5	metastasis
3	Distant skin metastasis, back	2	1164	PCNXL2	175	67	0.5	metastasis
0	Primary, left ear	1	1165	DSC2	102	49	0.5	primary
1	Lymph node metastasis, left cervical node	1	1165	DSC2	108	31	0.5	metastasis
2	Locoregional skin metastasis, left ear	1	1165	DSC2	50	8	0.5	metastasis
3	Distant skin metastasis, back	1	1165	DSC2	91	33	0.5	metastasis
0	Primary, left ear	2	1166	TUBAL3	178	89	0.5	primary
1	Lymph node metastasis, left cervical node	2	1166	TUBAL3	228	98	0.5	metastasis
2	Locoregional skin metastasis, left ear	2	1166	TUBAL3	236	38	0.5	metastasis
3	Distant skin metastasis, back	2	1166	TUBAL3	188	84	0.5	metastasis
0	Primary, left ear	2	1167	WNK4	61	31	0.5	primary
1	Lymph node metastasis, left cervical node	2	1167	WNK4	66	18	0.5	metastasis
2	Locoregional skin metastasis, left ear	2	1167	WNK4	86	23	0.5	metastasis
3	Distant skin metastasis, back	2	1167	WNK4	85	34	0.5	metastasis
0	Primary, left ear	6	1168	TLR4	127	72	0.5	primary
1	Lymph node metastasis, left cervical node	6	1168	TLR4	150	43	0.5	metastasis
2	Locoregional skin metastasis, left ear	6	1168	TLR4	147	33	0.5	metastasis
3	Distant skin metastasis, back	6	1168	TLR4	135	32	0.5	metastasis
0	Primary, left ear	2	1169	DDX50	32	23	0.5	primary
1	Lymph node metastasis, left cervical node	2	1169	DDX50	53	18	0.5	metastasis
2	Locoregional skin metastasis, left ear	2	1169	DDX50	37	7	0.5	metastasis
3	Distant skin metastasis, back	2	1169	DDX50	58	18	0.5	metastasis
0	Primary, left ear	7	1170	BTBD10	50	18	0.5	primary
1	Lymph node metastasis, left cervical node	7	1170	BTBD10	55	22	0.5	metastasis
2	Locoregional skin metastasis, left ear	7	1170	BTBD10	27	6	0.5	metastasis
3	Distant skin metastasis, back	7	1170	BTBD10	44	13	0.5	metastasis
0	Primary, left ear	2	1171	FBN3	61	39	0.5	primary
1	Lymph node metastasis, left cervical node	2	1171	FBN3	103	52	0.5	metastasis
2	Locoregional skin metastasis, left ear	2	1171	FBN3	66	20	0.5	metastasis
3	Distant skin metastasis, back	2	1171	FBN3	75	21	0.5	metastasis
0	Primary, left ear	7	1172	C11orf41	37	12	0.5	primary
1	Lymph node metastasis, left cervical node	7	1172	C11orf41	34	15	0.5	metastasis
2	Locoregional skin metastasis, left ear	7	1172	C11orf41	26	3	0.5	metastasis
3	Distant skin metastasis, back	7	1172	C11orf41	39	13	0.5	metastasis
0	Primary, left ear	7	1173	LRIT2	134	47	0.5	primary
1	Lymph node metastasis, left cervical node	7	1173	LRIT2	109	41	0.5	metastasis
2	Locoregional skin metastasis, left ear	7	1173	LRIT2	62	8	0.5	metastasis
3	Distant skin metastasis, back	7	1173	LRIT2	119	27	0.5	metastasis
0	Primary, left ear	2	1174	MEG3	82	65	0.5	primary
1	Lymph node metastasis, left cervical node	2	1174	MEG3	85	35	0.5	metastasis
2	Locoregional skin metastasis, left ear	2	1174	MEG3	126	25	0.5	metastasis
3	Distant skin metastasis, back	2	1174	MEG3	107	38	0.5	metastasis
0	Primary, left ear	6	1175	COL6A5	61	35	0.5	primary
1	Lymph node metastasis, left cervical node	6	1175	COL6A5	66	19	0.5	metastasis
2	Locoregional skin metastasis, left ear	6	1175	COL6A5	94	20	0.5	metastasis
3	Distant skin metastasis, back	6	1175	COL6A5	72	23	0.5	metastasis
0	Primary, left ear	6	1176	SLC9A11	297	127	0.5	primary
1	Lymph node metastasis, left cervical node	6	1176	SLC9A11	324	100	0.5	metastasis
2	Locoregional skin metastasis, left ear	6	1176	SLC9A11	116	32	0.5	metastasis
3	Distant skin metastasis, back	6	1176	SLC9A11	310	102	0.5	metastasis
0	Primary, left ear	7	1177	OR2AK2	319	136	0.5	primary
1	Lymph node metastasis, left cervical node	7	1177	OR2AK2	360	122	0.5	metastasis
2	Locoregional skin metastasis, left ear	7	1177	OR2AK2	298	58	0.5	metastasis
3	Distant skin metastasis, back	7	1177	OR2AK2	272	92	0.5	metastasis
0	Primary, left ear	7	1178	MYH7	215	98	0.5	primary
1	Lymph node metastasis, left cervical node	7	1178	MYH7	220	85	0.5	metastasis
2	Locoregional skin metastasis, left ear	7	1178	MYH7	234	49	0.5	metastasis
3	Distant skin metastasis, back	7	1178	MYH7	233	73	0.5	metastasis
0	Primary, left ear	2	1179	CSMD2	41	29	0.5	primary
1	Lymph node metastasis, left cervical node	2	1179	CSMD2	57	21	0.5	metastasis
2	Locoregional skin metastasis, left ear	2	1179	CSMD2	48	17	0.5	metastasis
3	Distant skin metastasis, back	2	1179	CSMD2	53	13	0.5	metastasis
0	Primary, left ear	2	1180	EHF	24	11	0.5	primary
1	Lymph node metastasis, left cervical node	2	1180	EHF	31	11	0.5	metastasis
2	Locoregional skin metastasis, left ear	2	1180	EHF	24	0	0.5	metastasis
3	Distant skin metastasis, back	2	1180	EHF	24	16	0.5	metastasis
0	Primary, left ear	2	1181	KIF21B	134	72	0.5	primary
1	Lymph node metastasis, left cervical node	2	1181	KIF21B	151	80	0.5	metastasis
2	Locoregional skin metastasis, left ear	2	1181	KIF21B	274	67	0.5	metastasis
3	Distant skin metastasis, back	2	1181	KIF21B	137	57	0.5	metastasis
0	Primary, left ear	2	1182	GPR133	42	13	0.5	primary
1	Lymph node metastasis, left cervical node	2	1182	GPR133	42	22	0.5	metastasis
2	Locoregional skin metastasis, left ear	2	1182	GPR133	39	8	0.5	metastasis
3	Distant skin metastasis, back	2	1182	GPR133	43	16	0.5	metastasis
0	Primary, left ear	6	1183	CSMD2	321	142	0.5	primary
1	Lymph node metastasis, left cervical node	6	1183	CSMD2	349	111	0.5	metastasis
2	Locoregional skin metastasis, left ear	6	1183	CSMD2	324	75	0.5	metastasis
3	Distant skin metastasis, back	6	1183	CSMD2	365	101	0.5	metastasis
0	Primary, left ear	2	1184	KLHL32	122	56	0.5	primary
1	Lymph node metastasis, left cervical node	2	1184	KLHL32	107	48	0.5	metastasis
2	Locoregional skin metastasis, left ear	2	1184	KLHL32	107	27	0.5	metastasis
3	Distant skin metastasis, back	2	1184	KLHL32	117	51	0.5	metastasis
0	Primary, left ear	6	1185	CLVS2	54	24	0.5	primary
1	Lymph node metastasis, left cervical node	6	1185	CLVS2	71	17	0.5	metastasis
2	Locoregional skin metastasis, left ear	6	1185	CLVS2	15	8	0.5	metastasis
3	Distant skin metastasis, back	6	1185	CLVS2	46	10	0.5	metastasis
0	Primary, left ear	2	1186	SCN1A	194	71	0.5	primary
1	Lymph node metastasis, left cervical node	2	1186	SCN1A	177	82	0.5	metastasis
2	Locoregional skin metastasis, left ear	2	1186	SCN1A	62	17	0.5	metastasis
3	Distant skin metastasis, back	2	1186	SCN1A	250	93	0.5	metastasis
0	Primary, left ear	7	1187	DOC2B	41	8	0.5	primary
1	Lymph node metastasis, left cervical node	7	1187	DOC2B	30	13	0.5	metastasis
2	Locoregional skin metastasis, left ear	7	1187	DOC2B	49	11	0.5	metastasis
3	Distant skin metastasis, back	7	1187	DOC2B	36	10	0.5	metastasis
0	Primary, left ear	2	1188	BABAM1	191	75	0.5	primary
1	Lymph node metastasis, left cervical node	2	1188	BABAM1	248	99	0.5	metastasis
2	Locoregional skin metastasis, left ear	2	1188	BABAM1	311	76	0.5	metastasis
3	Distant skin metastasis, back	2	1188	BABAM1	178	88	0.5	metastasis
0	Primary, left ear	2	1189	C16orf13	92	46	0.5	primary
1	Lymph node metastasis, left cervical node	2	1189	C16orf13	101	49	0.5	metastasis
2	Locoregional skin metastasis, left ear	2	1189	C16orf13	137	23	0.5	metastasis
3	Distant skin metastasis, back	2	1189	C16orf13	117	56	0.5	metastasis
0	Primary, left ear	7	1190	ITGA4	25	11	0.5	primary
1	Lymph node metastasis, left cervical node	7	1190	ITGA4	21	6	0.5	metastasis
2	Locoregional skin metastasis, left ear	7	1190	ITGA4	14	1	0.5	metastasis
3	Distant skin metastasis, back	7	1190	ITGA4	30	8	0.5	metastasis
0	Primary, left ear	6	1191	NARF	43	26	0.5	primary
1	Lymph node metastasis, left cervical node	6	1191	NARF	58	12	0.5	metastasis
2	Locoregional skin metastasis, left ear	6	1191	NARF	41	9	0.5	metastasis
3	Distant skin metastasis, back	6	1191	NARF	50	18	0.5	metastasis
0	Primary, left ear	2	1192	TRPV3	279	125	0.5	primary
1	Lymph node metastasis, left cervical node	2	1192	TRPV3	334	162	0.5	metastasis
2	Locoregional skin metastasis, left ear	2	1192	TRPV3	337	75	0.5	metastasis
3	Distant skin metastasis, back	2	1192	TRPV3	316	173	0.5	metastasis
0	Primary, left ear	3	1193	C9orf79	145	52	0.5	primary
1	Lymph node metastasis, left cervical node	3	1193	C9orf79	135	32	0.5	metastasis
2	Locoregional skin metastasis, left ear	3	1193	C9orf79	85	25	0.5	metastasis
3	Distant skin metastasis, back	3	1193	C9orf79	123	20	0.5	metastasis
0	Primary, left ear	7	1194	MED12L	128	46	0.5	primary
1	Lymph node metastasis, left cervical node	7	1194	MED12L	160	69	0.5	metastasis
2	Locoregional skin metastasis, left ear	7	1194	MED12L	50	9	0.5	metastasis
3	Distant skin metastasis, back	7	1194	MED12L	122	25	0.5	metastasis
0	Primary, left ear	1	1195	ZEB1	262	120	0.5	primary
1	Lymph node metastasis, left cervical node	1	1195	ZEB1	224	69	0.5	metastasis
2	Locoregional skin metastasis, left ear	1	1195	ZEB1	112	23	0.5	metastasis
3	Distant skin metastasis, back	1	1195	ZEB1	222	83	0.5	metastasis
0	Primary, left ear	2	1196	CACNA1G	86	49	0.5	primary
1	Lymph node metastasis, left cervical node	2	1196	CACNA1G	115	62	0.5	metastasis
2	Locoregional skin metastasis, left ear	2	1196	CACNA1G	100	26	0.5	metastasis
3	Distant skin metastasis, back	2	1196	CACNA1G	112	34	0.5	metastasis
0	Primary, left ear	3	1197	NRG3	138	56	0.5	primary
1	Lymph node metastasis, left cervical node	3	1197	NRG3	114	35	0.5	metastasis
2	Locoregional skin metastasis, left ear	3	1197	NRG3	136	27	0.5	metastasis
3	Distant skin metastasis, back	3	1197	NRG3	135	27	0.5	metastasis
0	Primary, left ear	6	1198	DNAH9	97	48	0.5	primary
1	Lymph node metastasis, left cervical node	6	1198	DNAH9	112	34	0.5	metastasis
2	Locoregional skin metastasis, left ear	6	1198	DNAH9	139	25	0.5	metastasis
3	Distant skin metastasis, back	6	1198	DNAH9	96	24	0.5	metastasis
0	Primary, left ear	6	1199	TTN	37	20	0.5	primary
1	Lymph node metastasis, left cervical node	6	1199	TTN	52	8	0.5	metastasis
2	Locoregional skin metastasis, left ear	6	1199	TTN	20	1	0.5	metastasis
3	Distant skin metastasis, back	6	1199	TTN	37	8	0.5	metastasis
0	Primary, left ear	4	1200	TMPRSS15	99	38	0.5	primary
1	Lymph node metastasis, left cervical node	4	1200	TMPRSS15	92	28	0.5	metastasis
2	Locoregional skin metastasis, left ear	4	1200	TMPRSS15	39	8	0.5	metastasis
3	Distant skin metastasis, back	4	1200	TMPRSS15	95	31	0.5	metastasis
0	Primary, left ear	6	1201	SLFN11	110	60	0.5	primary
1	Lymph node metastasis, left cervical node	6	1201	SLFN11	145	40	0.5	metastasis
2	Locoregional skin metastasis, left ear	6	1201	SLFN11	60	13	0.5	metastasis
3	Distant skin metastasis, back	6	1201	SLFN11	107	31	0.5	metastasis
0	Primary, left ear	2	1202	TBX2	156	71	0.5	primary
1	Lymph node metastasis, left cervical node	2	1202	TBX2	149	51	0.5	metastasis
2	Locoregional skin metastasis, left ear	2	1202	TBX2	153	41	0.5	metastasis
3	Distant skin metastasis, back	2	1202	TBX2	151	69	0.5	metastasis
0	Primary, left ear	2	1203	DNAH9	272	141	0.5	primary
1	Lymph node metastasis, left cervical node	2	1203	DNAH9	285	113	0.5	metastasis
2	Locoregional skin metastasis, left ear	2	1203	DNAH9	282	75	0.5	metastasis
3	Distant skin metastasis, back	2	1203	DNAH9	269	101	0.5	metastasis
0	Primary, left ear	2	1204	CECR2	41	22	0.5	primary
1	Lymph node metastasis, left cervical node	2	1204	CECR2	59	23	0.5	metastasis
2	Locoregional skin metastasis, left ear	2	1204	CECR2	45	10	0.5	metastasis
3	Distant skin metastasis, back	2	1204	CECR2	46	20	0.5	metastasis
0	Primary, left ear	6	1205	C12orf63	212	100	0.5	primary
1	Lymph node metastasis, left cervical node	6	1205	C12orf63	247	78	0.5	metastasis
2	Locoregional skin metastasis, left ear	6	1205	C12orf63	111	19	0.5	metastasis
3	Distant skin metastasis, back	6	1205	C12orf63	213	64	0.5	metastasis
0	Primary, left ear	2	1206	EML6	78	41	0.5	primary
1	Lymph node metastasis, left cervical node	2	1206	EML6	83	27	0.5	metastasis
2	Locoregional skin metastasis, left ear	2	1206	EML6	50	14	0.5	metastasis
3	Distant skin metastasis, back	2	1206	EML6	80	37	0.5	metastasis
0	Primary, left ear	6	1207	FSIP2	177	81	0.5	primary
1	Lymph node metastasis, left cervical node	6	1207	FSIP2	178	56	0.5	metastasis
2	Locoregional skin metastasis, left ear	6	1207	FSIP2	63	22	0.5	metastasis
3	Distant skin metastasis, back	6	1207	FSIP2	176	40	0.5	metastasis
0	Primary, left ear	2	1208	MYH1	64	31	0.5	primary
1	Lymph node metastasis, left cervical node	2	1208	MYH1	99	41	0.5	metastasis
2	Locoregional skin metastasis, left ear	2	1208	MYH1	75	13	0.5	metastasis
3	Distant skin metastasis, back	2	1208	MYH1	63	27	0.5	metastasis
0	Primary, left ear	1	1209	MAPK8IP2	42	12	0.5	primary
1	Lymph node metastasis, left cervical node	1	1209	MAPK8IP2	27	7	0.5	metastasis
2	Locoregional skin metastasis, left ear	1	1209	MAPK8IP2	39	11	0.5	metastasis
3	Distant skin metastasis, back	1	1209	MAPK8IP2	28	9	0.5	metastasis
0	Primary, left ear	2	1210	NLRP1	67	37	0.5	primary
1	Lymph node metastasis, left cervical node	2	1210	NLRP1	101	33	0.5	metastasis
2	Locoregional skin metastasis, left ear	2	1210	NLRP1	116	26	0.5	metastasis
3	Distant skin metastasis, back	2	1210	NLRP1	77	40	0.5	metastasis
0	Primary, left ear	2	1211	ERN1	73	40	0.5	primary
1	Lymph node metastasis, left cervical node	2	1211	ERN1	75	39	0.5	metastasis
2	Locoregional skin metastasis, left ear	2	1211	ERN1	114	26	0.5	metastasis
3	Distant skin metastasis, back	2	1211	ERN1	79	28	0.5	metastasis
0	Primary, left ear	1	1212	PIK3R6	65	22	0.5	primary
1	Lymph node metastasis, left cervical node	1	1212	PIK3R6	85	25	0.5	metastasis
2	Locoregional skin metastasis, left ear	1	1212	PIK3R6	73	18	0.5	metastasis
3	Distant skin metastasis, back	1	1212	PIK3R6	55	21	0.5	metastasis
0	Primary, left ear	7	1213	XYLT1	145	62	0.5	primary
1	Lymph node metastasis, left cervical node	7	1213	XYLT1	161	64	0.5	metastasis
2	Locoregional skin metastasis, left ear	7	1213	XYLT1	194	40	0.5	metastasis
3	Distant skin metastasis, back	7	1213	XYLT1	184	49	0.5	metastasis
0	Primary, left ear	2	1214	SLC25A21	41	18	0.5	primary
1	Lymph node metastasis, left cervical node	2	1214	SLC25A21	50	19	0.5	metastasis
2	Locoregional skin metastasis, left ear	2	1214	SLC25A21	23	8	0.5	metastasis
3	Distant skin metastasis, back	2	1214	SLC25A21	39	11	0.5	metastasis
0	Primary, left ear	2	1215	METTL13	42	29	0.5	primary
1	Lymph node metastasis, left cervical node	2	1215	METTL13	46	21	0.5	metastasis
2	Locoregional skin metastasis, left ear	2	1215	METTL13	39	2	0.5	metastasis
3	Distant skin metastasis, back	2	1215	METTL13	44	20	0.5	metastasis
0	Primary, left ear	6	1216	DCC	31	13	0.5	primary
1	Lymph node metastasis, left cervical node	6	1216	DCC	48	13	0.5	metastasis
2	Locoregional skin metastasis, left ear	6	1216	DCC	26	4	0.5	metastasis
3	Distant skin metastasis, back	6	1216	DCC	41	12	0.5	metastasis
0	Primary, left ear	2	1217	SLC6A5	45	22	0.5	primary
1	Lymph node metastasis, left cervical node	2	1217	SLC6A5	42	21	0.5	metastasis
2	Locoregional skin metastasis, left ear	2	1217	SLC6A5	25	2	0.5	metastasis
3	Distant skin metastasis, back	2	1217	SLC6A5	46	14	0.5	metastasis
0	Primary, left ear	2	1218	VTI1A	67	31	0.5	primary
1	Lymph node metastasis, left cervical node	2	1218	VTI1A	59	33	0.5	metastasis
2	Locoregional skin metastasis, left ear	2	1218	VTI1A	80	25	0.5	metastasis
3	Distant skin metastasis, back	2	1218	VTI1A	85	38	0.5	metastasis
0	Primary, left ear	7	1219	LRRC25	114	50	0.5	primary
1	Lymph node metastasis, left cervical node	7	1219	LRRC25	142	61	0.5	metastasis
2	Locoregional skin metastasis, left ear	7	1219	LRRC25	183	36	0.5	metastasis
3	Distant skin metastasis, back	7	1219	LRRC25	157	51	0.5	metastasis
0	Primary, left ear	2	1220	CHST5	118	74	0.5	primary
1	Lymph node metastasis, left cervical node	2	1220	CHST5	164	61	0.5	metastasis
2	Locoregional skin metastasis, left ear	2	1220	CHST5	246	63	0.5	metastasis
3	Distant skin metastasis, back	2	1220	CHST5	166	53	0.5	metastasis
0	Primary, left ear	1	1221	OR5P2	72	27	0.5	primary
1	Lymph node metastasis, left cervical node	1	1221	OR5P2	79	18	0.5	metastasis
2	Locoregional skin metastasis, left ear	1	1221	OR5P2	66	11	0.5	metastasis
3	Distant skin metastasis, back	1	1221	OR5P2	57	23	0.5	metastasis
0	Primary, left ear	2	1222	MACF1	293	163	0.5	primary
1	Lymph node metastasis, left cervical node	2	1222	MACF1	386	137	0.5	metastasis
2	Locoregional skin metastasis, left ear	2	1222	MACF1	139	41	0.5	metastasis
3	Distant skin metastasis, back	2	1222	MACF1	368	123	0.5	metastasis
0	Primary, left ear	2	1223	UNC13A	401	186	0.5	primary
1	Lymph node metastasis, left cervical node	2	1223	UNC13A	589	249	0.5	metastasis
2	Locoregional skin metastasis, left ear	2	1223	UNC13A	603	151	0.5	metastasis
3	Distant skin metastasis, back	2	1223	UNC13A	432	180	0.5	metastasis
0	Primary, left ear	2	1224	ZFHX3	56	19	0.5	primary
1	Lymph node metastasis, left cervical node	2	1224	ZFHX3	45	15	0.5	metastasis
2	Locoregional skin metastasis, left ear	2	1224	ZFHX3	54	17	0.5	metastasis
3	Distant skin metastasis, back	2	1224	ZFHX3	46	17	0.5	metastasis
0	Primary, left ear	2	1225	MRVI1	155	66	0.5	primary
1	Lymph node metastasis, left cervical node	2	1225	MRVI1	181	71	0.5	metastasis
2	Locoregional skin metastasis, left ear	2	1225	MRVI1	181	36	0.5	metastasis
3	Distant skin metastasis, back	2	1225	MRVI1	147	56	0.5	metastasis
0	Primary, left ear	6	1226	HYDIN	54	21	0.5	primary
1	Lymph node metastasis, left cervical node	6	1226	HYDIN	63	17	0.5	metastasis
2	Locoregional skin metastasis, left ear	6	1226	HYDIN	18	10	0.5	metastasis
3	Distant skin metastasis, back	6	1226	HYDIN	54	12	0.5	metastasis
0	Primary, left ear	2	1227	HN1L	86	43	0.5	primary
1	Lymph node metastasis, left cervical node	2	1227	HN1L	95	29	0.5	metastasis
2	Locoregional skin metastasis, left ear	2	1227	HN1L	112	44	0.5	metastasis
3	Distant skin metastasis, back	2	1227	HN1L	92	34	0.5	metastasis
0	Primary, left ear	2	1228	ZP2	182	100	0.5	primary
1	Lymph node metastasis, left cervical node	2	1228	ZP2	269	96	0.5	metastasis
2	Locoregional skin metastasis, left ear	2	1228	ZP2	159	34	0.5	metastasis
3	Distant skin metastasis, back	2	1228	ZP2	249	105	0.5	metastasis
0	Primary, left ear	2	1229	ERCC4	87	37	0.5	primary
1	Lymph node metastasis, left cervical node	2	1229	ERCC4	79	41	0.5	metastasis
2	Locoregional skin metastasis, left ear	2	1229	ERCC4	34	10	0.5	metastasis
3	Distant skin metastasis, back	2	1229	ERCC4	60	26	0.5	metastasis
0	Primary, left ear	7	1230	OR51V1	86	34	0.5	primary
1	Lymph node metastasis, left cervical node	7	1230	OR51V1	97	40	0.5	metastasis
2	Locoregional skin metastasis, left ear	7	1230	OR51V1	89	20	0.5	metastasis
3	Distant skin metastasis, back	7	1230	OR51V1	85	28	0.5	metastasis
0	Primary, left ear	1	1231	CCDC41	244	99	0.5	primary
1	Lymph node metastasis, left cervical node	1	1231	CCDC41	294	102	0.5	metastasis
2	Locoregional skin metastasis, left ear	1	1231	CCDC41	108	32	0.5	metastasis
3	Distant skin metastasis, back	1	1231	CCDC41	277	98	0.5	metastasis
0	Primary, left ear	2	1232	IL1R1	65	22	0.5	primary
1	Lymph node metastasis, left cervical node	2	1232	IL1R1	64	30	0.5	metastasis
2	Locoregional skin metastasis, left ear	2	1232	IL1R1	23	10	0.5	metastasis
3	Distant skin metastasis, back	2	1232	IL1R1	54	33	0.5	metastasis
0	Primary, left ear	2	1233	MRO	20	9	0.5	primary
1	Lymph node metastasis, left cervical node	2	1233	MRO	12	5	0.5	metastasis
2	Locoregional skin metastasis, left ear	2	1233	MRO	4	4	0.5	metastasis
3	Distant skin metastasis, back	2	1233	MRO	11	9	0.5	metastasis
0	Primary, left ear	1	1234	2013-09-12 00	59	20	0.5	primary
1	Lymph node metastasis, left cervical node	1	1234	2013-09-12 00	85	27	0.5	metastasis
2	Locoregional skin metastasis, left ear	1	1234	2013-09-12 00	124	17	0.5	metastasis
3	Distant skin metastasis, back	1	1234	2013-09-12 00	82	43	0.5	metastasis
0	Primary, left ear	2	1235	CHRDL2	34	13	0.5	primary
1	Lymph node metastasis, left cervical node	2	1235	CHRDL2	41	10	0.5	metastasis
2	Locoregional skin metastasis, left ear	2	1235	CHRDL2	43	15	0.5	metastasis
3	Distant skin metastasis, back	2	1235	CHRDL2	31	13	0.5	metastasis
0	Primary, left ear	1	1236	LPXN	77	31	0.5	primary
1	Lymph node metastasis, left cervical node	1	1236	LPXN	70	15	0.5	metastasis
2	Locoregional skin metastasis, left ear	1	1236	LPXN	38	7	0.5	metastasis
3	Distant skin metastasis, back	1	1236	LPXN	73	36	0.5	metastasis
0	Primary, left ear	2	1237	MYH1	6	6	0.5	primary
1	Lymph node metastasis, left cervical node	2	1237	MYH1	17	3	0.5	metastasis
2	Locoregional skin metastasis, left ear	2	1237	MYH1	11	5	0.5	metastasis
3	Distant skin metastasis, back	2	1237	MYH1	8	7	0.5	metastasis
0	Primary, left ear	2	1238	MORC1	32	13	0.5	primary
1	Lymph node metastasis, left cervical node	2	1238	MORC1	33	12	0.5	metastasis
2	Locoregional skin metastasis, left ear	2	1238	MORC1	20	8	0.5	metastasis
3	Distant skin metastasis, back	2	1238	MORC1	33	9	0.5	metastasis
0	Primary, left ear	6	1239	OR5I1	133	59	0.5	primary
1	Lymph node metastasis, left cervical node	6	1239	OR5I1	161	35	0.5	metastasis
2	Locoregional skin metastasis, left ear	6	1239	OR5I1	100	23	0.5	metastasis
3	Distant skin metastasis, back	6	1239	OR5I1	137	32	0.5	metastasis
0	Primary, left ear	7	1240	XIRP2	191	71	0.5	primary
1	Lymph node metastasis, left cervical node	7	1240	XIRP2	170	94	0.5	metastasis
2	Locoregional skin metastasis, left ear	7	1240	XIRP2	125	21	0.5	metastasis
3	Distant skin metastasis, back	7	1240	XIRP2	202	56	0.5	metastasis
0	Primary, left ear	1	1241	OR5K4	74	34	0.5	primary
1	Lymph node metastasis, left cervical node	1	1241	OR5K4	81	25	0.5	metastasis
2	Locoregional skin metastasis, left ear	1	1241	OR5K4	31	2	0.5	metastasis
3	Distant skin metastasis, back	1	1241	OR5K4	78	28	0.5	metastasis
0	Primary, left ear	4	1242	TRIM58	19	3	0.5	primary
1	Lymph node metastasis, left cervical node	4	1242	TRIM58	21	4	0.5	metastasis
2	Locoregional skin metastasis, left ear	4	1242	TRIM58	28	4	0.5	metastasis
3	Distant skin metastasis, back	4	1242	TRIM58	18	3	0.5	metastasis
0	Primary, left ear	4	1243	VPS8	245	103	0.5	primary
1	Lymph node metastasis, left cervical node	4	1243	VPS8	256	68	0.5	metastasis
2	Locoregional skin metastasis, left ear	4	1243	VPS8	109	17	0.5	metastasis
3	Distant skin metastasis, back	4	1243	VPS8	242	64	0.5	metastasis
0	Primary, left ear	2	1244	UNC13A	454	205	0.5	primary
1	Lymph node metastasis, left cervical node	2	1244	UNC13A	663	287	0.5	metastasis
2	Locoregional skin metastasis, left ear	2	1244	UNC13A	710	176	0.5	metastasis
3	Distant skin metastasis, back	2	1244	UNC13A	519	211	0.5	metastasis
0	Primary, left ear	2	1245	PCNT	11	7	0.5	primary
1	Lymph node metastasis, left cervical node	2	1245	PCNT	21	15	0.5	metastasis
2	Locoregional skin metastasis, left ear	2	1245	PCNT	22	6	0.5	metastasis
3	Distant skin metastasis, back	2	1245	PCNT	22	3	0.5	metastasis
0	Primary, left ear	2	1246	TLR1	405	241	0.5	primary
1	Lymph node metastasis, left cervical node	2	1246	TLR1	504	203	0.5	metastasis
2	Locoregional skin metastasis, left ear	2	1246	TLR1	253	48	0.5	metastasis
3	Distant skin metastasis, back	2	1246	TLR1	496	159	0.5	metastasis
0	Primary, left ear	3	1247	TTN	375	141	0.5	primary
1	Lymph node metastasis, left cervical node	3	1247	TTN	343	89	0.5	metastasis
2	Locoregional skin metastasis, left ear	3	1247	TTN	166	44	0.5	metastasis
3	Distant skin metastasis, back	3	1247	TTN	290	69	0.5	metastasis
0	Primary, left ear	6	1248	C10orf71	61	35	0.5	primary
1	Lymph node metastasis, left cervical node	6	1248	C10orf71	97	32	0.5	metastasis
2	Locoregional skin metastasis, left ear	6	1248	C10orf71	61	11	0.5	metastasis
3	Distant skin metastasis, back	6	1248	C10orf71	85	26	0.5	metastasis
0	Primary, left ear	6	1249	RBP3	250	146	0.5	primary
1	Lymph node metastasis, left cervical node	6	1249	RBP3	321	119	0.5	metastasis
2	Locoregional skin metastasis, left ear	6	1249	RBP3	341	72	0.5	metastasis
3	Distant skin metastasis, back	6	1249	RBP3	287	87	0.5	metastasis
0	Primary, left ear	2	1250	GATAD2A	67	34	0.5	primary
1	Lymph node metastasis, left cervical node	2	1250	GATAD2A	81	36	0.5	metastasis
2	Locoregional skin metastasis, left ear	2	1250	GATAD2A	93	16	0.5	metastasis
3	Distant skin metastasis, back	2	1250	GATAD2A	62	39	0.5	metastasis
0	Primary, left ear	2	1251	SVIL	49	19	0.5	primary
1	Lymph node metastasis, left cervical node	2	1251	SVIL	44	31	0.5	metastasis
2	Locoregional skin metastasis, left ear	2	1251	SVIL	53	14	0.5	metastasis
3	Distant skin metastasis, back	2	1251	SVIL	61	21	0.5	metastasis
0	Primary, left ear	4	1252	COL3A1	135	58	0.5	primary
1	Lymph node metastasis, left cervical node	4	1252	COL3A1	115	35	0.5	metastasis
2	Locoregional skin metastasis, left ear	4	1252	COL3A1	67	10	0.5	metastasis
3	Distant skin metastasis, back	4	1252	COL3A1	125	32	0.5	metastasis
0	Primary, left ear	6	1253	TTN	120	58	0.5	primary
1	Lymph node metastasis, left cervical node	6	1253	TTN	135	44	0.5	metastasis
2	Locoregional skin metastasis, left ear	6	1253	TTN	116	21	0.5	metastasis
3	Distant skin metastasis, back	6	1253	TTN	110	38	0.5	metastasis
0	Primary, left ear	2	1254	USP43	95	60	0.5	primary
1	Lymph node metastasis, left cervical node	2	1254	USP43	133	63	0.5	metastasis
2	Locoregional skin metastasis, left ear	2	1254	USP43	119	32	0.5	metastasis
3	Distant skin metastasis, back	2	1254	USP43	128	51	0.5	metastasis
0	Primary, left ear	2	1255	EVI5L	96	43	0.5	primary
1	Lymph node metastasis, left cervical node	2	1255	EVI5L	154	58	0.5	metastasis
2	Locoregional skin metastasis, left ear	2	1255	EVI5L	138	32	0.5	metastasis
3	Distant skin metastasis, back	2	1255	EVI5L	114	44	0.5	metastasis
0	Primary, left ear	6	1256	BFSP1	430	220	0.5	primary
1	Lymph node metastasis, left cervical node	6	1256	BFSP1	502	160	0.5	metastasis
2	Locoregional skin metastasis, left ear	6	1256	BFSP1	581	124	0.5	metastasis
3	Distant skin metastasis, back	6	1256	BFSP1	374	137	0.5	metastasis
0	Primary, left ear	1	1257	ACTN2	177	90	0.5	primary
1	Lymph node metastasis, left cervical node	1	1257	ACTN2	236	72	0.5	metastasis
2	Locoregional skin metastasis, left ear	1	1257	ACTN2	219	53	0.5	metastasis
3	Distant skin metastasis, back	1	1257	ACTN2	171	78	0.5	metastasis
0	Primary, left ear	6	1258	CNTN3	46	21	0.5	primary
1	Lymph node metastasis, left cervical node	6	1258	CNTN3	38	12	0.5	metastasis
2	Locoregional skin metastasis, left ear	6	1258	CNTN3	31	7	0.5	metastasis
3	Distant skin metastasis, back	6	1258	CNTN3	49	12	0.5	metastasis
0	Primary, left ear	7	1259	TDRD7	238	86	0.5	primary
1	Lymph node metastasis, left cervical node	7	1259	TDRD7	222	78	0.5	metastasis
2	Locoregional skin metastasis, left ear	7	1259	TDRD7	195	44	0.5	metastasis
3	Distant skin metastasis, back	7	1259	TDRD7	215	63	0.5	metastasis
0	Primary, left ear	4	1260	QSER1	263	119	0.5	primary
1	Lymph node metastasis, left cervical node	4	1260	QSER1	310	87	0.5	metastasis
2	Locoregional skin metastasis, left ear	4	1260	QSER1	126	16	0.5	metastasis
3	Distant skin metastasis, back	4	1260	QSER1	253	82	0.5	metastasis
0	Primary, left ear	2	1261	SPRR2B	11	7	0.5	primary
1	Lymph node metastasis, left cervical node	2	1261	SPRR2B	11	1	0.5	metastasis
2	Locoregional skin metastasis, left ear	2	1261	SPRR2B	14	1	0.5	metastasis
3	Distant skin metastasis, back	2	1261	SPRR2B	12	6	0.5	metastasis
0	Primary, left ear	2	1262	GAB4	67	28	0.5	primary
1	Lymph node metastasis, left cervical node	2	1262	GAB4	90	32	0.5	metastasis
2	Locoregional skin metastasis, left ear	2	1262	GAB4	91	20	0.5	metastasis
3	Distant skin metastasis, back	2	1262	GAB4	46	28	0.5	metastasis
0	Primary, left ear	2	1263	RBP3	119	70	0.5	primary
1	Lymph node metastasis, left cervical node	2	1263	RBP3	130	60	0.5	metastasis
2	Locoregional skin metastasis, left ear	2	1263	RBP3	215	57	0.5	metastasis
3	Distant skin metastasis, back	2	1263	RBP3	142	37	0.5	metastasis
0	Primary, left ear	2	1264	GPR179	193	92	0.5	primary
1	Lymph node metastasis, left cervical node	2	1264	GPR179	270	97	0.5	metastasis
2	Locoregional skin metastasis, left ear	2	1264	GPR179	302	71	0.5	metastasis
3	Distant skin metastasis, back	2	1264	GPR179	248	83	0.5	metastasis
0	Primary, left ear	7	1265	ZFP37	222	71	0.5	primary
1	Lymph node metastasis, left cervical node	7	1265	ZFP37	226	89	0.5	metastasis
2	Locoregional skin metastasis, left ear	7	1265	ZFP37	80	18	0.5	metastasis
3	Distant skin metastasis, back	7	1265	ZFP37	202	58	0.5	metastasis
0	Primary, left ear	2	1266	NLRP1	55	28	0.5	primary
1	Lymph node metastasis, left cervical node	2	1266	NLRP1	78	27	0.5	metastasis
2	Locoregional skin metastasis, left ear	2	1266	NLRP1	56	19	0.5	metastasis
3	Distant skin metastasis, back	2	1266	NLRP1	77	25	0.5	metastasis
0	Primary, left ear	2	1267	DNAH2	532	263	0.5	primary
1	Lymph node metastasis, left cervical node	2	1267	DNAH2	580	206	0.5	metastasis
2	Locoregional skin metastasis, left ear	2	1267	DNAH2	656	149	0.5	metastasis
3	Distant skin metastasis, back	2	1267	DNAH2	621	235	0.5	metastasis
0	Primary, left ear	2	1268	RIN2	76	47	0.5	primary
1	Lymph node metastasis, left cervical node	2	1268	RIN2	111	31	0.5	metastasis
2	Locoregional skin metastasis, left ear	2	1268	RIN2	71	14	0.5	metastasis
3	Distant skin metastasis, back	2	1268	RIN2	92	48	0.5	metastasis
0	Primary, left ear	1	1269	C11orf68	256	128	0.5	primary
1	Lymph node metastasis, left cervical node	1	1269	C11orf68	257	69	0.5	metastasis
2	Locoregional skin metastasis, left ear	1	1269	C11orf68	328	63	0.5	metastasis
3	Distant skin metastasis, back	1	1269	C11orf68	295	166	0.5	metastasis
0	Primary, left ear	2	1270	SETBP1	97	67	0.5	primary
1	Lymph node metastasis, left cervical node	2	1270	SETBP1	81	45	0.5	metastasis
2	Locoregional skin metastasis, left ear	2	1270	SETBP1	129	45	0.5	metastasis
3	Distant skin metastasis, back	2	1270	SETBP1	80	25	0.5	metastasis
0	Primary, left ear	2	1271	SUSD2	434	240	0.5	primary
1	Lymph node metastasis, left cervical node	2	1271	SUSD2	490	199	0.5	metastasis
2	Locoregional skin metastasis, left ear	2	1271	SUSD2	485	125	0.5	metastasis
3	Distant skin metastasis, back	2	1271	SUSD2	534	166	0.5	metastasis
0	Primary, left ear	2	1272	NCOR1	27	11	0.5	primary
1	Lymph node metastasis, left cervical node	2	1272	NCOR1	38	18	0.5	metastasis
2	Locoregional skin metastasis, left ear	2	1272	NCOR1	24	5	0.5	metastasis
3	Distant skin metastasis, back	2	1272	NCOR1	50	16	0.5	metastasis
0	Primary, left ear	7	1273	RTN4RL1	97	48	0.5	primary
1	Lymph node metastasis, left cervical node	7	1273	RTN4RL1	135	55	0.5	metastasis
2	Locoregional skin metastasis, left ear	7	1273	RTN4RL1	183	35	0.5	metastasis
3	Distant skin metastasis, back	7	1273	RTN4RL1	117	30	0.5	metastasis
0	Primary, left ear	2	1274	MUC5B	38	27	0.5	primary
1	Lymph node metastasis, left cervical node	2	1274	MUC5B	41	23	0.5	metastasis
2	Locoregional skin metastasis, left ear	2	1274	MUC5B	57	16	0.5	metastasis
3	Distant skin metastasis, back	2	1274	MUC5B	33	26	0.5	metastasis
0	Primary, left ear	6	1275	TMEM119	49	34	0.5	primary
1	Lymph node metastasis, left cervical node	6	1275	TMEM119	65	18	0.5	metastasis
2	Locoregional skin metastasis, left ear	6	1275	TMEM119	49	19	0.5	metastasis
3	Distant skin metastasis, back	6	1275	TMEM119	59	13	0.5	metastasis
0	Primary, left ear	1	1276	NOS1	64	27	0.5	primary
1	Lymph node metastasis, left cervical node	1	1276	NOS1	75	23	0.5	metastasis
2	Locoregional skin metastasis, left ear	1	1276	NOS1	76	18	0.5	metastasis
3	Distant skin metastasis, back	1	1276	NOS1	57	19	0.5	metastasis
0	Primary, left ear	6	1277	OR51E2	244	121	0.5	primary
1	Lymph node metastasis, left cervical node	6	1277	OR51E2	333	110	0.5	metastasis
2	Locoregional skin metastasis, left ear	6	1277	OR51E2	287	70	0.5	metastasis
3	Distant skin metastasis, back	6	1277	OR51E2	262	88	0.5	metastasis
0	Primary, left ear	1	1278	DOK6	149	65	0.5	primary
1	Lymph node metastasis, left cervical node	1	1278	DOK6	152	45	0.5	metastasis
2	Locoregional skin metastasis, left ear	1	1278	DOK6	174	39	0.5	metastasis
3	Distant skin metastasis, back	1	1278	DOK6	133	50	0.5	metastasis
0	Primary, left ear	2	1279	MICAL2	45	11	0.5	primary
1	Lymph node metastasis, left cervical node	2	1279	MICAL2	54	24	0.5	metastasis
2	Locoregional skin metastasis, left ear	2	1279	MICAL2	52	7	0.5	metastasis
3	Distant skin metastasis, back	2	1279	MICAL2	31	19	0.5	metastasis
0	Primary, left ear	7	1280	OR1C1	55	16	0.5	primary
1	Lymph node metastasis, left cervical node	7	1280	OR1C1	73	34	0.5	metastasis
2	Locoregional skin metastasis, left ear	7	1280	OR1C1	49	5	0.5	metastasis
3	Distant skin metastasis, back	7	1280	OR1C1	47	16	0.5	metastasis
0	Primary, left ear	6	1281	C17orf100	64	39	0.5	primary
1	Lymph node metastasis, left cervical node	6	1281	C17orf100	90	28	0.5	metastasis
2	Locoregional skin metastasis, left ear	6	1281	C17orf100	137	16	0.5	metastasis
3	Distant skin metastasis, back	6	1281	C17orf100	90	31	0.5	metastasis
0	Primary, left ear	6	1282	IMPG1	71	34	0.5	primary
1	Lymph node metastasis, left cervical node	6	1282	IMPG1	81	23	0.5	metastasis
2	Locoregional skin metastasis, left ear	6	1282	IMPG1	32	14	0.5	metastasis
3	Distant skin metastasis, back	6	1282	IMPG1	69	13	0.5	metastasis
0	Primary, left ear	2	1283	SH2D3A	425	217	0.5	primary
1	Lymph node metastasis, left cervical node	2	1283	SH2D3A	549	208	0.5	metastasis
2	Locoregional skin metastasis, left ear	2	1283	SH2D3A	650	146	0.5	metastasis
3	Distant skin metastasis, back	2	1283	SH2D3A	496	250	0.5	metastasis
0	Primary, left ear	1	1284	KCNN3	60	19	0.5	primary
1	Lymph node metastasis, left cervical node	1	1284	KCNN3	74	24	0.5	metastasis
2	Locoregional skin metastasis, left ear	1	1284	KCNN3	65	11	0.5	metastasis
3	Distant skin metastasis, back	1	1284	KCNN3	49	19	0.5	metastasis
0	Primary, left ear	2	1285	TRPM2	60	34	0.5	primary
1	Lymph node metastasis, left cervical node	2	1285	TRPM2	88	45	0.5	metastasis
2	Locoregional skin metastasis, left ear	2	1285	TRPM2	122	34	0.5	metastasis
3	Distant skin metastasis, back	2	1285	TRPM2	75	34	0.5	metastasis
0	Primary, left ear	2	1286	DARC	1005	509	0.5	primary
1	Lymph node metastasis, left cervical node	2	1286	DARC	1067	414	0.5	metastasis
2	Locoregional skin metastasis, left ear	2	1286	DARC	978	235	0.5	metastasis
3	Distant skin metastasis, back	2	1286	DARC	1023	444	0.5	metastasis
0	Primary, left ear	7	1287	MUC16	96	42	0.5	primary
1	Lymph node metastasis, left cervical node	7	1287	MUC16	129	48	0.5	metastasis
2	Locoregional skin metastasis, left ear	7	1287	MUC16	65	15	0.5	metastasis
3	Distant skin metastasis, back	7	1287	MUC16	103	31	0.5	metastasis
0	Primary, left ear	7	1288	ITGA4	30	13	0.5	primary
1	Lymph node metastasis, left cervical node	7	1288	ITGA4	37	14	0.5	metastasis
2	Locoregional skin metastasis, left ear	7	1288	ITGA4	13	2	0.5	metastasis
3	Distant skin metastasis, back	7	1288	ITGA4	51	13	0.5	metastasis
0	Primary, left ear	4	1289	MYH1	70	23	0.5	primary
1	Lymph node metastasis, left cervical node	4	1289	MYH1	95	23	0.5	metastasis
2	Locoregional skin metastasis, left ear	4	1289	MYH1	51	12	0.5	metastasis
3	Distant skin metastasis, back	4	1289	MYH1	77	23	0.5	metastasis
0	Primary, left ear	7	1290	KIF2B	159	57	0.5	primary
1	Lymph node metastasis, left cervical node	7	1290	KIF2B	137	57	0.5	metastasis
2	Locoregional skin metastasis, left ear	7	1290	KIF2B	202	43	0.5	metastasis
3	Distant skin metastasis, back	7	1290	KIF2B	136	31	0.5	metastasis
0	Primary, left ear	7	1291	PPP4R1	117	50	0.5	primary
1	Lymph node metastasis, left cervical node	7	1291	PPP4R1	114	40	0.5	metastasis
2	Locoregional skin metastasis, left ear	7	1291	PPP4R1	98	28	0.5	metastasis
3	Distant skin metastasis, back	7	1291	PPP4R1	151	36	0.5	metastasis
0	Primary, left ear	7	1292	TTLL2	196	81	0.5	primary
1	Lymph node metastasis, left cervical node	7	1292	TTLL2	227	79	0.5	metastasis
2	Locoregional skin metastasis, left ear	7	1292	TTLL2	112	16	0.5	metastasis
3	Distant skin metastasis, back	7	1292	TTLL2	187	62	0.5	metastasis
0	Primary, left ear	2	1293	HS3ST5	41	25	0.5	primary
1	Lymph node metastasis, left cervical node	2	1293	HS3ST5	57	15	0.5	metastasis
2	Locoregional skin metastasis, left ear	2	1293	HS3ST5	45	9	0.5	metastasis
3	Distant skin metastasis, back	2	1293	HS3ST5	40	25	0.5	metastasis
0	Primary, left ear	4	1294	SCN2A	133	55	0.5	primary
1	Lymph node metastasis, left cervical node	4	1294	SCN2A	147	26	0.5	metastasis
2	Locoregional skin metastasis, left ear	4	1294	SCN2A	65	11	0.5	metastasis
3	Distant skin metastasis, back	4	1294	SCN2A	115	42	0.5	metastasis
0	Primary, left ear	6	1295	SYNPO2L	89	44	0.5	primary
1	Lymph node metastasis, left cervical node	6	1295	SYNPO2L	113	27	0.5	metastasis
2	Locoregional skin metastasis, left ear	6	1295	SYNPO2L	139	50	0.5	metastasis
3	Distant skin metastasis, back	6	1295	SYNPO2L	104	37	0.5	metastasis
0	Primary, left ear	2	1296	BZRAP1	39	22	0.5	primary
1	Lymph node metastasis, left cervical node	2	1296	BZRAP1	39	20	0.5	metastasis
2	Locoregional skin metastasis, left ear	2	1296	BZRAP1	81	13	0.5	metastasis
3	Distant skin metastasis, back	2	1296	BZRAP1	50	16	0.5	metastasis
0	Primary, left ear	1	1297	RORB	95	36	0.5	primary
1	Lymph node metastasis, left cervical node	1	1297	RORB	118	34	0.5	metastasis
2	Locoregional skin metastasis, left ear	1	1297	RORB	89	21	0.5	metastasis
3	Distant skin metastasis, back	1	1297	RORB	97	36	0.5	metastasis
0	Primary, left ear	2	1298	CSTF2T	184	99	0.5	primary
1	Lymph node metastasis, left cervical node	2	1298	CSTF2T	183	80	0.5	metastasis
2	Locoregional skin metastasis, left ear	2	1298	CSTF2T	206	55	0.5	metastasis
3	Distant skin metastasis, back	2	1298	CSTF2T	234	109	0.5	metastasis
0	Primary, left ear	2	1299	IGHE	65	40	0.5	primary
1	Lymph node metastasis, left cervical node	2	1299	IGHE	73	34	0.5	metastasis
2	Locoregional skin metastasis, left ear	2	1299	IGHE	105	25	0.5	metastasis
3	Distant skin metastasis, back	2	1299	IGHE	79	25	0.5	metastasis
0	Primary, left ear	2	1300	HBE1	157	101	0.5	primary
1	Lymph node metastasis, left cervical node	2	1300	HBE1	198	67	0.5	metastasis
2	Locoregional skin metastasis, left ear	2	1300	HBE1	168	27	0.5	metastasis
3	Distant skin metastasis, back	2	1300	HBE1	175	69	0.5	metastasis
0	Primary, left ear	1	1301	KNG1	120	52	0.5	primary
1	Lymph node metastasis, left cervical node	1	1301	KNG1	143	42	0.5	metastasis
2	Locoregional skin metastasis, left ear	1	1301	KNG1	66	10	0.5	metastasis
3	Distant skin metastasis, back	1	1301	KNG1	98	38	0.5	metastasis
0	Primary, left ear	7	1302	CYP4A11	86	27	0.5	primary
1	Lymph node metastasis, left cervical node	7	1302	CYP4A11	78	27	0.5	metastasis
2	Locoregional skin metastasis, left ear	7	1302	CYP4A11	94	19	0.5	metastasis
3	Distant skin metastasis, back	7	1302	CYP4A11	89	25	0.5	metastasis
0	Primary, left ear	2	1303	CERCAM	179	74	0.5	primary
1	Lymph node metastasis, left cervical node	2	1303	CERCAM	190	69	0.5	metastasis
2	Locoregional skin metastasis, left ear	2	1303	CERCAM	274	87	0.5	metastasis
3	Distant skin metastasis, back	2	1303	CERCAM	233	71	0.5	metastasis
0	Primary, left ear	2	1304	YBX1	30	5	0.5	primary
1	Lymph node metastasis, left cervical node	2	1304	YBX1	27	8	0.5	metastasis
2	Locoregional skin metastasis, left ear	2	1304	YBX1	28	11	0.5	metastasis
3	Distant skin metastasis, back	2	1304	YBX1	28	9	0.5	metastasis
0	Primary, left ear	7	1305	OR5L2	926	373	0.5	primary
1	Lymph node metastasis, left cervical node	7	1305	OR5L2	860	363	0.5	metastasis
2	Locoregional skin metastasis, left ear	7	1305	OR5L2	670	135	0.5	metastasis
3	Distant skin metastasis, back	7	1305	OR5L2	839	308	0.5	metastasis
0	Primary, left ear	2	1306	ARHGAP17	13	9	0.5	primary
1	Lymph node metastasis, left cervical node	2	1306	ARHGAP17	22	5	0.5	metastasis
2	Locoregional skin metastasis, left ear	2	1306	ARHGAP17	8	2	0.5	metastasis
3	Distant skin metastasis, back	2	1306	ARHGAP17	17	7	0.5	metastasis
0	Primary, left ear	2	1307	ASB16	176	70	0.5	primary
1	Lymph node metastasis, left cervical node	2	1307	ASB16	208	81	0.5	metastasis
2	Locoregional skin metastasis, left ear	2	1307	ASB16	231	46	0.5	metastasis
3	Distant skin metastasis, back	2	1307	ASB16	204	92	0.5	metastasis
0	Primary, left ear	4	1308	LCE1A	12	5	0.5	primary
1	Lymph node metastasis, left cervical node	4	1308	LCE1A	14	2	0.5	metastasis
2	Locoregional skin metastasis, left ear	4	1308	LCE1A	27	3	0.5	metastasis
3	Distant skin metastasis, back	4	1308	LCE1A	15	2	0.5	metastasis
0	Primary, left ear	2	1309	VWA3A	173	74	0.5	primary
1	Lymph node metastasis, left cervical node	2	1309	VWA3A	180	103	0.5	metastasis
2	Locoregional skin metastasis, left ear	2	1309	VWA3A	193	51	0.5	metastasis
3	Distant skin metastasis, back	2	1309	VWA3A	187	67	0.5	metastasis
0	Primary, left ear	2	1310	SERPINB11	96	51	0.5	primary
1	Lymph node metastasis, left cervical node	2	1310	SERPINB11	97	43	0.5	metastasis
2	Locoregional skin metastasis, left ear	2	1310	SERPINB11	131	34	0.5	metastasis
3	Distant skin metastasis, back	2	1310	SERPINB11	102	36	0.5	metastasis
0	Primary, left ear	7	1311	OR51B6	300	118	0.5	primary
1	Lymph node metastasis, left cervical node	7	1311	OR51B6	262	115	0.5	metastasis
2	Locoregional skin metastasis, left ear	7	1311	OR51B6	184	37	0.5	metastasis
3	Distant skin metastasis, back	7	1311	OR51B6	267	62	0.5	metastasis
0	Primary, left ear	2	1312	REEP1	138	50	0.5	primary
1	Lymph node metastasis, left cervical node	2	1312	REEP1	118	65	0.5	metastasis
2	Locoregional skin metastasis, left ear	2	1312	REEP1	149	41	0.5	metastasis
3	Distant skin metastasis, back	2	1312	REEP1	118	42	0.5	metastasis
0	Primary, left ear	2	1313	GPA33	67	31	0.5	primary
1	Lymph node metastasis, left cervical node	2	1313	GPA33	79	28	0.5	metastasis
2	Locoregional skin metastasis, left ear	2	1313	GPA33	111	19	0.5	metastasis
3	Distant skin metastasis, back	2	1313	GPA33	64	37	0.5	metastasis
0	Primary, left ear	7	1314	BC128131	26	7	0.5	primary
1	Lymph node metastasis, left cervical node	7	1314	BC128131	21	6	0.5	metastasis
2	Locoregional skin metastasis, left ear	7	1314	BC128131	14	3	0.5	metastasis
3	Distant skin metastasis, back	7	1314	BC128131	19	2	0.5	metastasis
0	Primary, left ear	4	1315	SLC27A4	258	107	0.5	primary
1	Lymph node metastasis, left cervical node	4	1315	SLC27A4	348	122	0.5	metastasis
2	Locoregional skin metastasis, left ear	4	1315	SLC27A4	456	66	0.5	metastasis
3	Distant skin metastasis, back	4	1315	SLC27A4	318	116	0.5	metastasis
0	Primary, left ear	2	1316	ST6GALNAC5	148	67	0.5	primary
1	Lymph node metastasis, left cervical node	2	1316	ST6GALNAC5	174	77	0.5	metastasis
2	Locoregional skin metastasis, left ear	2	1316	ST6GALNAC5	230	50	0.5	metastasis
3	Distant skin metastasis, back	2	1316	ST6GALNAC5	140	51	0.5	metastasis
0	Primary, left ear	2	1317	FAM178A	119	45	0.5	primary
1	Lymph node metastasis, left cervical node	2	1317	FAM178A	163	64	0.5	metastasis
2	Locoregional skin metastasis, left ear	2	1317	FAM178A	65	24	0.5	metastasis
3	Distant skin metastasis, back	2	1317	FAM178A	123	39	0.5	metastasis
0	Primary, left ear	4	1318	TNS4	28	5	0.5	primary
1	Lymph node metastasis, left cervical node	4	1318	TNS4	17	4	0.5	metastasis
2	Locoregional skin metastasis, left ear	4	1318	TNS4	17	4	0.5	metastasis
3	Distant skin metastasis, back	4	1318	TNS4	30	7	0.5	metastasis
0	Primary, left ear	6	1319	RFX2	30	21	0.5	primary
1	Lymph node metastasis, left cervical node	6	1319	RFX2	45	9	0.5	metastasis
2	Locoregional skin metastasis, left ear	6	1319	RFX2	64	10	0.5	metastasis
3	Distant skin metastasis, back	6	1319	RFX2	36	8	0.5	metastasis
0	Primary, left ear	2	1320	VWA5B2	130	75	0.5	primary
1	Lymph node metastasis, left cervical node	2	1320	VWA5B2	182	67	0.5	metastasis
2	Locoregional skin metastasis, left ear	2	1320	VWA5B2	175	36	0.5	metastasis
3	Distant skin metastasis, back	2	1320	VWA5B2	159	56	0.5	metastasis
0	Primary, left ear	2	1321	MMS19	105	62	0.5	primary
1	Lymph node metastasis, left cervical node	2	1321	MMS19	116	35	0.5	metastasis
2	Locoregional skin metastasis, left ear	2	1321	MMS19	160	37	0.5	metastasis
3	Distant skin metastasis, back	2	1321	MMS19	126	63	0.5	metastasis
0	Primary, left ear	7	1322	OR4C6	256	88	0.5	primary
1	Lymph node metastasis, left cervical node	7	1322	OR4C6	216	77	0.5	metastasis
2	Locoregional skin metastasis, left ear	7	1322	OR4C6	199	38	0.5	metastasis
3	Distant skin metastasis, back	7	1322	OR4C6	211	66	0.5	metastasis
0	Primary, left ear	2	1323	ABAT	91	41	0.5	primary
1	Lymph node metastasis, left cervical node	2	1323	ABAT	107	39	0.5	metastasis
2	Locoregional skin metastasis, left ear	2	1323	ABAT	134	38	0.5	metastasis
3	Distant skin metastasis, back	2	1323	ABAT	91	31	0.5	metastasis
0	Primary, left ear	4	1324	ZNF142	175	76	0.5	primary
1	Lymph node metastasis, left cervical node	4	1324	ZNF142	196	64	0.5	metastasis
2	Locoregional skin metastasis, left ear	4	1324	ZNF142	315	53	0.5	metastasis
3	Distant skin metastasis, back	4	1324	ZNF142	194	59	0.5	metastasis
0	Primary, left ear	2	1325	ATP13A3	36	22	0.5	primary
1	Lymph node metastasis, left cervical node	2	1325	ATP13A3	47	20	0.5	metastasis
2	Locoregional skin metastasis, left ear	2	1325	ATP13A3	22	2	0.5	metastasis
3	Distant skin metastasis, back	2	1325	ATP13A3	41	14	0.5	metastasis
0	Primary, left ear	7	1326	ABI3BP	76	30	0.5	primary
1	Lymph node metastasis, left cervical node	7	1326	ABI3BP	75	25	0.5	metastasis
2	Locoregional skin metastasis, left ear	7	1326	ABI3BP	67	13	0.5	metastasis
3	Distant skin metastasis, back	7	1326	ABI3BP	81	20	0.5	metastasis
0	Primary, left ear	2	1327	LMOD1	1537	739	0.5	primary
1	Lymph node metastasis, left cervical node	2	1327	LMOD1	1701	666	0.5	metastasis
2	Locoregional skin metastasis, left ear	2	1327	LMOD1	1569	370	0.5	metastasis
3	Distant skin metastasis, back	2	1327	LMOD1	1623	570	0.5	metastasis
0	Primary, left ear	1	1328	TTN	483	198	0.5	primary
1	Lymph node metastasis, left cervical node	1	1328	TTN	494	170	0.5	metastasis
2	Locoregional skin metastasis, left ear	1	1328	TTN	409	104	0.5	metastasis
3	Distant skin metastasis, back	1	1328	TTN	403	153	0.5	metastasis
0	Primary, left ear	2	1329	MMP2	88	37	0.5	primary
1	Lymph node metastasis, left cervical node	2	1329	MMP2	102	36	0.5	metastasis
2	Locoregional skin metastasis, left ear	2	1329	MMP2	104	19	0.5	metastasis
3	Distant skin metastasis, back	2	1329	MMP2	88	43	0.5	metastasis
0	Primary, left ear	4	1330	SLITRK3	289	121	0.5	primary
1	Lymph node metastasis, left cervical node	4	1330	SLITRK3	323	92	0.5	metastasis
2	Locoregional skin metastasis, left ear	4	1330	SLITRK3	105	19	0.5	metastasis
3	Distant skin metastasis, back	4	1330	SLITRK3	272	85	0.5	metastasis
0	Primary, left ear	7	1331	SOLH	124	55	0.5	primary
1	Lymph node metastasis, left cervical node	7	1331	SOLH	130	48	0.5	metastasis
2	Locoregional skin metastasis, left ear	7	1331	SOLH	196	29	0.5	metastasis
3	Distant skin metastasis, back	7	1331	SOLH	138	53	0.5	metastasis
0	Primary, left ear	2	1332	MAPK8IP3	97	62	0.5	primary
1	Lymph node metastasis, left cervical node	2	1332	MAPK8IP3	94	37	0.5	metastasis
2	Locoregional skin metastasis, left ear	2	1332	MAPK8IP3	132	29	0.5	metastasis
3	Distant skin metastasis, back	2	1332	MAPK8IP3	110	51	0.5	metastasis
0	Primary, left ear	2	1333	CXXC11	82	37	0.5	primary
1	Lymph node metastasis, left cervical node	2	1333	CXXC11	87	35	0.5	metastasis
2	Locoregional skin metastasis, left ear	2	1333	CXXC11	92	21	0.5	metastasis
3	Distant skin metastasis, back	2	1333	CXXC11	92	43	0.5	metastasis
0	Primary, left ear	2	1334	CUBN	66	25	0.5	primary
1	Lymph node metastasis, left cervical node	2	1334	CUBN	59	25	0.5	metastasis
2	Locoregional skin metastasis, left ear	2	1334	CUBN	45	18	0.5	metastasis
3	Distant skin metastasis, back	2	1334	CUBN	58	21	0.5	metastasis
0	Primary, left ear	1	1335	COL3A1	58	15	0.5	primary
1	Lymph node metastasis, left cervical node	1	1335	COL3A1	40	11	0.5	metastasis
2	Locoregional skin metastasis, left ear	1	1335	COL3A1	42	7	0.5	metastasis
3	Distant skin metastasis, back	1	1335	COL3A1	36	19	0.5	metastasis
0	Primary, left ear	6	1336	C9orf64	81	43	0.5	primary
1	Lymph node metastasis, left cervical node	6	1336	C9orf64	113	35	0.5	metastasis
2	Locoregional skin metastasis, left ear	6	1336	C9orf64	73	15	0.5	metastasis
3	Distant skin metastasis, back	6	1336	C9orf64	120	30	0.5	metastasis
0	Primary, left ear	2	1337	TCRA	160	76	0.5	primary
1	Lymph node metastasis, left cervical node	2	1337	TCRA	174	61	0.5	metastasis
2	Locoregional skin metastasis, left ear	2	1337	TCRA	200	58	0.5	metastasis
3	Distant skin metastasis, back	2	1337	TCRA	162	77	0.5	metastasis
0	Primary, left ear	6	1338	DNAH7	137	49	0.5	primary
1	Lymph node metastasis, left cervical node	6	1338	DNAH7	161	40	0.5	metastasis
2	Locoregional skin metastasis, left ear	6	1338	DNAH7	33	20	0.5	metastasis
3	Distant skin metastasis, back	6	1338	DNAH7	140	41	0.5	metastasis
0	Primary, left ear	2	1339	NOS1	140	69	0.5	primary
1	Lymph node metastasis, left cervical node	2	1339	NOS1	189	77	0.5	metastasis
2	Locoregional skin metastasis, left ear	2	1339	NOS1	198	54	0.5	metastasis
3	Distant skin metastasis, back	2	1339	NOS1	178	55	0.5	metastasis
0	Primary, left ear	6	1340	THSD7B	92	62	0.5	primary
1	Lymph node metastasis, left cervical node	6	1340	THSD7B	107	38	0.5	metastasis
2	Locoregional skin metastasis, left ear	6	1340	THSD7B	98	29	0.5	metastasis
3	Distant skin metastasis, back	6	1340	THSD7B	97	23	0.5	metastasis
0	Primary, left ear	6	1341	KBTBD8	160	83	0.5	primary
1	Lymph node metastasis, left cervical node	6	1341	KBTBD8	164	47	0.5	metastasis
2	Locoregional skin metastasis, left ear	6	1341	KBTBD8	75	18	0.5	metastasis
3	Distant skin metastasis, back	6	1341	KBTBD8	157	42	0.5	metastasis
0	Primary, left ear	7	1342	MUC16	277	117	0.5	primary
1	Lymph node metastasis, left cervical node	7	1342	MUC16	363	120	0.5	metastasis
2	Locoregional skin metastasis, left ear	7	1342	MUC16	342	64	0.5	metastasis
3	Distant skin metastasis, back	7	1342	MUC16	283	81	0.5	metastasis
0	Primary, left ear	2	1343	SLFN11	278	154	0.5	primary
1	Lymph node metastasis, left cervical node	2	1343	SLFN11	291	144	0.5	metastasis
2	Locoregional skin metastasis, left ear	2	1343	SLFN11	127	43	0.5	metastasis
3	Distant skin metastasis, back	2	1343	SLFN11	233	122	0.5	metastasis
0	Primary, left ear	3	1344	SYNE1	198	58	0.5	primary
1	Lymph node metastasis, left cervical node	3	1344	SYNE1	221	81	0.5	metastasis
2	Locoregional skin metastasis, left ear	3	1344	SYNE1	197	45	0.5	metastasis
3	Distant skin metastasis, back	3	1344	SYNE1	195	45	0.5	metastasis
0	Primary, left ear	1	1345	TTN	128	54	0.5	primary
1	Lymph node metastasis, left cervical node	1	1345	TTN	121	38	0.5	metastasis
2	Locoregional skin metastasis, left ear	1	1345	TTN	193	32	0.5	metastasis
3	Distant skin metastasis, back	1	1345	TTN	100	37	0.5	metastasis
0	Primary, left ear	6	1346	NLRP10	188	81	0.5	primary
1	Lymph node metastasis, left cervical node	6	1346	NLRP10	235	68	0.5	metastasis
2	Locoregional skin metastasis, left ear	6	1346	NLRP10	208	43	0.5	metastasis
3	Distant skin metastasis, back	6	1346	NLRP10	182	58	0.5	metastasis
0	Primary, left ear	2	1347	SKA1	25	12	0.5	primary
1	Lymph node metastasis, left cervical node	2	1347	SKA1	29	8	0.5	metastasis
2	Locoregional skin metastasis, left ear	2	1347	SKA1	15	3	0.5	metastasis
3	Distant skin metastasis, back	2	1347	SKA1	21	5	0.5	metastasis
0	Primary, left ear	7	1348	TLR5	125	42	0.5	primary
1	Lymph node metastasis, left cervical node	7	1348	TLR5	173	66	0.5	metastasis
2	Locoregional skin metastasis, left ear	7	1348	TLR5	87	13	0.5	metastasis
3	Distant skin metastasis, back	7	1348	TLR5	129	40	0.5	metastasis
0	Primary, left ear	2	1349	CSMD2	61	30	0.5	primary
1	Lymph node metastasis, left cervical node	2	1349	CSMD2	68	31	0.5	metastasis
2	Locoregional skin metastasis, left ear	2	1349	CSMD2	38	10	0.5	metastasis
3	Distant skin metastasis, back	2	1349	CSMD2	57	35	0.5	metastasis
0	Primary, left ear	6	1350	ABCC11	72	35	0.5	primary
1	Lymph node metastasis, left cervical node	6	1350	ABCC11	98	26	0.5	metastasis
2	Locoregional skin metastasis, left ear	6	1350	ABCC11	123	21	0.5	metastasis
3	Distant skin metastasis, back	6	1350	ABCC11	76	19	0.5	metastasis
0	Primary, left ear	7	1351	PTH2R	137	63	0.5	primary
1	Lymph node metastasis, left cervical node	7	1351	PTH2R	148	63	0.5	metastasis
2	Locoregional skin metastasis, left ear	7	1351	PTH2R	118	23	0.5	metastasis
3	Distant skin metastasis, back	7	1351	PTH2R	156	49	0.5	metastasis
0	Primary, left ear	2	1352	STK39	342	172	0.5	primary
1	Lymph node metastasis, left cervical node	2	1352	STK39	374	132	0.5	metastasis
2	Locoregional skin metastasis, left ear	2	1352	STK39	328	97	0.5	metastasis
3	Distant skin metastasis, back	2	1352	STK39	336	134	0.5	metastasis
0	Primary, left ear	1	1353	KRT39	122	48	0.5	primary
1	Lymph node metastasis, left cervical node	1	1353	KRT39	130	39	0.5	metastasis
2	Locoregional skin metastasis, left ear	1	1353	KRT39	70	18	0.5	metastasis
3	Distant skin metastasis, back	1	1353	KRT39	108	41	0.5	metastasis
0	Primary, left ear	3	1354	C1orf94	631	274	0.5	primary
1	Lymph node metastasis, left cervical node	3	1354	C1orf94	695	230	0.5	metastasis
2	Locoregional skin metastasis, left ear	3	1354	C1orf94	792	153	0.5	metastasis
3	Distant skin metastasis, back	3	1354	C1orf94	711	137	0.5	metastasis
0	Primary, left ear	2	1355	ADAMTS5	172	89	0.5	primary
1	Lymph node metastasis, left cervical node	2	1355	ADAMTS5	173	67	0.5	metastasis
2	Locoregional skin metastasis, left ear	2	1355	ADAMTS5	278	69	0.5	metastasis
3	Distant skin metastasis, back	2	1355	ADAMTS5	194	67	0.5	metastasis
0	Primary, left ear	2	1356	HPS5	221	115	0.5	primary
1	Lymph node metastasis, left cervical node	2	1356	HPS5	221	105	0.5	metastasis
2	Locoregional skin metastasis, left ear	2	1356	HPS5	101	31	0.5	metastasis
3	Distant skin metastasis, back	2	1356	HPS5	217	88	0.5	metastasis
0	Primary, left ear	2	1357	ADAM21	304	142	0.5	primary
1	Lymph node metastasis, left cervical node	2	1357	ADAM21	345	127	0.5	metastasis
2	Locoregional skin metastasis, left ear	2	1357	ADAM21	218	59	0.5	metastasis
3	Distant skin metastasis, back	2	1357	ADAM21	304	120	0.5	metastasis
0	Primary, left ear	7	1358	FPGT-TNNI3K	300	118	0.5	primary
1	Lymph node metastasis, left cervical node	7	1358	FPGT-TNNI3K	303	118	0.5	metastasis
2	Locoregional skin metastasis, left ear	7	1358	FPGT-TNNI3K	381	69	0.5	metastasis
3	Distant skin metastasis, back	7	1358	FPGT-TNNI3K	265	68	0.5	metastasis
0	Primary, left ear	2	1359	SLC7A7	98	56	0.5	primary
1	Lymph node metastasis, left cervical node	2	1359	SLC7A7	153	61	0.5	metastasis
2	Locoregional skin metastasis, left ear	2	1359	SLC7A7	143	41	0.5	metastasis
3	Distant skin metastasis, back	2	1359	SLC7A7	130	52	0.5	metastasis
0	Primary, left ear	3	1360	LUZP2	79	25	0.5	primary
1	Lymph node metastasis, left cervical node	3	1360	LUZP2	96	29	0.5	metastasis
2	Locoregional skin metastasis, left ear	3	1360	LUZP2	32	16	0.5	metastasis
3	Distant skin metastasis, back	3	1360	LUZP2	88	16	0.5	metastasis
0	Primary, left ear	2	1361	ZDHHC7	96	46	0.5	primary
1	Lymph node metastasis, left cervical node	2	1361	ZDHHC7	96	31	0.5	metastasis
2	Locoregional skin metastasis, left ear	2	1361	ZDHHC7	126	38	0.5	metastasis
3	Distant skin metastasis, back	2	1361	ZDHHC7	123	48	0.5	metastasis
0	Primary, left ear	4	1362	KIF26A	103	27	0.5	primary
1	Lymph node metastasis, left cervical node	4	1362	KIF26A	107	34	0.5	metastasis
2	Locoregional skin metastasis, left ear	4	1362	KIF26A	100	17	0.5	metastasis
3	Distant skin metastasis, back	4	1362	KIF26A	77	23	0.5	metastasis
0	Primary, left ear	4	1363	TLR4	130	37	0.5	primary
1	Lymph node metastasis, left cervical node	4	1363	TLR4	140	21	0.5	metastasis
2	Locoregional skin metastasis, left ear	4	1363	TLR4	53	10	0.5	metastasis
3	Distant skin metastasis, back	4	1363	TLR4	111	22	0.5	metastasis
0	Primary, left ear	7	1364	DSC3	186	84	0.5	primary
1	Lymph node metastasis, left cervical node	7	1364	DSC3	208	86	0.5	metastasis
2	Locoregional skin metastasis, left ear	7	1364	DSC3	167	31	0.5	metastasis
3	Distant skin metastasis, back	7	1364	DSC3	184	65	0.5	metastasis
0	Primary, left ear	7	1365	CSF1	401	159	0.5	primary
1	Lymph node metastasis, left cervical node	7	1365	CSF1	423	154	0.5	metastasis
2	Locoregional skin metastasis, left ear	7	1365	CSF1	417	118	0.5	metastasis
3	Distant skin metastasis, back	7	1365	CSF1	433	133	0.5	metastasis
0	Primary, left ear	6	1366	TUBA4B	211	124	0.5	primary
1	Lymph node metastasis, left cervical node	6	1366	TUBA4B	272	77	0.5	metastasis
2	Locoregional skin metastasis, left ear	6	1366	TUBA4B	331	72	0.5	metastasis
3	Distant skin metastasis, back	6	1366	TUBA4B	277	102	0.5	metastasis
0	Primary, left ear	1	1367	TSGA10	160	68	0.5	primary
1	Lymph node metastasis, left cervical node	1	1367	TSGA10	196	49	0.5	metastasis
2	Locoregional skin metastasis, left ear	1	1367	TSGA10	64	18	0.5	metastasis
3	Distant skin metastasis, back	1	1367	TSGA10	144	58	0.5	metastasis
0	Primary, left ear	7	1368	SIM2	36	8	0.5	primary
1	Lymph node metastasis, left cervical node	7	1368	SIM2	45	26	0.5	metastasis
2	Locoregional skin metastasis, left ear	7	1368	SIM2	30	5	0.5	metastasis
3	Distant skin metastasis, back	7	1368	SIM2	48	11	0.5	metastasis
0	Primary, left ear	6	1369	ZNF521	156	79	0.5	primary
1	Lymph node metastasis, left cervical node	6	1369	ZNF521	173	42	0.5	metastasis
2	Locoregional skin metastasis, left ear	6	1369	ZNF521	175	25	0.5	metastasis
3	Distant skin metastasis, back	6	1369	ZNF521	156	52	0.5	metastasis
0	Primary, left ear	2	1370	UCN	19	10	0.5	primary
1	Lymph node metastasis, left cervical node	2	1370	UCN	26	14	0.5	metastasis
2	Locoregional skin metastasis, left ear	2	1370	UCN	42	12	0.5	metastasis
3	Distant skin metastasis, back	2	1370	UCN	23	9	0.5	metastasis
0	Primary, left ear	6	1371	CSMD2	199	102	0.5	primary
1	Lymph node metastasis, left cervical node	6	1371	CSMD2	273	88	0.5	metastasis
2	Locoregional skin metastasis, left ear	6	1371	CSMD2	317	71	0.5	metastasis
3	Distant skin metastasis, back	6	1371	CSMD2	267	66	0.5	metastasis
0	Primary, left ear	2	1372	CPN1	109	49	0.5	primary
1	Lymph node metastasis, left cervical node	2	1372	CPN1	136	47	0.5	metastasis
2	Locoregional skin metastasis, left ear	2	1372	CPN1	111	28	0.5	metastasis
3	Distant skin metastasis, back	2	1372	CPN1	114	54	0.5	metastasis
0	Primary, left ear	2	1373	CNTNAP4	80	50	0.5	primary
1	Lymph node metastasis, left cervical node	2	1373	CNTNAP4	89	30	0.5	metastasis
2	Locoregional skin metastasis, left ear	2	1373	CNTNAP4	48	10	0.5	metastasis
3	Distant skin metastasis, back	2	1373	CNTNAP4	65	22	0.5	metastasis
0	Primary, left ear	2	1374	EPHA10	207	101	0.5	primary
1	Lymph node metastasis, left cervical node	2	1374	EPHA10	261	92	0.5	metastasis
2	Locoregional skin metastasis, left ear	2	1374	EPHA10	306	80	0.5	metastasis
3	Distant skin metastasis, back	2	1374	EPHA10	256	112	0.5	metastasis
0	Primary, left ear	6	1375	SSH2	485	238	0.5	primary
1	Lymph node metastasis, left cervical node	6	1375	SSH2	634	196	0.5	metastasis
2	Locoregional skin metastasis, left ear	6	1375	SSH2	515	105	0.5	metastasis
3	Distant skin metastasis, back	6	1375	SSH2	569	190	0.5	metastasis
0	Primary, left ear	1	1376	RFX4	182	79	0.5	primary
1	Lymph node metastasis, left cervical node	1	1376	RFX4	218	69	0.5	metastasis
2	Locoregional skin metastasis, left ear	1	1376	RFX4	184	52	0.5	metastasis
3	Distant skin metastasis, back	1	1376	RFX4	182	70	0.5	metastasis
0	Primary, left ear	7	1377	MYH8	91	34	0.5	primary
1	Lymph node metastasis, left cervical node	7	1377	MYH8	117	41	0.5	metastasis
2	Locoregional skin metastasis, left ear	7	1377	MYH8	52	18	0.5	metastasis
3	Distant skin metastasis, back	7	1377	MYH8	85	22	0.5	metastasis
0	Primary, left ear	7	1378	RBFOX1	86	49	0.5	primary
1	Lymph node metastasis, left cervical node	7	1378	RBFOX1	71	26	0.5	metastasis
2	Locoregional skin metastasis, left ear	7	1378	RBFOX1	152	23	0.5	metastasis
3	Distant skin metastasis, back	7	1378	RBFOX1	82	26	0.5	metastasis
0	Primary, left ear	2	1379	ZCCHC6	86	31	0.5	primary
1	Lymph node metastasis, left cervical node	2	1379	ZCCHC6	111	38	0.5	metastasis
2	Locoregional skin metastasis, left ear	2	1379	ZCCHC6	44	13	0.5	metastasis
3	Distant skin metastasis, back	2	1379	ZCCHC6	96	39	0.5	metastasis
0	Primary, left ear	2	1380	MYO1F	10	8	0.5	primary
1	Lymph node metastasis, left cervical node	2	1380	MYO1F	19	4	0.5	metastasis
2	Locoregional skin metastasis, left ear	2	1380	MYO1F	16	0	0.5	metastasis
3	Distant skin metastasis, back	2	1380	MYO1F	19	8	0.5	metastasis
0	Primary, left ear	7	1381	TRPM6	132	42	0.5	primary
1	Lymph node metastasis, left cervical node	7	1381	TRPM6	122	57	0.5	metastasis
2	Locoregional skin metastasis, left ear	7	1381	TRPM6	34	9	0.5	metastasis
3	Distant skin metastasis, back	7	1381	TRPM6	115	43	0.5	metastasis
0	Primary, left ear	2	1382	MCM6	14	3	0.5	primary
1	Lymph node metastasis, left cervical node	2	1382	MCM6	14	7	0.5	metastasis
2	Locoregional skin metastasis, left ear	2	1382	MCM6	12	3	0.5	metastasis
3	Distant skin metastasis, back	2	1382	MCM6	7	3	0.5	metastasis
0	Primary, left ear	7	1383	OR52E6	94	52	0.5	primary
1	Lymph node metastasis, left cervical node	7	1383	OR52E6	137	56	0.5	metastasis
2	Locoregional skin metastasis, left ear	7	1383	OR52E6	111	18	0.5	metastasis
3	Distant skin metastasis, back	7	1383	OR52E6	117	31	0.5	metastasis
0	Primary, left ear	6	1384	TTN	175	99	0.5	primary
1	Lymph node metastasis, left cervical node	6	1384	TTN	178	54	0.5	metastasis
2	Locoregional skin metastasis, left ear	6	1384	TTN	119	21	0.5	metastasis
3	Distant skin metastasis, back	6	1384	TTN	175	51	0.5	metastasis
0	Primary, left ear	7	1385	UBXN4	24	12	0.5	primary
1	Lymph node metastasis, left cervical node	7	1385	UBXN4	22	8	0.5	metastasis
2	Locoregional skin metastasis, left ear	7	1385	UBXN4	15	1	0.5	metastasis
3	Distant skin metastasis, back	7	1385	UBXN4	32	8	0.5	metastasis
0	Primary, left ear	2	1386	TTN	108	48	0.5	primary
1	Lymph node metastasis, left cervical node	2	1386	TTN	116	39	0.5	metastasis
2	Locoregional skin metastasis, left ear	2	1386	TTN	55	15	0.5	metastasis
3	Distant skin metastasis, back	2	1386	TTN	106	36	0.5	metastasis
0	Primary, left ear	6	1387	MUC2	99	44	0.5	primary
1	Lymph node metastasis, left cervical node	6	1387	MUC2	146	31	0.5	metastasis
2	Locoregional skin metastasis, left ear	6	1387	MUC2	150	38	0.5	metastasis
3	Distant skin metastasis, back	6	1387	MUC2	133	36	0.5	metastasis
0	Primary, left ear	4	1388	ZBED2	937	376	0.5	primary
1	Lymph node metastasis, left cervical node	4	1388	ZBED2	976	294	0.5	metastasis
2	Locoregional skin metastasis, left ear	4	1388	ZBED2	817	137	0.5	metastasis
3	Distant skin metastasis, back	4	1388	ZBED2	807	268	0.5	metastasis
0	Primary, left ear	4	1389	PLCE1	280	125	0.5	primary
1	Lymph node metastasis, left cervical node	4	1389	PLCE1	392	128	0.5	metastasis
2	Locoregional skin metastasis, left ear	4	1389	PLCE1	346	54	0.5	metastasis
3	Distant skin metastasis, back	4	1389	PLCE1	355	92	0.5	metastasis
0	Primary, left ear	6	1390	BTAF1	66	31	0.5	primary
1	Lymph node metastasis, left cervical node	6	1390	BTAF1	62	17	0.5	metastasis
2	Locoregional skin metastasis, left ear	6	1390	BTAF1	29	6	0.5	metastasis
3	Distant skin metastasis, back	6	1390	BTAF1	65	18	0.5	metastasis
0	Primary, left ear	7	1391	CUTC	127	41	0.5	primary
1	Lymph node metastasis, left cervical node	7	1391	CUTC	142	50	0.5	metastasis
2	Locoregional skin metastasis, left ear	7	1391	CUTC	112	22	0.5	metastasis
3	Distant skin metastasis, back	7	1391	CUTC	138	50	0.5	metastasis
0	Primary, left ear	1	1392	ABL2	166	67	0.5	primary
1	Lymph node metastasis, left cervical node	1	1392	ABL2	199	58	0.5	metastasis
2	Locoregional skin metastasis, left ear	1	1392	ABL2	271	65	0.5	metastasis
3	Distant skin metastasis, back	1	1392	ABL2	174	67	0.5	metastasis
0	Primary, left ear	7	1393	OR6N2	99	39	0.5	primary
1	Lymph node metastasis, left cervical node	7	1393	OR6N2	92	38	0.5	metastasis
2	Locoregional skin metastasis, left ear	7	1393	OR6N2	72	13	0.5	metastasis
3	Distant skin metastasis, back	7	1393	OR6N2	84	30	0.5	metastasis
0	Primary, left ear	2	1394	IGSF10	74	38	0.5	primary
1	Lymph node metastasis, left cervical node	2	1394	IGSF10	108	43	0.5	metastasis
2	Locoregional skin metastasis, left ear	2	1394	IGSF10	86	11	0.5	metastasis
3	Distant skin metastasis, back	2	1394	IGSF10	88	36	0.5	metastasis
0	Primary, left ear	2	1395	EDAR	72	26	0.5	primary
1	Lymph node metastasis, left cervical node	2	1395	EDAR	76	32	0.5	metastasis
2	Locoregional skin metastasis, left ear	2	1395	EDAR	102	18	0.5	metastasis
3	Distant skin metastasis, back	2	1395	EDAR	82	36	0.5	metastasis
0	Primary, left ear	2	1396	LOC440335	28	17	0.5	primary
1	Lymph node metastasis, left cervical node	2	1396	LOC440335	37	17	0.5	metastasis
2	Locoregional skin metastasis, left ear	2	1396	LOC440335	28	12	0.5	metastasis
3	Distant skin metastasis, back	2	1396	LOC440335	29	13	0.5	metastasis
0	Primary, left ear	2	1397	TGM6	55	34	0.5	primary
1	Lymph node metastasis, left cervical node	2	1397	TGM6	66	33	0.5	metastasis
2	Locoregional skin metastasis, left ear	2	1397	TGM6	88	19	0.5	metastasis
3	Distant skin metastasis, back	2	1397	TGM6	66	16	0.5	metastasis
0	Primary, left ear	2	1398	ADRA2B	97	61	0.5	primary
1	Lymph node metastasis, left cervical node	2	1398	ADRA2B	90	59	0.5	metastasis
2	Locoregional skin metastasis, left ear	2	1398	ADRA2B	161	36	0.5	metastasis
3	Distant skin metastasis, back	2	1398	ADRA2B	108	46	0.5	metastasis
0	Primary, left ear	2	1399	R3HDM1	392	214	0.5	primary
1	Lymph node metastasis, left cervical node	2	1399	R3HDM1	430	212	0.5	metastasis
2	Locoregional skin metastasis, left ear	2	1399	R3HDM1	425	118	0.5	metastasis
3	Distant skin metastasis, back	2	1399	R3HDM1	367	190	0.5	metastasis
0	Primary, left ear	2	1400	UMODL1	178	91	0.5	primary
1	Lymph node metastasis, left cervical node	2	1400	UMODL1	194	111	0.5	metastasis
2	Locoregional skin metastasis, left ear	2	1400	UMODL1	146	38	0.5	metastasis
3	Distant skin metastasis, back	2	1400	UMODL1	199	68	0.5	metastasis
0	Primary, left ear	1	1401	ANK3	575	241	0.5	primary
1	Lymph node metastasis, left cervical node	1	1401	ANK3	643	198	0.5	metastasis
2	Locoregional skin metastasis, left ear	1	1401	ANK3	591	128	0.5	metastasis
3	Distant skin metastasis, back	1	1401	ANK3	553	213	0.5	metastasis
0	Primary, left ear	6	1402	RALGAPA2	62	40	0.5	primary
1	Lymph node metastasis, left cervical node	6	1402	RALGAPA2	87	25	0.5	metastasis
2	Locoregional skin metastasis, left ear	6	1402	RALGAPA2	36	12	0.5	metastasis
3	Distant skin metastasis, back	6	1402	RALGAPA2	86	16	0.5	metastasis
0	Primary, left ear	7	1403	MGC12965	124	66	0.5	primary
1	Lymph node metastasis, left cervical node	7	1403	MGC12965	121	46	0.5	metastasis
2	Locoregional skin metastasis, left ear	7	1403	MGC12965	64	7	0.5	metastasis
3	Distant skin metastasis, back	7	1403	MGC12965	156	43	0.5	metastasis
0	Primary, left ear	7	1404	OR1C1	34	24	0.5	primary
1	Lymph node metastasis, left cervical node	7	1404	OR1C1	70	25	0.5	metastasis
2	Locoregional skin metastasis, left ear	7	1404	OR1C1	46	2	0.5	metastasis
3	Distant skin metastasis, back	7	1404	OR1C1	51	10	0.5	metastasis
0	Primary, left ear	6	1405	OR5T1	71	28	0.5	primary
1	Lymph node metastasis, left cervical node	6	1405	OR5T1	71	15	0.5	metastasis
2	Locoregional skin metastasis, left ear	6	1405	OR5T1	27	10	0.5	metastasis
3	Distant skin metastasis, back	6	1405	OR5T1	56	16	0.5	metastasis
0	Primary, left ear	7	1406	PAPSS2	160	54	0.5	primary
1	Lymph node metastasis, left cervical node	7	1406	PAPSS2	142	53	0.5	metastasis
2	Locoregional skin metastasis, left ear	7	1406	PAPSS2	149	30	0.5	metastasis
3	Distant skin metastasis, back	7	1406	PAPSS2	165	47	0.5	metastasis
0	Primary, left ear	2	1407	TUBGCP6	112	84	0.5	primary
1	Lymph node metastasis, left cervical node	2	1407	TUBGCP6	140	70	0.5	metastasis
2	Locoregional skin metastasis, left ear	2	1407	TUBGCP6	133	42	0.5	metastasis
3	Distant skin metastasis, back	2	1407	TUBGCP6	133	47	0.5	metastasis
0	Primary, left ear	2	1408	TMEM185B	122	57	0.5	primary
1	Lymph node metastasis, left cervical node	2	1408	TMEM185B	118	37	0.5	metastasis
2	Locoregional skin metastasis, left ear	2	1408	TMEM185B	159	38	0.5	metastasis
3	Distant skin metastasis, back	2	1408	TMEM185B	151	73	0.5	metastasis
0	Primary, left ear	2	1409	ZNF556	40	27	0.5	primary
1	Lymph node metastasis, left cervical node	2	1409	ZNF556	64	28	0.5	metastasis
2	Locoregional skin metastasis, left ear	2	1409	ZNF556	59	6	0.5	metastasis
3	Distant skin metastasis, back	2	1409	ZNF556	49	18	0.5	metastasis
0	Primary, left ear	2	1410	EIF2C4	56	23	0.5	primary
1	Lymph node metastasis, left cervical node	2	1410	EIF2C4	102	34	0.5	metastasis
2	Locoregional skin metastasis, left ear	2	1410	EIF2C4	72	19	0.5	metastasis
3	Distant skin metastasis, back	2	1410	EIF2C4	86	34	0.5	metastasis
0	Primary, left ear	2	1411	KALRN	17	10	0.5	primary
1	Lymph node metastasis, left cervical node	2	1411	KALRN	21	9	0.5	metastasis
2	Locoregional skin metastasis, left ear	2	1411	KALRN	16	5	0.5	metastasis
3	Distant skin metastasis, back	2	1411	KALRN	15	3	0.5	metastasis
0	Primary, left ear	2	1412	VCAM1	120	76	0.5	primary
1	Lymph node metastasis, left cervical node	2	1412	VCAM1	131	59	0.5	metastasis
2	Locoregional skin metastasis, left ear	2	1412	VCAM1	98	24	0.5	metastasis
3	Distant skin metastasis, back	2	1412	VCAM1	136	37	0.5	metastasis
0	Primary, left ear	2	1413	SYT6	65	26	0.5	primary
1	Lymph node metastasis, left cervical node	2	1413	SYT6	60	22	0.5	metastasis
2	Locoregional skin metastasis, left ear	2	1413	SYT6	43	13	0.5	metastasis
3	Distant skin metastasis, back	2	1413	SYT6	49	28	0.5	metastasis
0	Primary, left ear	4	1414	HOXD12	218	95	0.5	primary
1	Lymph node metastasis, left cervical node	4	1414	HOXD12	227	61	0.5	metastasis
2	Locoregional skin metastasis, left ear	4	1414	HOXD12	316	47	0.5	metastasis
3	Distant skin metastasis, back	4	1414	HOXD12	234	71	0.5	metastasis
0	Primary, left ear	2	1415	PIGZ	51	18	0.5	primary
1	Lymph node metastasis, left cervical node	2	1415	PIGZ	56	26	0.5	metastasis
2	Locoregional skin metastasis, left ear	2	1415	PIGZ	49	18	0.5	metastasis
3	Distant skin metastasis, back	2	1415	PIGZ	65	26	0.5	metastasis
0	Primary, left ear	2	1416	LAMA2	127	93	0.5	primary
1	Lymph node metastasis, left cervical node	2	1416	LAMA2	191	82	0.5	metastasis
2	Locoregional skin metastasis, left ear	2	1416	LAMA2	209	58	0.5	metastasis
3	Distant skin metastasis, back	2	1416	LAMA2	186	77	0.5	metastasis
0	Primary, left ear	1	1417	OR2L2	79	24	0.5	primary
1	Lymph node metastasis, left cervical node	1	1417	OR2L2	94	27	0.5	metastasis
2	Locoregional skin metastasis, left ear	1	1417	OR2L2	55	14	0.5	metastasis
3	Distant skin metastasis, back	1	1417	OR2L2	78	32	0.5	metastasis
0	Primary, left ear	2	1418	PIK3CB	73	35	0.5	primary
1	Lymph node metastasis, left cervical node	2	1418	PIK3CB	73	24	0.5	metastasis
2	Locoregional skin metastasis, left ear	2	1418	PIK3CB	25	8	0.5	metastasis
3	Distant skin metastasis, back	2	1418	PIK3CB	56	31	0.5	metastasis
0	Primary, left ear	4	1419	KRT24	247	99	0.5	primary
1	Lymph node metastasis, left cervical node	4	1419	KRT24	299	99	0.5	metastasis
2	Locoregional skin metastasis, left ear	4	1419	KRT24	173	31	0.5	metastasis
3	Distant skin metastasis, back	4	1419	KRT24	261	82	0.5	metastasis
0	Primary, left ear	2	1420	FAM46C	174	106	0.5	primary
1	Lymph node metastasis, left cervical node	2	1420	FAM46C	175	85	0.5	metastasis
2	Locoregional skin metastasis, left ear	2	1420	FAM46C	256	41	0.5	metastasis
3	Distant skin metastasis, back	2	1420	FAM46C	155	67	0.5	metastasis
0	Primary, left ear	2	1421	PLCXD2	123	59	0.5	primary
1	Lymph node metastasis, left cervical node	2	1421	PLCXD2	156	68	0.5	metastasis
2	Locoregional skin metastasis, left ear	2	1421	PLCXD2	178	28	0.5	metastasis
3	Distant skin metastasis, back	2	1421	PLCXD2	111	48	0.5	metastasis
0	Primary, left ear	6	1422	SELP	164	72	0.5	primary
1	Lymph node metastasis, left cervical node	6	1422	SELP	199	59	0.5	metastasis
2	Locoregional skin metastasis, left ear	6	1422	SELP	180	39	0.5	metastasis
3	Distant skin metastasis, back	6	1422	SELP	144	46	0.5	metastasis
0	Primary, left ear	1	1423	C3orf67	188	86	0.5	primary
1	Lymph node metastasis, left cervical node	1	1423	C3orf67	211	69	0.5	metastasis
2	Locoregional skin metastasis, left ear	1	1423	C3orf67	126	20	0.5	metastasis
3	Distant skin metastasis, back	1	1423	C3orf67	170	75	0.5	metastasis
0	Primary, left ear	7	1424	TTN	282	131	0.5	primary
1	Lymph node metastasis, left cervical node	7	1424	TTN	289	112	0.5	metastasis
2	Locoregional skin metastasis, left ear	7	1424	TTN	184	35	0.5	metastasis
3	Distant skin metastasis, back	7	1424	TTN	246	79	0.5	metastasis
0	Primary, left ear	6	1425	LCT	144	62	0.5	primary
1	Lymph node metastasis, left cervical node	6	1425	LCT	205	48	0.5	metastasis
2	Locoregional skin metastasis, left ear	6	1425	LCT	234	62	0.5	metastasis
3	Distant skin metastasis, back	6	1425	LCT	163	52	0.5	metastasis
0	Primary, left ear	2	1426	ABCG8	184	102	0.5	primary
1	Lymph node metastasis, left cervical node	2	1426	ABCG8	231	88	0.5	metastasis
2	Locoregional skin metastasis, left ear	2	1426	ABCG8	238	45	0.5	metastasis
3	Distant skin metastasis, back	2	1426	ABCG8	224	98	0.5	metastasis
0	Primary, left ear	7	1427	EPHA6	100	46	0.5	primary
1	Lymph node metastasis, left cervical node	7	1427	EPHA6	133	52	0.5	metastasis
2	Locoregional skin metastasis, left ear	7	1427	EPHA6	117	16	0.5	metastasis
3	Distant skin metastasis, back	7	1427	EPHA6	97	32	0.5	metastasis
0	Primary, left ear	2	1428	OSGEP	85	46	0.5	primary
1	Lymph node metastasis, left cervical node	2	1428	OSGEP	109	49	0.5	metastasis
2	Locoregional skin metastasis, left ear	2	1428	OSGEP	63	20	0.5	metastasis
3	Distant skin metastasis, back	2	1428	OSGEP	122	58	0.5	metastasis
0	Primary, left ear	3	1429	COL4A3	143	48	0.5	primary
1	Lymph node metastasis, left cervical node	3	1429	COL4A3	137	45	0.5	metastasis
2	Locoregional skin metastasis, left ear	3	1429	COL4A3	84	19	0.5	metastasis
3	Distant skin metastasis, back	3	1429	COL4A3	126	25	0.5	metastasis
0	Primary, left ear	2	1430	GOLGA2	154	96	0.5	primary
1	Lymph node metastasis, left cervical node	2	1430	GOLGA2	173	80	0.5	metastasis
2	Locoregional skin metastasis, left ear	2	1430	GOLGA2	283	79	0.5	metastasis
3	Distant skin metastasis, back	2	1430	GOLGA2	234	98	0.5	metastasis
0	Primary, left ear	1	1431	AP1G1	64	23	0.5	primary
1	Lymph node metastasis, left cervical node	1	1431	AP1G1	96	21	0.5	metastasis
2	Locoregional skin metastasis, left ear	1	1431	AP1G1	37	15	0.5	metastasis
3	Distant skin metastasis, back	1	1431	AP1G1	99	33	0.5	metastasis
0	Primary, left ear	2	1432	CCDC6	40	26	0.5	primary
1	Lymph node metastasis, left cervical node	2	1432	CCDC6	43	17	0.5	metastasis
2	Locoregional skin metastasis, left ear	2	1432	CCDC6	50	5	0.5	metastasis
3	Distant skin metastasis, back	2	1432	CCDC6	55	16	0.5	metastasis
0	Primary, left ear	2	1433	IGFN1	65	39	0.5	primary
1	Lymph node metastasis, left cervical node	2	1433	IGFN1	123	34	0.5	metastasis
2	Locoregional skin metastasis, left ear	2	1433	IGFN1	70	22	0.5	metastasis
3	Distant skin metastasis, back	2	1433	IGFN1	108	44	0.5	metastasis
0	Primary, left ear	7	1434	KBTBD8	75	33	0.5	primary
1	Lymph node metastasis, left cervical node	7	1434	KBTBD8	68	32	0.5	metastasis
2	Locoregional skin metastasis, left ear	7	1434	KBTBD8	76	5	0.5	metastasis
3	Distant skin metastasis, back	7	1434	KBTBD8	87	18	0.5	metastasis
0	Primary, left ear	2	1435	MYH15	12	7	0.5	primary
1	Lymph node metastasis, left cervical node	2	1435	MYH15	4	2	0.5	metastasis
2	Locoregional skin metastasis, left ear	2	1435	MYH15	3	0	0.5	metastasis
3	Distant skin metastasis, back	2	1435	MYH15	10	9	0.5	metastasis
0	Primary, left ear	2	1436	SP140L	185	97	0.5	primary
1	Lymph node metastasis, left cervical node	2	1436	SP140L	224	84	0.5	metastasis
2	Locoregional skin metastasis, left ear	2	1436	SP140L	102	20	0.5	metastasis
3	Distant skin metastasis, back	2	1436	SP140L	188	60	0.5	metastasis
0	Primary, left ear	3	1437	GABRA4	37	17	0.5	primary
1	Lymph node metastasis, left cervical node	3	1437	GABRA4	47	16	0.5	metastasis
2	Locoregional skin metastasis, left ear	3	1437	GABRA4	50	3	0.5	metastasis
3	Distant skin metastasis, back	3	1437	GABRA4	63	6	0.5	metastasis
0	Primary, left ear	6	1438	OR51G2	73	37	0.5	primary
1	Lymph node metastasis, left cervical node	6	1438	OR51G2	109	28	0.5	metastasis
2	Locoregional skin metastasis, left ear	6	1438	OR51G2	91	16	0.5	metastasis
3	Distant skin metastasis, back	6	1438	OR51G2	65	14	0.5	metastasis
0	Primary, left ear	1	1439	DNHD1	204	59	0.5	primary
1	Lymph node metastasis, left cervical node	1	1439	DNHD1	197	58	0.5	metastasis
2	Locoregional skin metastasis, left ear	1	1439	DNHD1	240	50	0.5	metastasis
3	Distant skin metastasis, back	1	1439	DNHD1	166	68	0.5	metastasis
0	Primary, left ear	6	1440	PARP15	171	89	0.5	primary
1	Lymph node metastasis, left cervical node	6	1440	PARP15	250	81	0.5	metastasis
2	Locoregional skin metastasis, left ear	6	1440	PARP15	244	43	0.5	metastasis
3	Distant skin metastasis, back	6	1440	PARP15	213	54	0.5	metastasis
0	Primary, left ear	7	1441	LOC90925	262	119	0.5	primary
1	Lymph node metastasis, left cervical node	7	1441	LOC90925	296	107	0.5	metastasis
2	Locoregional skin metastasis, left ear	7	1441	LOC90925	313	49	0.5	metastasis
3	Distant skin metastasis, back	7	1441	LOC90925	255	67	0.5	metastasis
0	Primary, left ear	4	1442	EPHA7	263	98	0.5	primary
1	Lymph node metastasis, left cervical node	4	1442	EPHA7	223	75	0.5	metastasis
2	Locoregional skin metastasis, left ear	4	1442	EPHA7	210	30	0.5	metastasis
3	Distant skin metastasis, back	4	1442	EPHA7	185	72	0.5	metastasis
0	Primary, left ear	1	1443	CAMSAP2	139	69	0.5	primary
1	Lymph node metastasis, left cervical node	1	1443	CAMSAP2	134	34	0.5	metastasis
2	Locoregional skin metastasis, left ear	1	1443	CAMSAP2	59	20	0.5	metastasis
3	Distant skin metastasis, back	1	1443	CAMSAP2	102	43	0.5	metastasis
0	Primary, left ear	2	1444	SLC8A3	139	75	0.5	primary
1	Lymph node metastasis, left cervical node	2	1444	SLC8A3	157	86	0.5	metastasis
2	Locoregional skin metastasis, left ear	2	1444	SLC8A3	189	45	0.5	metastasis
3	Distant skin metastasis, back	2	1444	SLC8A3	145	74	0.5	metastasis
0	Primary, left ear	1	1445	NHSL1	219	67	0.5	primary
1	Lymph node metastasis, left cervical node	1	1445	NHSL1	248	77	0.5	metastasis
2	Locoregional skin metastasis, left ear	1	1445	NHSL1	258	71	0.5	metastasis
3	Distant skin metastasis, back	1	1445	NHSL1	224	84	0.5	metastasis
0	Primary, left ear	2	1446	ANO4	96	52	0.5	primary
1	Lymph node metastasis, left cervical node	2	1446	ANO4	101	42	0.5	metastasis
2	Locoregional skin metastasis, left ear	2	1446	ANO4	36	10	0.5	metastasis
3	Distant skin metastasis, back	2	1446	ANO4	101	46	0.5	metastasis
0	Primary, left ear	5	1447	PDE4DIP	299	72	0.5	primary
1	Lymph node metastasis, left cervical node	5	1447	PDE4DIP	281	51	0.5	metastasis
2	Locoregional skin metastasis, left ear	5	1447	PDE4DIP	140	14	0.5	metastasis
3	Distant skin metastasis, back	5	1447	PDE4DIP	328	52	0.5	metastasis
0	Primary, left ear	7	1448	PCDH15	696	297	0.5	primary
1	Lymph node metastasis, left cervical node	7	1448	PCDH15	716	300	0.5	metastasis
2	Locoregional skin metastasis, left ear	7	1448	PCDH15	348	83	0.5	metastasis
3	Distant skin metastasis, back	7	1448	PCDH15	670	199	0.5	metastasis
0	Primary, left ear	2	1449	CCDC141	75	27	0.5	primary
1	Lymph node metastasis, left cervical node	2	1449	CCDC141	63	23	0.5	metastasis
2	Locoregional skin metastasis, left ear	2	1449	CCDC141	31	5	0.5	metastasis
3	Distant skin metastasis, back	2	1449	CCDC141	51	23	0.5	metastasis
0	Primary, left ear	1	1450	WDFY4	74	34	0.5	primary
1	Lymph node metastasis, left cervical node	1	1450	WDFY4	87	22	0.5	metastasis
2	Locoregional skin metastasis, left ear	1	1450	WDFY4	99	21	0.5	metastasis
3	Distant skin metastasis, back	1	1450	WDFY4	89	41	0.5	metastasis
0	Primary, left ear	1	1451	OR51E1	219	88	0.5	primary
1	Lymph node metastasis, left cervical node	1	1451	OR51E1	241	79	0.5	metastasis
2	Locoregional skin metastasis, left ear	1	1451	OR51E1	329	61	0.5	metastasis
3	Distant skin metastasis, back	1	1451	OR51E1	180	66	0.5	metastasis
0	Primary, left ear	6	1452	CDH20	110	50	0.5	primary
1	Lymph node metastasis, left cervical node	6	1452	CDH20	124	36	0.5	metastasis
2	Locoregional skin metastasis, left ear	6	1452	CDH20	125	23	0.5	metastasis
3	Distant skin metastasis, back	6	1452	CDH20	137	41	0.5	metastasis
0	Primary, left ear	2	1453	RAI1	40	17	0.5	primary
1	Lymph node metastasis, left cervical node	2	1453	RAI1	42	20	0.5	metastasis
2	Locoregional skin metastasis, left ear	2	1453	RAI1	28	22	0.5	metastasis
3	Distant skin metastasis, back	2	1453	RAI1	48	22	0.5	metastasis
0	Primary, left ear	6	1454	C9orf84	244	117	0.5	primary
1	Lymph node metastasis, left cervical node	6	1454	C9orf84	291	95	0.5	metastasis
2	Locoregional skin metastasis, left ear	6	1454	C9orf84	91	19	0.5	metastasis
3	Distant skin metastasis, back	6	1454	C9orf84	247	85	0.5	metastasis
0	Primary, left ear	4	1455	DSCAM	427	163	0.5	primary
1	Lymph node metastasis, left cervical node	4	1455	DSCAM	445	143	0.5	metastasis
2	Locoregional skin metastasis, left ear	4	1455	DSCAM	456	69	0.5	metastasis
3	Distant skin metastasis, back	4	1455	DSCAM	381	119	0.5	metastasis
0	Primary, left ear	2	1456	LINC00273	30	18	0.5	primary
1	Lymph node metastasis, left cervical node	2	1456	LINC00273	29	16	0.5	metastasis
2	Locoregional skin metastasis, left ear	2	1456	LINC00273	33	13	0.5	metastasis
3	Distant skin metastasis, back	2	1456	LINC00273	30	12	0.5	metastasis
0	Primary, left ear	4	1457	CD109	230	88	0.5	primary
1	Lymph node metastasis, left cervical node	4	1457	CD109	251	75	0.5	metastasis
2	Locoregional skin metastasis, left ear	4	1457	CD109	116	30	0.5	metastasis
3	Distant skin metastasis, back	4	1457	CD109	232	68	0.5	metastasis
0	Primary, left ear	1	1458	RALGPS1	133	52	0.5	primary
1	Lymph node metastasis, left cervical node	1	1458	RALGPS1	153	52	0.5	metastasis
2	Locoregional skin metastasis, left ear	1	1458	RALGPS1	159	34	0.5	metastasis
3	Distant skin metastasis, back	1	1458	RALGPS1	114	54	0.5	metastasis
0	Primary, left ear	6	1459	LTBP2	73	43	0.5	primary
1	Lymph node metastasis, left cervical node	6	1459	LTBP2	78	27	0.5	metastasis
2	Locoregional skin metastasis, left ear	6	1459	LTBP2	89	13	0.5	metastasis
3	Distant skin metastasis, back	6	1459	LTBP2	73	23	0.5	metastasis
0	Primary, left ear	1	1460	OR6K2	149	68	0.5	primary
1	Lymph node metastasis, left cervical node	1	1460	OR6K2	165	46	0.5	metastasis
2	Locoregional skin metastasis, left ear	1	1460	OR6K2	157	29	0.5	metastasis
3	Distant skin metastasis, back	1	1460	OR6K2	147	53	0.5	metastasis
0	Primary, left ear	4	1461	DSG2	593	239	0.5	primary
1	Lymph node metastasis, left cervical node	4	1461	DSG2	698	174	0.5	metastasis
2	Locoregional skin metastasis, left ear	4	1461	DSG2	572	85	0.5	metastasis
3	Distant skin metastasis, back	4	1461	DSG2	652	189	0.5	metastasis
0	Primary, left ear	4	1462	CADPS	157	42	0.5	primary
1	Lymph node metastasis, left cervical node	4	1462	CADPS	172	53	0.5	metastasis
2	Locoregional skin metastasis, left ear	4	1462	CADPS	221	43	0.5	metastasis
3	Distant skin metastasis, back	4	1462	CADPS	161	42	0.5	metastasis
0	Primary, left ear	2	1463	DNAH3	59	25	0.5	primary
1	Lymph node metastasis, left cervical node	2	1463	DNAH3	80	33	0.5	metastasis
2	Locoregional skin metastasis, left ear	2	1463	DNAH3	58	18	0.5	metastasis
3	Distant skin metastasis, back	2	1463	DNAH3	80	28	0.5	metastasis
0	Primary, left ear	1	1464	NOVA1	171	67	0.5	primary
1	Lymph node metastasis, left cervical node	1	1464	NOVA1	225	69	0.5	metastasis
2	Locoregional skin metastasis, left ear	1	1464	NOVA1	200	39	0.5	metastasis
3	Distant skin metastasis, back	1	1464	NOVA1	179	73	0.5	metastasis
0	Primary, left ear	7	1465	FAM179A	38	19	0.5	primary
1	Lymph node metastasis, left cervical node	7	1465	FAM179A	52	25	0.5	metastasis
2	Locoregional skin metastasis, left ear	7	1465	FAM179A	58	7	0.5	metastasis
3	Distant skin metastasis, back	7	1465	FAM179A	63	15	0.5	metastasis
0	Primary, left ear	7	1466	CXCR2P1	123	50	0.5	primary
1	Lymph node metastasis, left cervical node	7	1466	CXCR2P1	114	51	0.5	metastasis
2	Locoregional skin metastasis, left ear	7	1466	CXCR2P1	151	26	0.5	metastasis
3	Distant skin metastasis, back	7	1466	CXCR2P1	109	43	0.5	metastasis
0	Primary, left ear	2	1467	MURC	176	92	0.5	primary
1	Lymph node metastasis, left cervical node	2	1467	MURC	195	106	0.5	metastasis
2	Locoregional skin metastasis, left ear	2	1467	MURC	83	17	0.5	metastasis
3	Distant skin metastasis, back	2	1467	MURC	160	66	0.5	metastasis
0	Primary, left ear	7	1468	LAMA2	142	62	0.5	primary
1	Lymph node metastasis, left cervical node	7	1468	LAMA2	145	49	0.5	metastasis
2	Locoregional skin metastasis, left ear	7	1468	LAMA2	58	13	0.5	metastasis
3	Distant skin metastasis, back	7	1468	LAMA2	100	30	0.5	metastasis
0	Primary, left ear	7	1469	MPL	127	58	0.5	primary
1	Lymph node metastasis, left cervical node	7	1469	MPL	145	58	0.5	metastasis
2	Locoregional skin metastasis, left ear	7	1469	MPL	177	34	0.5	metastasis
3	Distant skin metastasis, back	7	1469	MPL	154	51	0.5	metastasis
0	Primary, left ear	7	1470	EYS	69	39	0.5	primary
1	Lymph node metastasis, left cervical node	7	1470	EYS	58	27	0.5	metastasis
2	Locoregional skin metastasis, left ear	7	1470	EYS	31	6	0.5	metastasis
3	Distant skin metastasis, back	7	1470	EYS	74	17	0.5	metastasis
0	Primary, left ear	7	1471	WNT10A	201	71	0.5	primary
1	Lymph node metastasis, left cervical node	7	1471	WNT10A	207	79	0.5	metastasis
2	Locoregional skin metastasis, left ear	7	1471	WNT10A	344	59	0.5	metastasis
3	Distant skin metastasis, back	7	1471	WNT10A	195	58	0.5	metastasis
0	Primary, left ear	2	1472	OR2AK2	286	142	0.5	primary
1	Lymph node metastasis, left cervical node	2	1472	OR2AK2	290	103	0.5	metastasis
2	Locoregional skin metastasis, left ear	2	1472	OR2AK2	150	33	0.5	metastasis
3	Distant skin metastasis, back	2	1472	OR2AK2	294	117	0.5	metastasis
0	Primary, left ear	2	1473	STXBP5L	66	30	0.5	primary
1	Lymph node metastasis, left cervical node	2	1473	STXBP5L	101	32	0.5	metastasis
2	Locoregional skin metastasis, left ear	2	1473	STXBP5L	32	11	0.5	metastasis
3	Distant skin metastasis, back	2	1473	STXBP5L	70	29	0.5	metastasis
0	Primary, left ear	2	1474	FAM5B	180	100	0.5	primary
1	Lymph node metastasis, left cervical node	2	1474	FAM5B	210	79	0.5	metastasis
2	Locoregional skin metastasis, left ear	2	1474	FAM5B	140	31	0.5	metastasis
3	Distant skin metastasis, back	2	1474	FAM5B	184	92	0.5	metastasis
0	Primary, left ear	2	1475	DSCAM	164	84	0.5	primary
1	Lymph node metastasis, left cervical node	2	1475	DSCAM	201	71	0.5	metastasis
2	Locoregional skin metastasis, left ear	2	1475	DSCAM	253	44	0.5	metastasis
3	Distant skin metastasis, back	2	1475	DSCAM	141	56	0.5	metastasis
0	Primary, left ear	2	1476	IVL	433	184	0.5	primary
1	Lymph node metastasis, left cervical node	2	1476	IVL	483	168	0.5	metastasis
2	Locoregional skin metastasis, left ear	2	1476	IVL	499	134	0.5	metastasis
3	Distant skin metastasis, back	2	1476	IVL	430	141	0.5	metastasis
0	Primary, left ear	2	1477	PIDD	38	21	0.5	primary
1	Lymph node metastasis, left cervical node	2	1477	PIDD	50	19	0.5	metastasis
2	Locoregional skin metastasis, left ear	2	1477	PIDD	59	19	0.5	metastasis
3	Distant skin metastasis, back	2	1477	PIDD	61	17	0.5	metastasis
0	Primary, left ear	2	1478	CUX2	37	19	0.5	primary
1	Lymph node metastasis, left cervical node	2	1478	CUX2	41	9	0.5	metastasis
2	Locoregional skin metastasis, left ear	2	1478	CUX2	45	16	0.5	metastasis
3	Distant skin metastasis, back	2	1478	CUX2	32	14	0.5	metastasis
0	Primary, left ear	2	1479	VWA3B	46	23	0.5	primary
1	Lymph node metastasis, left cervical node	2	1479	VWA3B	41	19	0.5	metastasis
2	Locoregional skin metastasis, left ear	2	1479	VWA3B	24	8	0.5	metastasis
3	Distant skin metastasis, back	2	1479	VWA3B	37	12	0.5	metastasis
0	Primary, left ear	7	1480	OR4C15	157	68	0.5	primary
1	Lymph node metastasis, left cervical node	7	1480	OR4C15	204	71	0.5	metastasis
2	Locoregional skin metastasis, left ear	7	1480	OR4C15	181	28	0.5	metastasis
3	Distant skin metastasis, back	7	1480	OR4C15	134	50	0.5	metastasis
0	Primary, left ear	7	1481	CNR1	165	92	0.5	primary
1	Lymph node metastasis, left cervical node	7	1481	CNR1	197	76	0.5	metastasis
2	Locoregional skin metastasis, left ear	7	1481	CNR1	281	48	0.5	metastasis
3	Distant skin metastasis, back	7	1481	CNR1	162	38	0.5	metastasis
0	Primary, left ear	2	1482	UMODL1	118	56	0.5	primary
1	Lymph node metastasis, left cervical node	2	1482	UMODL1	125	54	0.5	metastasis
2	Locoregional skin metastasis, left ear	2	1482	UMODL1	138	42	0.5	metastasis
3	Distant skin metastasis, back	2	1482	UMODL1	140	56	0.5	metastasis
0	Primary, left ear	6	1483	TTN	143	62	0.5	primary
1	Lymph node metastasis, left cervical node	6	1483	TTN	147	41	0.5	metastasis
2	Locoregional skin metastasis, left ear	6	1483	TTN	172	35	0.5	metastasis
3	Distant skin metastasis, back	6	1483	TTN	120	35	0.5	metastasis
0	Primary, left ear	6	1484	SYCP1	32	11	0.5	primary
1	Lymph node metastasis, left cervical node	6	1484	SYCP1	36	7	0.5	metastasis
2	Locoregional skin metastasis, left ear	6	1484	SYCP1	15	4	0.5	metastasis
3	Distant skin metastasis, back	6	1484	SYCP1	40	10	0.5	metastasis
0	Primary, left ear	2	1485	SLC22A31	58	20	0.5	primary
1	Lymph node metastasis, left cervical node	2	1485	SLC22A31	64	31	0.5	metastasis
2	Locoregional skin metastasis, left ear	2	1485	SLC22A31	60	9	0.5	metastasis
3	Distant skin metastasis, back	2	1485	SLC22A31	65	28	0.5	metastasis
0	Primary, left ear	7	1486	MYH4	84	23	0.5	primary
1	Lymph node metastasis, left cervical node	7	1486	MYH4	92	35	0.5	metastasis
2	Locoregional skin metastasis, left ear	7	1486	MYH4	34	8	0.5	metastasis
3	Distant skin metastasis, back	7	1486	MYH4	81	23	0.5	metastasis
0	Primary, left ear	1	1487	TMC7	164	66	0.5	primary
1	Lymph node metastasis, left cervical node	1	1487	TMC7	236	77	0.5	metastasis
2	Locoregional skin metastasis, left ear	1	1487	TMC7	180	39	0.5	metastasis
3	Distant skin metastasis, back	1	1487	TMC7	181	66	0.5	metastasis
0	Primary, left ear	2	1488	METTL13	130	64	0.5	primary
1	Lymph node metastasis, left cervical node	2	1488	METTL13	135	64	0.5	metastasis
2	Locoregional skin metastasis, left ear	2	1488	METTL13	181	33	0.5	metastasis
3	Distant skin metastasis, back	2	1488	METTL13	134	58	0.5	metastasis
0	Primary, left ear	2	1489	TTC3	214	111	0.5	primary
1	Lymph node metastasis, left cervical node	2	1489	TTC3	252	112	0.5	metastasis
2	Locoregional skin metastasis, left ear	2	1489	TTC3	147	33	0.5	metastasis
3	Distant skin metastasis, back	2	1489	TTC3	198	94	0.5	metastasis
0	Primary, left ear	6	1490	LY75-CD302	69	28	0.5	primary
1	Lymph node metastasis, left cervical node	6	1490	LY75-CD302	64	11	0.5	metastasis
2	Locoregional skin metastasis, left ear	6	1490	LY75-CD302	31	9	0.5	metastasis
3	Distant skin metastasis, back	6	1490	LY75-CD302	61	10	0.5	metastasis
0	Primary, left ear	7	1491	CACNG3	133	51	0.5	primary
1	Lymph node metastasis, left cervical node	7	1491	CACNG3	147	58	0.5	metastasis
2	Locoregional skin metastasis, left ear	7	1491	CACNG3	125	23	0.5	metastasis
3	Distant skin metastasis, back	7	1491	CACNG3	114	41	0.5	metastasis
0	Primary, left ear	7	1492	DSEL	424	169	0.5	primary
1	Lymph node metastasis, left cervical node	7	1492	DSEL	397	152	0.5	metastasis
2	Locoregional skin metastasis, left ear	7	1492	DSEL	201	45	0.5	metastasis
3	Distant skin metastasis, back	7	1492	DSEL	452	123	0.5	metastasis
0	Primary, left ear	6	1493	SERPINA3	138	51	0.5	primary
1	Lymph node metastasis, left cervical node	6	1493	SERPINA3	138	43	0.5	metastasis
2	Locoregional skin metastasis, left ear	6	1493	SERPINA3	83	26	0.5	metastasis
3	Distant skin metastasis, back	6	1493	SERPINA3	118	33	0.5	metastasis
0	Primary, left ear	7	1494	ZNF207	136	58	0.5	primary
1	Lymph node metastasis, left cervical node	7	1494	ZNF207	181	60	0.5	metastasis
2	Locoregional skin metastasis, left ear	7	1494	ZNF207	127	28	0.5	metastasis
3	Distant skin metastasis, back	7	1494	ZNF207	175	56	0.5	metastasis
0	Primary, left ear	2	1495	SLC9A11	67	45	0.5	primary
1	Lymph node metastasis, left cervical node	2	1495	SLC9A11	75	29	0.5	metastasis
2	Locoregional skin metastasis, left ear	2	1495	SLC9A11	21	7	0.5	metastasis
3	Distant skin metastasis, back	2	1495	SLC9A11	46	22	0.5	metastasis
0	Primary, left ear	4	1496	EPHA6	112	36	0.5	primary
1	Lymph node metastasis, left cervical node	4	1496	EPHA6	123	42	0.5	metastasis
2	Locoregional skin metastasis, left ear	4	1496	EPHA6	99	17	0.5	metastasis
3	Distant skin metastasis, back	4	1496	EPHA6	89	25	0.5	metastasis
0	Primary, left ear	7	1497	ATF7IP2	135	43	0.5	primary
1	Lymph node metastasis, left cervical node	7	1497	ATF7IP2	153	57	0.5	metastasis
2	Locoregional skin metastasis, left ear	7	1497	ATF7IP2	44	11	0.5	metastasis
3	Distant skin metastasis, back	7	1497	ATF7IP2	135	35	0.5	metastasis
0	Primary, left ear	2	1498	ELFN2	199	149	0.5	primary
1	Lymph node metastasis, left cervical node	2	1498	ELFN2	261	105	0.5	metastasis
2	Locoregional skin metastasis, left ear	2	1498	ELFN2	350	90	0.5	metastasis
3	Distant skin metastasis, back	2	1498	ELFN2	245	76	0.5	metastasis
0	Primary, left ear	2	1499	MYL4	426	210	0.5	primary
1	Lymph node metastasis, left cervical node	2	1499	MYL4	526	223	0.5	metastasis
2	Locoregional skin metastasis, left ear	2	1499	MYL4	542	114	0.5	metastasis
3	Distant skin metastasis, back	2	1499	MYL4	521	207	0.5	metastasis
0	Primary, left ear	2	1500	PSPN	129	68	0.5	primary
1	Lymph node metastasis, left cervical node	2	1500	PSPN	186	73	0.5	metastasis
2	Locoregional skin metastasis, left ear	2	1500	PSPN	161	41	0.5	metastasis
3	Distant skin metastasis, back	2	1500	PSPN	183	80	0.5	metastasis
0	Primary, left ear	5	1501	TXNDC16	79	11	0.5	primary
1	Lymph node metastasis, left cervical node	5	1501	TXNDC16	121	0	0.5	metastasis
2	Locoregional skin metastasis, left ear	5	1501	TXNDC16	52	0	0.5	metastasis
3	Distant skin metastasis, back	5	1501	TXNDC16	101	0	0.5	metastasis
0	Primary, left ear	6	1502	LRRC58	68	32	0.5	primary
1	Lymph node metastasis, left cervical node	6	1502	LRRC58	70	21	0.5	metastasis
2	Locoregional skin metastasis, left ear	6	1502	LRRC58	27	8	0.5	metastasis
3	Distant skin metastasis, back	6	1502	LRRC58	79	20	0.5	metastasis
0	Primary, left ear	6	1503	CRB1	274	148	0.5	primary
1	Lymph node metastasis, left cervical node	6	1503	CRB1	328	106	0.5	metastasis
2	Locoregional skin metastasis, left ear	6	1503	CRB1	252	61	0.5	metastasis
3	Distant skin metastasis, back	6	1503	CRB1	301	85	0.5	metastasis
0	Primary, left ear	2	1504	CBX8	681	336	0.5	primary
1	Lymph node metastasis, left cervical node	2	1504	CBX8	674	287	0.5	metastasis
2	Locoregional skin metastasis, left ear	2	1504	CBX8	948	229	0.5	metastasis
3	Distant skin metastasis, back	2	1504	CBX8	764	340	0.5	metastasis
0	Primary, left ear	1	1505	SAP130	58	26	0.5	primary
1	Lymph node metastasis, left cervical node	1	1505	SAP130	64	13	0.5	metastasis
2	Locoregional skin metastasis, left ear	1	1505	SAP130	114	24	0.5	metastasis
3	Distant skin metastasis, back	1	1505	SAP130	71	36	0.5	metastasis
0	Primary, left ear	6	1506	FMNL2	152	75	0.5	primary
1	Lymph node metastasis, left cervical node	6	1506	FMNL2	213	61	0.5	metastasis
2	Locoregional skin metastasis, left ear	6	1506	FMNL2	92	15	0.5	metastasis
3	Distant skin metastasis, back	6	1506	FMNL2	186	61	0.5	metastasis
0	Primary, left ear	2	1507	PNPLA3	116	55	0.5	primary
1	Lymph node metastasis, left cervical node	2	1507	PNPLA3	160	49	0.5	metastasis
2	Locoregional skin metastasis, left ear	2	1507	PNPLA3	140	38	0.5	metastasis
3	Distant skin metastasis, back	2	1507	PNPLA3	87	44	0.5	metastasis
0	Primary, left ear	1	1508	NUDT16	123	47	0.5	primary
1	Lymph node metastasis, left cervical node	1	1508	NUDT16	144	47	0.5	metastasis
2	Locoregional skin metastasis, left ear	1	1508	NUDT16	103	30	0.5	metastasis
3	Distant skin metastasis, back	1	1508	NUDT16	129	42	0.5	metastasis
0	Primary, left ear	2	1509	FUT5	287	127	0.5	primary
1	Lymph node metastasis, left cervical node	2	1509	FUT5	376	175	0.5	metastasis
2	Locoregional skin metastasis, left ear	2	1509	FUT5	670	114	0.5	metastasis
3	Distant skin metastasis, back	2	1509	FUT5	365	157	0.5	metastasis
0	Primary, left ear	2	1510	PPT1	21	13	0.5	primary
1	Lymph node metastasis, left cervical node	2	1510	PPT1	39	14	0.5	metastasis
2	Locoregional skin metastasis, left ear	2	1510	PPT1	37	13	0.5	metastasis
3	Distant skin metastasis, back	2	1510	PPT1	46	21	0.5	metastasis
0	Primary, left ear	2	1511	TTF2	30	14	0.5	primary
1	Lymph node metastasis, left cervical node	2	1511	TTF2	31	18	0.5	metastasis
2	Locoregional skin metastasis, left ear	2	1511	TTF2	33	15	0.5	metastasis
3	Distant skin metastasis, back	2	1511	TTF2	28	12	0.5	metastasis
0	Primary, left ear	2	1512	DSCAM	132	54	0.5	primary
1	Lymph node metastasis, left cervical node	2	1512	DSCAM	122	46	0.5	metastasis
2	Locoregional skin metastasis, left ear	2	1512	DSCAM	159	53	0.5	metastasis
3	Distant skin metastasis, back	2	1512	DSCAM	110	37	0.5	metastasis
0	Primary, left ear	1	1513	LRP1B	356	155	0.5	primary
1	Lymph node metastasis, left cervical node	1	1513	LRP1B	374	116	0.5	metastasis
2	Locoregional skin metastasis, left ear	1	1513	LRP1B	146	36	0.5	metastasis
3	Distant skin metastasis, back	1	1513	LRP1B	317	114	0.5	metastasis
0	Primary, left ear	7	1514	HEATR4	13	7	0.5	primary
1	Lymph node metastasis, left cervical node	7	1514	HEATR4	29	13	0.5	metastasis
2	Locoregional skin metastasis, left ear	7	1514	HEATR4	41	3	0.5	metastasis
3	Distant skin metastasis, back	7	1514	HEATR4	21	6	0.5	metastasis
0	Primary, left ear	2	1515	CCDC7	211	121	0.5	primary
1	Lymph node metastasis, left cervical node	2	1515	CCDC7	267	91	0.5	metastasis
2	Locoregional skin metastasis, left ear	2	1515	CCDC7	115	27	0.5	metastasis
3	Distant skin metastasis, back	2	1515	CCDC7	253	130	0.5	metastasis
0	Primary, left ear	2	1516	SGPP2	216	74	0.5	primary
1	Lymph node metastasis, left cervical node	2	1516	SGPP2	220	122	0.5	metastasis
2	Locoregional skin metastasis, left ear	2	1516	SGPP2	98	30	0.5	metastasis
3	Distant skin metastasis, back	2	1516	SGPP2	180	71	0.5	metastasis
0	Primary, left ear	6	1517	COL3A1	56	25	0.5	primary
1	Lymph node metastasis, left cervical node	6	1517	COL3A1	54	12	0.5	metastasis
2	Locoregional skin metastasis, left ear	6	1517	COL3A1	36	6	0.5	metastasis
3	Distant skin metastasis, back	6	1517	COL3A1	70	12	0.5	metastasis
0	Primary, left ear	1	1518	EPYC	119	60	0.5	primary
1	Lymph node metastasis, left cervical node	1	1518	EPYC	137	36	0.5	metastasis
2	Locoregional skin metastasis, left ear	1	1518	EPYC	76	22	0.5	metastasis
3	Distant skin metastasis, back	1	1518	EPYC	133	58	0.5	metastasis
0	Primary, left ear	1	1519	ESPNL	28	13	0.5	primary
1	Lymph node metastasis, left cervical node	1	1519	ESPNL	40	13	0.5	metastasis
2	Locoregional skin metastasis, left ear	1	1519	ESPNL	52	4	0.5	metastasis
3	Distant skin metastasis, back	1	1519	ESPNL	35	19	0.5	metastasis
0	Primary, left ear	7	1520	SALL3	73	37	0.5	primary
1	Lymph node metastasis, left cervical node	7	1520	SALL3	78	27	0.5	metastasis
2	Locoregional skin metastasis, left ear	7	1520	SALL3	127	22	0.5	metastasis
3	Distant skin metastasis, back	7	1520	SALL3	99	33	0.5	metastasis
0	Primary, left ear	1	1521	KIF16B	51	23	0.5	primary
1	Lymph node metastasis, left cervical node	1	1521	KIF16B	73	18	0.5	metastasis
2	Locoregional skin metastasis, left ear	1	1521	KIF16B	43	13	0.5	metastasis
3	Distant skin metastasis, back	1	1521	KIF16B	48	18	0.5	metastasis
0	Primary, left ear	1	1522	EDC4	306	123	0.5	primary
1	Lymph node metastasis, left cervical node	1	1522	EDC4	363	87	0.5	metastasis
2	Locoregional skin metastasis, left ear	1	1522	EDC4	444	114	0.5	metastasis
3	Distant skin metastasis, back	1	1522	EDC4	361	135	0.5	metastasis
0	Primary, left ear	6	1523	DHCR7	111	60	0.5	primary
1	Lymph node metastasis, left cervical node	6	1523	DHCR7	137	44	0.5	metastasis
2	Locoregional skin metastasis, left ear	6	1523	DHCR7	183	39	0.5	metastasis
3	Distant skin metastasis, back	6	1523	DHCR7	124	44	0.5	metastasis
0	Primary, left ear	6	1524	TDRD5	82	35	0.5	primary
1	Lymph node metastasis, left cervical node	6	1524	TDRD5	98	23	0.5	metastasis
2	Locoregional skin metastasis, left ear	6	1524	TDRD5	29	17	0.5	metastasis
3	Distant skin metastasis, back	6	1524	TDRD5	80	24	0.5	metastasis
0	Primary, left ear	7	1525	TMEM132B	75	29	0.5	primary
1	Lymph node metastasis, left cervical node	7	1525	TMEM132B	115	40	0.5	metastasis
2	Locoregional skin metastasis, left ear	7	1525	TMEM132B	78	14	0.5	metastasis
3	Distant skin metastasis, back	7	1525	TMEM132B	91	27	0.5	metastasis
0	Primary, left ear	7	1526	RYR2	114	57	0.5	primary
1	Lymph node metastasis, left cervical node	7	1526	RYR2	120	43	0.5	metastasis
2	Locoregional skin metastasis, left ear	7	1526	RYR2	181	37	0.5	metastasis
3	Distant skin metastasis, back	7	1526	RYR2	122	37	0.5	metastasis
0	Primary, left ear	2	1527	C9orf171	54	46	0.5	primary
1	Lymph node metastasis, left cervical node	2	1527	C9orf171	51	30	0.5	metastasis
2	Locoregional skin metastasis, left ear	2	1527	C9orf171	108	23	0.5	metastasis
3	Distant skin metastasis, back	2	1527	C9orf171	75	16	0.5	metastasis
0	Primary, left ear	6	1528	PFAS	66	38	0.5	primary
1	Lymph node metastasis, left cervical node	6	1528	PFAS	131	36	0.5	metastasis
2	Locoregional skin metastasis, left ear	6	1528	PFAS	120	23	0.5	metastasis
3	Distant skin metastasis, back	6	1528	PFAS	86	32	0.5	metastasis
0	Primary, left ear	6	1529	DNAH10	48	26	0.5	primary
1	Lymph node metastasis, left cervical node	6	1529	DNAH10	79	26	0.5	metastasis
2	Locoregional skin metastasis, left ear	6	1529	DNAH10	38	8	0.5	metastasis
3	Distant skin metastasis, back	6	1529	DNAH10	73	15	0.5	metastasis
0	Primary, left ear	2	1530	OR4X1	143	65	0.5	primary
1	Lymph node metastasis, left cervical node	2	1530	OR4X1	152	49	0.5	metastasis
2	Locoregional skin metastasis, left ear	2	1530	OR4X1	158	41	0.5	metastasis
3	Distant skin metastasis, back	2	1530	OR4X1	125	57	0.5	metastasis
0	Primary, left ear	6	1531	ZNF560	67	34	0.5	primary
1	Lymph node metastasis, left cervical node	6	1531	ZNF560	90	28	0.5	metastasis
2	Locoregional skin metastasis, left ear	6	1531	ZNF560	34	9	0.5	metastasis
3	Distant skin metastasis, back	6	1531	ZNF560	83	19	0.5	metastasis
0	Primary, left ear	2	1532	PCNX	86	59	0.5	primary
1	Lymph node metastasis, left cervical node	2	1532	PCNX	103	43	0.5	metastasis
2	Locoregional skin metastasis, left ear	2	1532	PCNX	38	13	0.5	metastasis
3	Distant skin metastasis, back	2	1532	PCNX	114	28	0.5	metastasis
0	Primary, left ear	2	1533	PGAP2	62	31	0.5	primary
1	Lymph node metastasis, left cervical node	2	1533	PGAP2	72	27	0.5	metastasis
2	Locoregional skin metastasis, left ear	2	1533	PGAP2	83	35	0.5	metastasis
3	Distant skin metastasis, back	2	1533	PGAP2	83	41	0.5	metastasis
0	Primary, left ear	2	1534	ZNF33A	93	42	0.5	primary
1	Lymph node metastasis, left cervical node	2	1534	ZNF33A	116	44	0.5	metastasis
2	Locoregional skin metastasis, left ear	2	1534	ZNF33A	120	27	0.5	metastasis
3	Distant skin metastasis, back	2	1534	ZNF33A	99	44	0.5	metastasis
0	Primary, left ear	2	1535	OR4P4	852	432	0.5	primary
1	Lymph node metastasis, left cervical node	2	1535	OR4P4	860	374	0.5	metastasis
2	Locoregional skin metastasis, left ear	2	1535	OR4P4	457	127	0.5	metastasis
3	Distant skin metastasis, back	2	1535	OR4P4	842	280	0.5	metastasis
0	Primary, left ear	2	1536	CDK5RAP3	48	26	0.5	primary
1	Lymph node metastasis, left cervical node	2	1536	CDK5RAP3	92	27	0.5	metastasis
2	Locoregional skin metastasis, left ear	2	1536	CDK5RAP3	81	20	0.5	metastasis
3	Distant skin metastasis, back	2	1536	CDK5RAP3	70	32	0.5	metastasis
0	Primary, left ear	6	1537	HOXD8	90	47	0.5	primary
1	Lymph node metastasis, left cervical node	6	1537	HOXD8	107	24	0.5	metastasis
2	Locoregional skin metastasis, left ear	6	1537	HOXD8	142	40	0.5	metastasis
3	Distant skin metastasis, back	6	1537	HOXD8	98	36	0.5	metastasis
0	Primary, left ear	6	1538	HYDIN	208	107	0.5	primary
1	Lymph node metastasis, left cervical node	6	1538	HYDIN	276	77	0.5	metastasis
2	Locoregional skin metastasis, left ear	6	1538	HYDIN	245	59	0.5	metastasis
3	Distant skin metastasis, back	6	1538	HYDIN	257	87	0.5	metastasis
0	Primary, left ear	2	1539	ABCG8	204	88	0.5	primary
1	Lymph node metastasis, left cervical node	2	1539	ABCG8	221	87	0.5	metastasis
2	Locoregional skin metastasis, left ear	2	1539	ABCG8	261	86	0.5	metastasis
3	Distant skin metastasis, back	2	1539	ABCG8	211	81	0.5	metastasis
0	Primary, left ear	2	1540	CREB3L4	184	106	0.5	primary
1	Lymph node metastasis, left cervical node	2	1540	CREB3L4	191	84	0.5	metastasis
2	Locoregional skin metastasis, left ear	2	1540	CREB3L4	167	58	0.5	metastasis
3	Distant skin metastasis, back	2	1540	CREB3L4	198	104	0.5	metastasis
0	Primary, left ear	1	1541	PMFBP1	128	49	0.5	primary
1	Lymph node metastasis, left cervical node	1	1541	PMFBP1	117	41	0.5	metastasis
2	Locoregional skin metastasis, left ear	1	1541	PMFBP1	136	17	0.5	metastasis
3	Distant skin metastasis, back	1	1541	PMFBP1	126	66	0.5	metastasis
0	Primary, left ear	2	1542	CR1	21	7	0.5	primary
1	Lymph node metastasis, left cervical node	2	1542	CR1	23	7	0.5	metastasis
2	Locoregional skin metastasis, left ear	2	1542	CR1	15	3	0.5	metastasis
3	Distant skin metastasis, back	2	1542	CR1	18	8	0.5	metastasis
0	Primary, left ear	2	1543	POMT2	34	12	0.5	primary
1	Lymph node metastasis, left cervical node	2	1543	POMT2	44	18	0.5	metastasis
2	Locoregional skin metastasis, left ear	2	1543	POMT2	38	9	0.5	metastasis
3	Distant skin metastasis, back	2	1543	POMT2	37	22	0.5	metastasis
0	Primary, left ear	4	1544	RXRG	263	97	0.5	primary
1	Lymph node metastasis, left cervical node	4	1544	RXRG	247	80	0.5	metastasis
2	Locoregional skin metastasis, left ear	4	1544	RXRG	248	34	0.5	metastasis
3	Distant skin metastasis, back	4	1544	RXRG	226	91	0.5	metastasis
0	Primary, left ear	7	1545	NMNAT3	120	61	0.5	primary
1	Lymph node metastasis, left cervical node	7	1545	NMNAT3	162	62	0.5	metastasis
2	Locoregional skin metastasis, left ear	7	1545	NMNAT3	162	34	0.5	metastasis
3	Distant skin metastasis, back	7	1545	NMNAT3	144	39	0.5	metastasis
0	Primary, left ear	7	1546	RFPL4B	393	165	0.5	primary
1	Lymph node metastasis, left cervical node	7	1546	RFPL4B	445	167	0.5	metastasis
2	Locoregional skin metastasis, left ear	7	1546	RFPL4B	431	87	0.5	metastasis
3	Distant skin metastasis, back	7	1546	RFPL4B	442	144	0.5	metastasis
0	Primary, left ear	7	1547	CATSPERB	77	26	0.5	primary
1	Lymph node metastasis, left cervical node	7	1547	CATSPERB	78	26	0.5	metastasis
2	Locoregional skin metastasis, left ear	7	1547	CATSPERB	29	9	0.5	metastasis
3	Distant skin metastasis, back	7	1547	CATSPERB	83	27	0.5	metastasis
0	Primary, left ear	6	1548	CEP128	82	45	0.5	primary
1	Lymph node metastasis, left cervical node	6	1548	CEP128	148	49	0.5	metastasis
2	Locoregional skin metastasis, left ear	6	1548	CEP128	44	6	0.5	metastasis
3	Distant skin metastasis, back	6	1548	CEP128	124	41	0.5	metastasis
0	Primary, left ear	2	1549	C12orf42	117	55	0.5	primary
1	Lymph node metastasis, left cervical node	2	1549	C12orf42	151	47	0.5	metastasis
2	Locoregional skin metastasis, left ear	2	1549	C12orf42	155	41	0.5	metastasis
3	Distant skin metastasis, back	2	1549	C12orf42	119	56	0.5	metastasis
0	Primary, left ear	7	1550	UROC1	91	35	0.5	primary
1	Lymph node metastasis, left cervical node	7	1550	UROC1	121	55	0.5	metastasis
2	Locoregional skin metastasis, left ear	7	1550	UROC1	103	18	0.5	metastasis
3	Distant skin metastasis, back	7	1550	UROC1	99	34	0.5	metastasis
0	Primary, left ear	2	1551	DNAH6	52	18	0.5	primary
1	Lymph node metastasis, left cervical node	2	1551	DNAH6	50	14	0.5	metastasis
2	Locoregional skin metastasis, left ear	2	1551	DNAH6	32	15	0.5	metastasis
3	Distant skin metastasis, back	2	1551	DNAH6	39	14	0.5	metastasis
0	Primary, left ear	1	1552	RORC	176	73	0.5	primary
1	Lymph node metastasis, left cervical node	1	1552	RORC	208	66	0.5	metastasis
2	Locoregional skin metastasis, left ear	1	1552	RORC	220	40	0.5	metastasis
3	Distant skin metastasis, back	1	1552	RORC	190	79	0.5	metastasis
0	Primary, left ear	2	1553	CRB1	137	54	0.5	primary
1	Lymph node metastasis, left cervical node	2	1553	CRB1	138	65	0.5	metastasis
2	Locoregional skin metastasis, left ear	2	1553	CRB1	85	14	0.5	metastasis
3	Distant skin metastasis, back	2	1553	CRB1	105	55	0.5	metastasis
0	Primary, left ear	7	1554	CPXM1	167	58	0.5	primary
1	Lymph node metastasis, left cervical node	7	1554	CPXM1	186	66	0.5	metastasis
2	Locoregional skin metastasis, left ear	7	1554	CPXM1	227	41	0.5	metastasis
3	Distant skin metastasis, back	7	1554	CPXM1	164	55	0.5	metastasis
0	Primary, left ear	3	1555	MBNL1	74	25	0.5	primary
1	Lymph node metastasis, left cervical node	3	1555	MBNL1	87	20	0.5	metastasis
2	Locoregional skin metastasis, left ear	3	1555	MBNL1	108	17	0.5	metastasis
3	Distant skin metastasis, back	3	1555	MBNL1	89	14	0.5	metastasis
0	Primary, left ear	1	1556	BACH2	94	53	0.5	primary
1	Lymph node metastasis, left cervical node	1	1556	BACH2	117	37	0.5	metastasis
2	Locoregional skin metastasis, left ear	1	1556	BACH2	127	18	0.5	metastasis
3	Distant skin metastasis, back	1	1556	BACH2	100	45	0.5	metastasis
0	Primary, left ear	2	1557	NSRP1	100	44	0.5	primary
1	Lymph node metastasis, left cervical node	2	1557	NSRP1	90	31	0.5	metastasis
2	Locoregional skin metastasis, left ear	2	1557	NSRP1	59	15	0.5	metastasis
3	Distant skin metastasis, back	2	1557	NSRP1	59	29	0.5	metastasis
0	Primary, left ear	2	1558	TTN	202	89	0.5	primary
1	Lymph node metastasis, left cervical node	2	1558	TTN	168	60	0.5	metastasis
2	Locoregional skin metastasis, left ear	2	1558	TTN	90	20	0.5	metastasis
3	Distant skin metastasis, back	2	1558	TTN	187	65	0.5	metastasis
0	Primary, left ear	6	1559	C1orf87	113	72	0.5	primary
1	Lymph node metastasis, left cervical node	6	1559	C1orf87	119	37	0.5	metastasis
2	Locoregional skin metastasis, left ear	6	1559	C1orf87	84	14	0.5	metastasis
3	Distant skin metastasis, back	6	1559	C1orf87	111	24	0.5	metastasis
0	Primary, left ear	2	1560	STK33	91	41	0.5	primary
1	Lymph node metastasis, left cervical node	2	1560	STK33	106	36	0.5	metastasis
2	Locoregional skin metastasis, left ear	2	1560	STK33	27	8	0.5	metastasis
3	Distant skin metastasis, back	2	1560	STK33	99	33	0.5	metastasis
0	Primary, left ear	2	1561	KIF14	55	27	0.5	primary
1	Lymph node metastasis, left cervical node	2	1561	KIF14	76	28	0.5	metastasis
2	Locoregional skin metastasis, left ear	2	1561	KIF14	31	9	0.5	metastasis
3	Distant skin metastasis, back	2	1561	KIF14	67	22	0.5	metastasis
0	Primary, left ear	2	1562	WDR81	156	84	0.5	primary
1	Lymph node metastasis, left cervical node	2	1562	WDR81	225	80	0.5	metastasis
2	Locoregional skin metastasis, left ear	2	1562	WDR81	187	45	0.5	metastasis
3	Distant skin metastasis, back	2	1562	WDR81	184	103	0.5	metastasis
0	Primary, left ear	7	1563	CYP4F3	219	96	0.5	primary
1	Lymph node metastasis, left cervical node	7	1563	CYP4F3	241	111	0.5	metastasis
2	Locoregional skin metastasis, left ear	7	1563	CYP4F3	310	55	0.5	metastasis
3	Distant skin metastasis, back	7	1563	CYP4F3	212	71	0.5	metastasis
0	Primary, left ear	7	1564	MUC16	221	81	0.5	primary
1	Lymph node metastasis, left cervical node	7	1564	MUC16	248	106	0.5	metastasis
2	Locoregional skin metastasis, left ear	7	1564	MUC16	203	33	0.5	metastasis
3	Distant skin metastasis, back	7	1564	MUC16	169	55	0.5	metastasis
0	Primary, left ear	6	1565	MPP7	157	76	0.5	primary
1	Lymph node metastasis, left cervical node	6	1565	MPP7	189	46	0.5	metastasis
2	Locoregional skin metastasis, left ear	6	1565	MPP7	113	18	0.5	metastasis
3	Distant skin metastasis, back	6	1565	MPP7	180	54	0.5	metastasis
0	Primary, left ear	1	1566	ATP8A1	146	45	0.5	primary
1	Lymph node metastasis, left cervical node	1	1566	ATP8A1	147	41	0.5	metastasis
2	Locoregional skin metastasis, left ear	1	1566	ATP8A1	60	21	0.5	metastasis
3	Distant skin metastasis, back	1	1566	ATP8A1	101	61	0.5	metastasis
0	Primary, left ear	7	1567	OR51A7	399	188	0.5	primary
1	Lymph node metastasis, left cervical node	7	1567	OR51A7	422	155	0.5	metastasis
2	Locoregional skin metastasis, left ear	7	1567	OR51A7	355	81	0.5	metastasis
3	Distant skin metastasis, back	7	1567	OR51A7	372	118	0.5	metastasis
0	Primary, left ear	7	1568	SEC16A	83	30	0.5	primary
1	Lymph node metastasis, left cervical node	7	1568	SEC16A	94	30	0.5	metastasis
2	Locoregional skin metastasis, left ear	7	1568	SEC16A	88	21	0.5	metastasis
3	Distant skin metastasis, back	7	1568	SEC16A	87	23	0.5	metastasis
0	Primary, left ear	5	1569	CTSF	24	0	0.5	primary
1	Lymph node metastasis, left cervical node	5	1569	CTSF	13	5	0.5	metastasis
2	Locoregional skin metastasis, left ear	5	1569	CTSF	26	0	0.5	metastasis
3	Distant skin metastasis, back	5	1569	CTSF	22	0	0.5	metastasis
0	Primary, left ear	2	1570	PXN	37	18	0.5	primary
1	Lymph node metastasis, left cervical node	2	1570	PXN	52	17	0.5	metastasis
2	Locoregional skin metastasis, left ear	2	1570	PXN	53	12	0.5	metastasis
3	Distant skin metastasis, back	2	1570	PXN	49	14	0.5	metastasis
0	Primary, left ear	6	1571	ARID1B	80	31	0.5	primary
1	Lymph node metastasis, left cervical node	6	1571	ARID1B	86	18	0.5	metastasis
2	Locoregional skin metastasis, left ear	6	1571	ARID1B	76	19	0.5	metastasis
3	Distant skin metastasis, back	6	1571	ARID1B	78	19	0.5	metastasis
0	Primary, left ear	5	1572	UNC79	115	23	0.5	primary
1	Lymph node metastasis, left cervical node	5	1572	UNC79	155	0	0.5	metastasis
2	Locoregional skin metastasis, left ear	5	1572	UNC79	149	0	0.5	metastasis
3	Distant skin metastasis, back	5	1572	UNC79	146	0	0.5	metastasis
0	Primary, left ear	2	1573	C17orf104	70	45	0.5	primary
1	Lymph node metastasis, left cervical node	2	1573	C17orf104	87	35	0.5	metastasis
2	Locoregional skin metastasis, left ear	2	1573	C17orf104	81	21	0.5	metastasis
3	Distant skin metastasis, back	2	1573	C17orf104	74	35	0.5	metastasis
0	Primary, left ear	2	1574	MYO3A	31	14	0.5	primary
1	Lymph node metastasis, left cervical node	2	1574	MYO3A	30	14	0.5	metastasis
2	Locoregional skin metastasis, left ear	2	1574	MYO3A	18	3	0.5	metastasis
3	Distant skin metastasis, back	2	1574	MYO3A	26	11	0.5	metastasis
0	Primary, left ear	1	1575	ICAM5	54	22	0.5	primary
1	Lymph node metastasis, left cervical node	1	1575	ICAM5	55	16	0.5	metastasis
2	Locoregional skin metastasis, left ear	1	1575	ICAM5	82	18	0.5	metastasis
3	Distant skin metastasis, back	1	1575	ICAM5	61	27	0.5	metastasis
0	Primary, left ear	2	1576	QPCT	209	84	0.5	primary
1	Lymph node metastasis, left cervical node	2	1576	QPCT	251	107	0.5	metastasis
2	Locoregional skin metastasis, left ear	2	1576	QPCT	79	15	0.5	metastasis
3	Distant skin metastasis, back	2	1576	QPCT	248	96	0.5	metastasis
0	Primary, left ear	6	1577	MBD5	134	74	0.5	primary
1	Lymph node metastasis, left cervical node	6	1577	MBD5	162	47	0.5	metastasis
2	Locoregional skin metastasis, left ear	6	1577	MBD5	138	27	0.5	metastasis
3	Distant skin metastasis, back	6	1577	MBD5	156	41	0.5	metastasis
0	Primary, left ear	7	1578	OR51E2	111	46	0.5	primary
1	Lymph node metastasis, left cervical node	7	1578	OR51E2	100	45	0.5	metastasis
2	Locoregional skin metastasis, left ear	7	1578	OR51E2	170	32	0.5	metastasis
3	Distant skin metastasis, back	7	1578	OR51E2	104	39	0.5	metastasis
0	Primary, left ear	2	1579	PLXNB2	115	62	0.5	primary
1	Lymph node metastasis, left cervical node	2	1579	PLXNB2	121	59	0.5	metastasis
2	Locoregional skin metastasis, left ear	2	1579	PLXNB2	186	42	0.5	metastasis
3	Distant skin metastasis, back	2	1579	PLXNB2	116	57	0.5	metastasis
0	Primary, left ear	7	1580	TPD52L1	403	160	0.5	primary
1	Lymph node metastasis, left cervical node	7	1580	TPD52L1	436	147	0.5	metastasis
2	Locoregional skin metastasis, left ear	7	1580	TPD52L1	453	90	0.5	metastasis
3	Distant skin metastasis, back	7	1580	TPD52L1	352	106	0.5	metastasis
0	Primary, left ear	2	1581	CDK10	92	57	0.5	primary
1	Lymph node metastasis, left cervical node	2	1581	CDK10	82	35	0.5	metastasis
2	Locoregional skin metastasis, left ear	2	1581	CDK10	84	19	0.5	metastasis
3	Distant skin metastasis, back	2	1581	CDK10	82	40	0.5	metastasis
0	Primary, left ear	1	1582	ENPP3	132	50	0.5	primary
1	Lymph node metastasis, left cervical node	1	1582	ENPP3	190	33	0.5	metastasis
2	Locoregional skin metastasis, left ear	1	1582	ENPP3	93	22	0.5	metastasis
3	Distant skin metastasis, back	1	1582	ENPP3	144	68	0.5	metastasis
0	Primary, left ear	1	1583	FBXO40	343	139	0.5	primary
1	Lymph node metastasis, left cervical node	1	1583	FBXO40	463	163	0.5	metastasis
2	Locoregional skin metastasis, left ear	1	1583	FBXO40	369	89	0.5	metastasis
3	Distant skin metastasis, back	1	1583	FBXO40	299	113	0.5	metastasis
0	Primary, left ear	2	1584	AFAP1L2	163	83	0.5	primary
1	Lymph node metastasis, left cervical node	2	1584	AFAP1L2	191	67	0.5	metastasis
2	Locoregional skin metastasis, left ear	2	1584	AFAP1L2	192	44	0.5	metastasis
3	Distant skin metastasis, back	2	1584	AFAP1L2	144	65	0.5	metastasis
0	Primary, left ear	2	1585	TCF4	122	72	0.5	primary
1	Lymph node metastasis, left cervical node	2	1585	TCF4	154	43	0.5	metastasis
2	Locoregional skin metastasis, left ear	2	1585	TCF4	142	42	0.5	metastasis
3	Distant skin metastasis, back	2	1585	TCF4	135	57	0.5	metastasis
0	Primary, left ear	3	1586	AP2A2	46	18	0.5	primary
1	Lymph node metastasis, left cervical node	3	1586	AP2A2	48	17	0.5	metastasis
2	Locoregional skin metastasis, left ear	3	1586	AP2A2	58	16	0.5	metastasis
3	Distant skin metastasis, back	3	1586	AP2A2	47	5	0.5	metastasis
0	Primary, left ear	6	1587	PLCG2	80	47	0.5	primary
1	Lymph node metastasis, left cervical node	6	1587	PLCG2	94	27	0.5	metastasis
2	Locoregional skin metastasis, left ear	6	1587	PLCG2	50	9	0.5	metastasis
3	Distant skin metastasis, back	6	1587	PLCG2	87	29	0.5	metastasis
0	Primary, left ear	4	1588	CCDC116	488	130	0.5	primary
1	Lymph node metastasis, left cervical node	4	1588	CCDC116	529	128	0.5	metastasis
2	Locoregional skin metastasis, left ear	4	1588	CCDC116	625	120	0.5	metastasis
3	Distant skin metastasis, back	4	1588	CCDC116	432	135	0.5	metastasis
0	Primary, left ear	2	1589	KCTD19	153	93	0.5	primary
1	Lymph node metastasis, left cervical node	2	1589	KCTD19	209	76	0.5	metastasis
2	Locoregional skin metastasis, left ear	2	1589	KCTD19	222	53	0.5	metastasis
3	Distant skin metastasis, back	2	1589	KCTD19	186	81	0.5	metastasis
0	Primary, left ear	2	1590	TTLL5	57	22	0.5	primary
1	Lymph node metastasis, left cervical node	2	1590	TTLL5	57	23	0.5	metastasis
2	Locoregional skin metastasis, left ear	2	1590	TTLL5	90	25	0.5	metastasis
3	Distant skin metastasis, back	2	1590	TTLL5	58	19	0.5	metastasis
0	Primary, left ear	6	1591	PDE7B	46	27	0.5	primary
1	Lymph node metastasis, left cervical node	6	1591	PDE7B	76	14	0.5	metastasis
2	Locoregional skin metastasis, left ear	6	1591	PDE7B	61	15	0.5	metastasis
3	Distant skin metastasis, back	6	1591	PDE7B	54	15	0.5	metastasis
0	Primary, left ear	2	1592	DNAH17	152	60	0.5	primary
1	Lymph node metastasis, left cervical node	2	1592	DNAH17	211	81	0.5	metastasis
2	Locoregional skin metastasis, left ear	2	1592	DNAH17	175	59	0.5	metastasis
3	Distant skin metastasis, back	2	1592	DNAH17	204	80	0.5	metastasis
0	Primary, left ear	6	1593	TGM6	82	46	0.5	primary
1	Lymph node metastasis, left cervical node	6	1593	TGM6	90	31	0.5	metastasis
2	Locoregional skin metastasis, left ear	6	1593	TGM6	88	17	0.5	metastasis
3	Distant skin metastasis, back	6	1593	TGM6	91	22	0.5	metastasis
0	Primary, left ear	4	1594	NUBP1	230	83	0.5	primary
1	Lymph node metastasis, left cervical node	4	1594	NUBP1	264	66	0.5	metastasis
2	Locoregional skin metastasis, left ear	4	1594	NUBP1	243	36	0.5	metastasis
3	Distant skin metastasis, back	4	1594	NUBP1	224	54	0.5	metastasis
0	Primary, left ear	2	1595	DLX4	101	58	0.5	primary
1	Lymph node metastasis, left cervical node	2	1595	DLX4	114	55	0.5	metastasis
2	Locoregional skin metastasis, left ear	2	1595	DLX4	158	37	0.5	metastasis
3	Distant skin metastasis, back	2	1595	DLX4	114	52	0.5	metastasis
0	Primary, left ear	1	1596	ZNF812	32	9	0.5	primary
1	Lymph node metastasis, left cervical node	1	1596	ZNF812	36	12	0.5	metastasis
2	Locoregional skin metastasis, left ear	1	1596	ZNF812	16	1	0.5	metastasis
3	Distant skin metastasis, back	1	1596	ZNF812	28	17	0.5	metastasis
0	Primary, left ear	2	1597	PRICKLE2	293	145	0.5	primary
1	Lymph node metastasis, left cervical node	2	1597	PRICKLE2	348	114	0.5	metastasis
2	Locoregional skin metastasis, left ear	2	1597	PRICKLE2	281	71	0.5	metastasis
3	Distant skin metastasis, back	2	1597	PRICKLE2	298	119	0.5	metastasis
0	Primary, left ear	2	1598	FERMT1	32	26	0.5	primary
1	Lymph node metastasis, left cervical node	2	1598	FERMT1	44	22	0.5	metastasis
2	Locoregional skin metastasis, left ear	2	1598	FERMT1	31	4	0.5	metastasis
3	Distant skin metastasis, back	2	1598	FERMT1	42	10	0.5	metastasis
0	Primary, left ear	3	1599	CNTNAP5	319	120	0.5	primary
1	Lymph node metastasis, left cervical node	3	1599	CNTNAP5	350	118	0.5	metastasis
2	Locoregional skin metastasis, left ear	3	1599	CNTNAP5	123	22	0.5	metastasis
3	Distant skin metastasis, back	3	1599	CNTNAP5	289	71	0.5	metastasis
0	Primary, left ear	1	1600	OR7D2	310	140	0.5	primary
1	Lymph node metastasis, left cervical node	1	1600	OR7D2	341	111	0.5	metastasis
2	Locoregional skin metastasis, left ear	1	1600	OR7D2	367	60	0.5	metastasis
3	Distant skin metastasis, back	1	1600	OR7D2	270	116	0.5	metastasis
0	Primary, left ear	2	1601	INSL3	80	30	0.5	primary
1	Lymph node metastasis, left cervical node	2	1601	INSL3	123	60	0.5	metastasis
2	Locoregional skin metastasis, left ear	2	1601	INSL3	171	31	0.5	metastasis
3	Distant skin metastasis, back	2	1601	INSL3	103	48	0.5	metastasis
0	Primary, left ear	4	1602	PAK7	61	17	0.5	primary
1	Lymph node metastasis, left cervical node	4	1602	PAK7	64	19	0.5	metastasis
2	Locoregional skin metastasis, left ear	4	1602	PAK7	66	6	0.5	metastasis
3	Distant skin metastasis, back	4	1602	PAK7	69	22	0.5	metastasis
0	Primary, left ear	7	1603	MYOCD	64	28	0.5	primary
1	Lymph node metastasis, left cervical node	7	1603	MYOCD	60	24	0.5	metastasis
2	Locoregional skin metastasis, left ear	7	1603	MYOCD	80	17	0.5	metastasis
3	Distant skin metastasis, back	7	1603	MYOCD	65	18	0.5	metastasis
0	Primary, left ear	1	1604	CDNF	520	216	0.5	primary
1	Lymph node metastasis, left cervical node	1	1604	CDNF	744	196	0.5	metastasis
2	Locoregional skin metastasis, left ear	1	1604	CDNF	722	145	0.5	metastasis
3	Distant skin metastasis, back	1	1604	CDNF	581	228	0.5	metastasis
0	Primary, left ear	1	1605	TC2N	321	134	0.5	primary
1	Lymph node metastasis, left cervical node	1	1605	TC2N	319	88	0.5	metastasis
2	Locoregional skin metastasis, left ear	1	1605	TC2N	139	38	0.5	metastasis
3	Distant skin metastasis, back	1	1605	TC2N	304	116	0.5	metastasis
0	Primary, left ear	6	1606	FNDC7	40	20	0.5	primary
1	Lymph node metastasis, left cervical node	6	1606	FNDC7	53	14	0.5	metastasis
2	Locoregional skin metastasis, left ear	6	1606	FNDC7	38	8	0.5	metastasis
3	Distant skin metastasis, back	6	1606	FNDC7	36	10	0.5	metastasis
0	Primary, left ear	7	1607	GDPD3	20	8	0.5	primary
1	Lymph node metastasis, left cervical node	7	1607	GDPD3	27	11	0.5	metastasis
2	Locoregional skin metastasis, left ear	7	1607	GDPD3	33	5	0.5	metastasis
3	Distant skin metastasis, back	7	1607	GDPD3	26	6	0.5	metastasis
0	Primary, left ear	2	1608	MDGA2	182	82	0.5	primary
1	Lymph node metastasis, left cervical node	2	1608	MDGA2	147	66	0.5	metastasis
2	Locoregional skin metastasis, left ear	2	1608	MDGA2	81	16	0.5	metastasis
3	Distant skin metastasis, back	2	1608	MDGA2	143	68	0.5	metastasis
0	Primary, left ear	6	1609	C19orf44	147	104	0.5	primary
1	Lymph node metastasis, left cervical node	6	1609	C19orf44	279	86	0.5	metastasis
2	Locoregional skin metastasis, left ear	6	1609	C19orf44	254	59	0.5	metastasis
3	Distant skin metastasis, back	6	1609	C19orf44	193	76	0.5	metastasis
0	Primary, left ear	7	1610	FGF19	82	41	0.5	primary
1	Lymph node metastasis, left cervical node	7	1610	FGF19	125	58	0.5	metastasis
2	Locoregional skin metastasis, left ear	7	1610	FGF19	173	20	0.5	metastasis
3	Distant skin metastasis, back	7	1610	FGF19	91	36	0.5	metastasis
0	Primary, left ear	1	1611	GRIN2C	154	68	0.5	primary
1	Lymph node metastasis, left cervical node	1	1611	GRIN2C	200	70	0.5	metastasis
2	Locoregional skin metastasis, left ear	1	1611	GRIN2C	282	58	0.5	metastasis
3	Distant skin metastasis, back	1	1611	GRIN2C	125	53	0.5	metastasis
0	Primary, left ear	7	1612	NWD1	52	21	0.5	primary
1	Lymph node metastasis, left cervical node	7	1612	NWD1	89	31	0.5	metastasis
2	Locoregional skin metastasis, left ear	7	1612	NWD1	66	6	0.5	metastasis
3	Distant skin metastasis, back	7	1612	NWD1	84	17	0.5	metastasis
0	Primary, left ear	1	1613	WDR16	76	30	0.5	primary
1	Lymph node metastasis, left cervical node	1	1613	WDR16	117	32	0.5	metastasis
2	Locoregional skin metastasis, left ear	1	1613	WDR16	66	16	0.5	metastasis
3	Distant skin metastasis, back	1	1613	WDR16	84	33	0.5	metastasis
0	Primary, left ear	2	1614	SYTL3	52	40	0.5	primary
1	Lymph node metastasis, left cervical node	2	1614	SYTL3	77	39	0.5	metastasis
2	Locoregional skin metastasis, left ear	2	1614	SYTL3	87	18	0.5	metastasis
3	Distant skin metastasis, back	2	1614	SYTL3	75	30	0.5	metastasis
0	Primary, left ear	2	1615	MYLK	307	199	0.5	primary
1	Lymph node metastasis, left cervical node	2	1615	MYLK	331	178	0.5	metastasis
2	Locoregional skin metastasis, left ear	2	1615	MYLK	381	125	0.5	metastasis
3	Distant skin metastasis, back	2	1615	MYLK	344	198	0.5	metastasis
0	Primary, left ear	7	1616	KRTAP13-4	406	164	0.5	primary
1	Lymph node metastasis, left cervical node	7	1616	KRTAP13-4	391	159	0.5	metastasis
2	Locoregional skin metastasis, left ear	7	1616	KRTAP13-4	315	66	0.5	metastasis
3	Distant skin metastasis, back	7	1616	KRTAP13-4	359	135	0.5	metastasis
0	Primary, left ear	4	1617	MRVI1	79	25	0.5	primary
1	Lymph node metastasis, left cervical node	4	1617	MRVI1	69	19	0.5	metastasis
2	Locoregional skin metastasis, left ear	4	1617	MRVI1	105	12	0.5	metastasis
3	Distant skin metastasis, back	4	1617	MRVI1	70	21	0.5	metastasis
0	Primary, left ear	7	1618	NPHP1	82	29	0.5	primary
1	Lymph node metastasis, left cervical node	7	1618	NPHP1	84	29	0.5	metastasis
2	Locoregional skin metastasis, left ear	7	1618	NPHP1	34	4	0.5	metastasis
3	Distant skin metastasis, back	7	1618	NPHP1	80	29	0.5	metastasis
0	Primary, left ear	2	1619	DNAH14	39	25	0.5	primary
1	Lymph node metastasis, left cervical node	2	1619	DNAH14	53	29	0.5	metastasis
2	Locoregional skin metastasis, left ear	2	1619	DNAH14	13	5	0.5	metastasis
3	Distant skin metastasis, back	2	1619	DNAH14	50	18	0.5	metastasis
0	Primary, left ear	4	1620	RPTN	270	96	0.5	primary
1	Lymph node metastasis, left cervical node	4	1620	RPTN	281	90	0.5	metastasis
2	Locoregional skin metastasis, left ear	4	1620	RPTN	315	62	0.5	metastasis
3	Distant skin metastasis, back	4	1620	RPTN	263	72	0.5	metastasis
0	Primary, left ear	7	1621	DNAJC6	125	54	0.5	primary
1	Lymph node metastasis, left cervical node	7	1621	DNAJC6	139	53	0.5	metastasis
2	Locoregional skin metastasis, left ear	7	1621	DNAJC6	142	26	0.5	metastasis
3	Distant skin metastasis, back	7	1621	DNAJC6	107	32	0.5	metastasis
0	Primary, left ear	6	1622	ZNF681	11	10	0.5	primary
1	Lymph node metastasis, left cervical node	6	1622	ZNF681	31	7	0.5	metastasis
2	Locoregional skin metastasis, left ear	6	1622	ZNF681	6	1	0.5	metastasis
3	Distant skin metastasis, back	6	1622	ZNF681	16	5	0.5	metastasis
0	Primary, left ear	7	1623	SLC28A3	356	127	0.5	primary
1	Lymph node metastasis, left cervical node	7	1623	SLC28A3	393	167	0.5	metastasis
2	Locoregional skin metastasis, left ear	7	1623	SLC28A3	216	34	0.5	metastasis
3	Distant skin metastasis, back	7	1623	SLC28A3	334	120	0.5	metastasis
0	Primary, left ear	2	1624	MYLK3	20	0	0.5	primary
1	Lymph node metastasis, left cervical node	2	1624	MYLK3	6	6	0.5	metastasis
2	Locoregional skin metastasis, left ear	2	1624	MYLK3	13	5	0.5	metastasis
3	Distant skin metastasis, back	2	1624	MYLK3	12	10	0.5	metastasis
0	Primary, left ear	7	1625	FBXO40	232	97	0.5	primary
1	Lymph node metastasis, left cervical node	7	1625	FBXO40	365	141	0.5	metastasis
2	Locoregional skin metastasis, left ear	7	1625	FBXO40	294	44	0.5	metastasis
3	Distant skin metastasis, back	7	1625	FBXO40	231	86	0.5	metastasis
0	Primary, left ear	4	1626	CFHR5	62	22	0.5	primary
1	Lymph node metastasis, left cervical node	4	1626	CFHR5	75	15	0.5	metastasis
2	Locoregional skin metastasis, left ear	4	1626	CFHR5	31	5	0.5	metastasis
3	Distant skin metastasis, back	4	1626	CFHR5	64	19	0.5	metastasis
0	Primary, left ear	4	1627	DDX31	167	59	0.5	primary
1	Lymph node metastasis, left cervical node	4	1627	DDX31	211	64	0.5	metastasis
2	Locoregional skin metastasis, left ear	4	1627	DDX31	107	26	0.5	metastasis
3	Distant skin metastasis, back	4	1627	DDX31	187	52	0.5	metastasis
0	Primary, left ear	2	1628	PLCB1	165	90	0.5	primary
1	Lymph node metastasis, left cervical node	2	1628	PLCB1	182	68	0.5	metastasis
2	Locoregional skin metastasis, left ear	2	1628	PLCB1	87	11	0.5	metastasis
3	Distant skin metastasis, back	2	1628	PLCB1	161	61	0.5	metastasis
0	Primary, left ear	2	1629	PPRC1	220	108	0.5	primary
1	Lymph node metastasis, left cervical node	2	1629	PPRC1	253	99	0.5	metastasis
2	Locoregional skin metastasis, left ear	2	1629	PPRC1	239	49	0.5	metastasis
3	Distant skin metastasis, back	2	1629	PPRC1	237	88	0.5	metastasis
0	Primary, left ear	6	1630	RAD51AP2	178	85	0.5	primary
1	Lymph node metastasis, left cervical node	6	1630	RAD51AP2	176	57	0.5	metastasis
2	Locoregional skin metastasis, left ear	6	1630	RAD51AP2	63	20	0.5	metastasis
3	Distant skin metastasis, back	6	1630	RAD51AP2	229	65	0.5	metastasis
0	Primary, left ear	6	1631	OR10J1	317	132	0.5	primary
1	Lymph node metastasis, left cervical node	6	1631	OR10J1	286	94	0.5	metastasis
2	Locoregional skin metastasis, left ear	6	1631	OR10J1	238	61	0.5	metastasis
3	Distant skin metastasis, back	6	1631	OR10J1	243	72	0.5	metastasis
0	Primary, left ear	6	1632	SPTAN1	12	11	0.5	primary
1	Lymph node metastasis, left cervical node	6	1632	SPTAN1	38	7	0.5	metastasis
2	Locoregional skin metastasis, left ear	6	1632	SPTAN1	19	9	0.5	metastasis
3	Distant skin metastasis, back	6	1632	SPTAN1	16	4	0.5	metastasis
0	Primary, left ear	2	1633	THBS2	47	27	0.5	primary
1	Lymph node metastasis, left cervical node	2	1633	THBS2	62	20	0.5	metastasis
2	Locoregional skin metastasis, left ear	2	1633	THBS2	85	19	0.5	metastasis
3	Distant skin metastasis, back	2	1633	THBS2	69	29	0.5	metastasis
0	Primary, left ear	5	1634	VPS4A	18	0	0.5	primary
1	Lymph node metastasis, left cervical node	5	1634	VPS4A	21	4	0.5	metastasis
2	Locoregional skin metastasis, left ear	5	1634	VPS4A	14	0	0.5	metastasis
3	Distant skin metastasis, back	5	1634	VPS4A	31	0	0.5	metastasis
0	Primary, left ear	2	1635	ATL2	78	45	0.5	primary
1	Lymph node metastasis, left cervical node	2	1635	ATL2	123	45	0.5	metastasis
2	Locoregional skin metastasis, left ear	2	1635	ATL2	70	22	0.5	metastasis
3	Distant skin metastasis, back	2	1635	ATL2	124	59	0.5	metastasis
0	Primary, left ear	7	1636	HEATR3	163	72	0.5	primary
1	Lymph node metastasis, left cervical node	7	1636	HEATR3	232	95	0.5	metastasis
2	Locoregional skin metastasis, left ear	7	1636	HEATR3	212	44	0.5	metastasis
3	Distant skin metastasis, back	7	1636	HEATR3	211	67	0.5	metastasis
0	Primary, left ear	7	1637	ACACB	78	36	0.5	primary
1	Lymph node metastasis, left cervical node	7	1637	ACACB	66	27	0.5	metastasis
2	Locoregional skin metastasis, left ear	7	1637	ACACB	119	21	0.5	metastasis
3	Distant skin metastasis, back	7	1637	ACACB	79	28	0.5	metastasis
0	Primary, left ear	2	1638	TTN	407	181	0.5	primary
1	Lymph node metastasis, left cervical node	2	1638	TTN	446	168	0.5	metastasis
2	Locoregional skin metastasis, left ear	2	1638	TTN	396	82	0.5	metastasis
3	Distant skin metastasis, back	2	1638	TTN	349	139	0.5	metastasis
0	Primary, left ear	7	1639	SP140L	33	10	0.5	primary
1	Lymph node metastasis, left cervical node	7	1639	SP140L	25	10	0.5	metastasis
2	Locoregional skin metastasis, left ear	7	1639	SP140L	11	0	0.5	metastasis
3	Distant skin metastasis, back	7	1639	SP140L	33	9	0.5	metastasis
0	Primary, left ear	7	1640	ROR1	102	42	0.5	primary
1	Lymph node metastasis, left cervical node	7	1640	ROR1	114	39	0.5	metastasis
2	Locoregional skin metastasis, left ear	7	1640	ROR1	102	20	0.5	metastasis
3	Distant skin metastasis, back	7	1640	ROR1	101	33	0.5	metastasis
0	Primary, left ear	2	1641	GANAB	231	87	0.5	primary
1	Lymph node metastasis, left cervical node	2	1641	GANAB	228	96	0.5	metastasis
2	Locoregional skin metastasis, left ear	2	1641	GANAB	274	67	0.5	metastasis
3	Distant skin metastasis, back	2	1641	GANAB	213	87	0.5	metastasis
0	Primary, left ear	1	1642	TTN	68	31	0.5	primary
1	Lymph node metastasis, left cervical node	1	1642	TTN	76	27	0.5	metastasis
2	Locoregional skin metastasis, left ear	1	1642	TTN	83	10	0.5	metastasis
3	Distant skin metastasis, back	1	1642	TTN	62	26	0.5	metastasis
0	Primary, left ear	2	1643	HYDIN	82	42	0.5	primary
1	Lymph node metastasis, left cervical node	2	1643	HYDIN	97	34	0.5	metastasis
2	Locoregional skin metastasis, left ear	2	1643	HYDIN	58	13	0.5	metastasis
3	Distant skin metastasis, back	2	1643	HYDIN	109	37	0.5	metastasis
0	Primary, left ear	4	1644	MYCT1	1073	436	0.5	primary
1	Lymph node metastasis, left cervical node	4	1644	MYCT1	1191	348	0.5	metastasis
2	Locoregional skin metastasis, left ear	4	1644	MYCT1	1148	224	0.5	metastasis
3	Distant skin metastasis, back	4	1644	MYCT1	1002	321	0.5	metastasis
0	Primary, left ear	7	1645	CCT7	36	16	0.5	primary
1	Lymph node metastasis, left cervical node	7	1645	CCT7	50	20	0.5	metastasis
2	Locoregional skin metastasis, left ear	7	1645	CCT7	51	10	0.5	metastasis
3	Distant skin metastasis, back	7	1645	CCT7	52	12	0.5	metastasis
0	Primary, left ear	2	1646	TNRC6A	25	15	0.5	primary
1	Lymph node metastasis, left cervical node	2	1646	TNRC6A	33	13	0.5	metastasis
2	Locoregional skin metastasis, left ear	2	1646	TNRC6A	13	4	0.5	metastasis
3	Distant skin metastasis, back	2	1646	TNRC6A	29	9	0.5	metastasis
0	Primary, left ear	2	1647	ALK	119	53	0.5	primary
1	Lymph node metastasis, left cervical node	2	1647	ALK	117	38	0.5	metastasis
2	Locoregional skin metastasis, left ear	2	1647	ALK	112	27	0.5	metastasis
3	Distant skin metastasis, back	2	1647	ALK	110	43	0.5	metastasis
0	Primary, left ear	2	1648	SERPINA6	108	60	0.5	primary
1	Lymph node metastasis, left cervical node	2	1648	SERPINA6	157	67	0.5	metastasis
2	Locoregional skin metastasis, left ear	2	1648	SERPINA6	158	38	0.5	metastasis
3	Distant skin metastasis, back	2	1648	SERPINA6	100	54	0.5	metastasis
0	Primary, left ear	2	1649	SYNE1	236	116	0.5	primary
1	Lymph node metastasis, left cervical node	2	1649	SYNE1	265	130	0.5	metastasis
2	Locoregional skin metastasis, left ear	2	1649	SYNE1	100	23	0.5	metastasis
3	Distant skin metastasis, back	2	1649	SYNE1	243	75	0.5	metastasis
0	Primary, left ear	2	1650	MYO1F	49	31	0.5	primary
1	Lymph node metastasis, left cervical node	2	1650	MYO1F	107	42	0.5	metastasis
2	Locoregional skin metastasis, left ear	2	1650	MYO1F	58	19	0.5	metastasis
3	Distant skin metastasis, back	2	1650	MYO1F	105	24	0.5	metastasis
0	Primary, left ear	2	1651	TCEB3B	44	26	0.5	primary
1	Lymph node metastasis, left cervical node	2	1651	TCEB3B	70	19	0.5	metastasis
2	Locoregional skin metastasis, left ear	2	1651	TCEB3B	111	28	0.5	metastasis
3	Distant skin metastasis, back	2	1651	TCEB3B	34	32	0.5	metastasis
0	Primary, left ear	2	1652	TSPAN10	182	103	0.5	primary
1	Lymph node metastasis, left cervical node	2	1652	TSPAN10	246	114	0.5	metastasis
2	Locoregional skin metastasis, left ear	2	1652	TSPAN10	225	87	0.5	metastasis
3	Distant skin metastasis, back	2	1652	TSPAN10	241	132	0.5	metastasis
0	Primary, left ear	2	1653	TCEB3B	250	124	0.5	primary
1	Lymph node metastasis, left cervical node	2	1653	TCEB3B	315	113	0.5	metastasis
2	Locoregional skin metastasis, left ear	2	1653	TCEB3B	416	87	0.5	metastasis
3	Distant skin metastasis, back	2	1653	TCEB3B	283	100	0.5	metastasis
0	Primary, left ear	2	1654	SASS6	158	81	0.5	primary
1	Lymph node metastasis, left cervical node	2	1654	SASS6	195	92	0.5	metastasis
2	Locoregional skin metastasis, left ear	2	1654	SASS6	81	18	0.5	metastasis
3	Distant skin metastasis, back	2	1654	SASS6	147	52	0.5	metastasis
0	Primary, left ear	2	1655	UNC13D	93	52	0.5	primary
1	Lymph node metastasis, left cervical node	2	1655	UNC13D	117	40	0.5	metastasis
2	Locoregional skin metastasis, left ear	2	1655	UNC13D	111	23	0.5	metastasis
3	Distant skin metastasis, back	2	1655	UNC13D	96	40	0.5	metastasis
0	Primary, left ear	6	1656	CTNNA3	143	65	0.5	primary
1	Lymph node metastasis, left cervical node	6	1656	CTNNA3	163	48	0.5	metastasis
2	Locoregional skin metastasis, left ear	6	1656	CTNNA3	54	15	0.5	metastasis
3	Distant skin metastasis, back	6	1656	CTNNA3	150	37	0.5	metastasis
0	Primary, left ear	3	1657	CAPN13	342	127	0.5	primary
1	Lymph node metastasis, left cervical node	3	1657	CAPN13	387	130	0.5	metastasis
2	Locoregional skin metastasis, left ear	3	1657	CAPN13	554	88	0.5	metastasis
3	Distant skin metastasis, back	3	1657	CAPN13	358	84	0.5	metastasis
0	Primary, left ear	6	1658	C11orf9	267	139	0.5	primary
1	Lymph node metastasis, left cervical node	6	1658	C11orf9	266	74	0.5	metastasis
2	Locoregional skin metastasis, left ear	6	1658	C11orf9	277	51	0.5	metastasis
3	Distant skin metastasis, back	6	1658	C11orf9	264	83	0.5	metastasis
0	Primary, left ear	6	1659	GLI2	54	23	0.5	primary
1	Lymph node metastasis, left cervical node	6	1659	GLI2	51	12	0.5	metastasis
2	Locoregional skin metastasis, left ear	6	1659	GLI2	86	18	0.5	metastasis
3	Distant skin metastasis, back	6	1659	GLI2	59	16	0.5	metastasis
0	Primary, left ear	2	1660	LGSN	244	129	0.5	primary
1	Lymph node metastasis, left cervical node	2	1660	LGSN	265	102	0.5	metastasis
2	Locoregional skin metastasis, left ear	2	1660	LGSN	303	52	0.5	metastasis
3	Distant skin metastasis, back	2	1660	LGSN	252	114	0.5	metastasis
0	Primary, left ear	4	1661	OR4C6	241	98	0.5	primary
1	Lymph node metastasis, left cervical node	4	1661	OR4C6	249	77	0.5	metastasis
2	Locoregional skin metastasis, left ear	4	1661	OR4C6	236	38	0.5	metastasis
3	Distant skin metastasis, back	4	1661	OR4C6	215	69	0.5	metastasis
0	Primary, left ear	2	1662	SERPINB13	224	100	0.5	primary
1	Lymph node metastasis, left cervical node	2	1662	SERPINB13	221	87	0.5	metastasis
2	Locoregional skin metastasis, left ear	2	1662	SERPINB13	247	59	0.5	metastasis
3	Distant skin metastasis, back	2	1662	SERPINB13	223	88	0.5	metastasis
0	Primary, left ear	6	1663	TSHR	409	184	0.5	primary
1	Lymph node metastasis, left cervical node	6	1663	TSHR	512	162	0.5	metastasis
2	Locoregional skin metastasis, left ear	6	1663	TSHR	535	103	0.5	metastasis
3	Distant skin metastasis, back	6	1663	TSHR	408	121	0.5	metastasis
0	Primary, left ear	1	1664	IRF2BP2	48	18	0.5	primary
1	Lymph node metastasis, left cervical node	1	1664	IRF2BP2	39	10	0.5	metastasis
2	Locoregional skin metastasis, left ear	1	1664	IRF2BP2	57	4	0.5	metastasis
3	Distant skin metastasis, back	1	1664	IRF2BP2	48	22	0.5	metastasis
0	Primary, left ear	6	1665	PTPN3	125	66	0.5	primary
1	Lymph node metastasis, left cervical node	6	1665	PTPN3	132	29	0.5	metastasis
2	Locoregional skin metastasis, left ear	6	1665	PTPN3	196	42	0.5	metastasis
3	Distant skin metastasis, back	6	1665	PTPN3	136	50	0.5	metastasis
0	Primary, left ear	2	1666	SPEM1	30	13	0.5	primary
1	Lymph node metastasis, left cervical node	2	1666	SPEM1	41	18	0.5	metastasis
2	Locoregional skin metastasis, left ear	2	1666	SPEM1	41	11	0.5	metastasis
3	Distant skin metastasis, back	2	1666	SPEM1	33	23	0.5	metastasis
0	Primary, left ear	1	1667	DAAM1	152	73	0.5	primary
1	Lymph node metastasis, left cervical node	1	1667	DAAM1	153	52	0.5	metastasis
2	Locoregional skin metastasis, left ear	1	1667	DAAM1	97	9	0.5	metastasis
3	Distant skin metastasis, back	1	1667	DAAM1	189	70	0.5	metastasis
0	Primary, left ear	2	1668	LAMA3	47	29	0.5	primary
1	Lymph node metastasis, left cervical node	2	1668	LAMA3	61	20	0.5	metastasis
2	Locoregional skin metastasis, left ear	2	1668	LAMA3	54	17	0.5	metastasis
3	Distant skin metastasis, back	2	1668	LAMA3	60	19	0.5	metastasis
0	Primary, left ear	2	1669	PDK2	76	41	0.5	primary
1	Lymph node metastasis, left cervical node	2	1669	PDK2	62	19	0.5	metastasis
2	Locoregional skin metastasis, left ear	2	1669	PDK2	91	17	0.5	metastasis
3	Distant skin metastasis, back	2	1669	PDK2	62	45	0.5	metastasis
0	Primary, left ear	6	1670	EXOC6B	57	30	0.5	primary
1	Lymph node metastasis, left cervical node	6	1670	EXOC6B	39	7	0.5	metastasis
2	Locoregional skin metastasis, left ear	6	1670	EXOC6B	6	2	0.5	metastasis
3	Distant skin metastasis, back	6	1670	EXOC6B	34	13	0.5	metastasis
0	Primary, left ear	2	1671	SLC5A3	141	60	0.5	primary
1	Lymph node metastasis, left cervical node	2	1671	SLC5A3	118	51	0.5	metastasis
2	Locoregional skin metastasis, left ear	2	1671	SLC5A3	86	26	0.5	metastasis
3	Distant skin metastasis, back	2	1671	SLC5A3	96	49	0.5	metastasis
0	Primary, left ear	1	1672	KIAA0100	89	38	0.5	primary
1	Lymph node metastasis, left cervical node	1	1672	KIAA0100	96	27	0.5	metastasis
2	Locoregional skin metastasis, left ear	1	1672	KIAA0100	86	23	0.5	metastasis
3	Distant skin metastasis, back	1	1672	KIAA0100	91	36	0.5	metastasis
0	Primary, left ear	7	1673	DOPEY2	104	43	0.5	primary
1	Lymph node metastasis, left cervical node	7	1673	DOPEY2	162	74	0.5	metastasis
2	Locoregional skin metastasis, left ear	7	1673	DOPEY2	169	31	0.5	metastasis
3	Distant skin metastasis, back	7	1673	DOPEY2	128	41	0.5	metastasis
0	Primary, left ear	7	1674	RBMXL2	102	47	0.5	primary
1	Lymph node metastasis, left cervical node	7	1674	RBMXL2	98	38	0.5	metastasis
2	Locoregional skin metastasis, left ear	7	1674	RBMXL2	165	33	0.5	metastasis
3	Distant skin metastasis, back	7	1674	RBMXL2	99	24	0.5	metastasis
0	Primary, left ear	1	1675	DSG4	154	53	0.5	primary
1	Lymph node metastasis, left cervical node	1	1675	DSG4	159	54	0.5	metastasis
2	Locoregional skin metastasis, left ear	1	1675	DSG4	119	22	0.5	metastasis
3	Distant skin metastasis, back	1	1675	DSG4	117	44	0.5	metastasis
0	Primary, left ear	6	1676	ADAM20	104	38	0.5	primary
1	Lymph node metastasis, left cervical node	6	1676	ADAM20	142	44	0.5	metastasis
2	Locoregional skin metastasis, left ear	6	1676	ADAM20	128	33	0.5	metastasis
3	Distant skin metastasis, back	6	1676	ADAM20	93	27	0.5	metastasis
0	Primary, left ear	2	1677	MYH15	190	75	0.5	primary
1	Lymph node metastasis, left cervical node	2	1677	MYH15	205	72	0.5	metastasis
2	Locoregional skin metastasis, left ear	2	1677	MYH15	180	46	0.5	metastasis
3	Distant skin metastasis, back	2	1677	MYH15	161	65	0.5	metastasis
0	Primary, left ear	2	1678	PTCH2	132	69	0.5	primary
1	Lymph node metastasis, left cervical node	2	1678	PTCH2	159	66	0.5	metastasis
2	Locoregional skin metastasis, left ear	2	1678	PTCH2	149	39	0.5	metastasis
3	Distant skin metastasis, back	2	1678	PTCH2	148	88	0.5	metastasis
0	Primary, left ear	2	1679	GPR97	12	9	0.5	primary
1	Lymph node metastasis, left cervical node	2	1679	GPR97	14	3	0.5	metastasis
2	Locoregional skin metastasis, left ear	2	1679	GPR97	6	6	0.5	metastasis
3	Distant skin metastasis, back	2	1679	GPR97	10	6	0.5	metastasis
0	Primary, left ear	7	1680	DYNC1H1	91	37	0.5	primary
1	Lymph node metastasis, left cervical node	7	1680	DYNC1H1	130	48	0.5	metastasis
2	Locoregional skin metastasis, left ear	7	1680	DYNC1H1	160	31	0.5	metastasis
3	Distant skin metastasis, back	7	1680	DYNC1H1	107	29	0.5	metastasis
0	Primary, left ear	7	1681	RBM44	99	27	0.5	primary
1	Lymph node metastasis, left cervical node	7	1681	RBM44	89	38	0.5	metastasis
2	Locoregional skin metastasis, left ear	7	1681	RBM44	47	15	0.5	metastasis
3	Distant skin metastasis, back	7	1681	RBM44	107	31	0.5	metastasis
0	Primary, left ear	7	1682	TRIM58	245	84	0.5	primary
1	Lymph node metastasis, left cervical node	7	1682	TRIM58	301	109	0.5	metastasis
2	Locoregional skin metastasis, left ear	7	1682	TRIM58	312	58	0.5	metastasis
3	Distant skin metastasis, back	7	1682	TRIM58	229	86	0.5	metastasis
0	Primary, left ear	2	1683	NEMF	199	94	0.5	primary
1	Lymph node metastasis, left cervical node	2	1683	NEMF	255	81	0.5	metastasis
2	Locoregional skin metastasis, left ear	2	1683	NEMF	79	31	0.5	metastasis
3	Distant skin metastasis, back	2	1683	NEMF	190	87	0.5	metastasis
0	Primary, left ear	2	1684	BICD2	34	24	0.5	primary
1	Lymph node metastasis, left cervical node	2	1684	BICD2	42	16	0.5	metastasis
2	Locoregional skin metastasis, left ear	2	1684	BICD2	49	9	0.5	metastasis
3	Distant skin metastasis, back	2	1684	BICD2	47	18	0.5	metastasis
0	Primary, left ear	1	1685	NOS1	17	9	0.5	primary
1	Lymph node metastasis, left cervical node	1	1685	NOS1	25	3	0.5	metastasis
2	Locoregional skin metastasis, left ear	1	1685	NOS1	29	6	0.5	metastasis
3	Distant skin metastasis, back	1	1685	NOS1	25	10	0.5	metastasis
0	Primary, left ear	2	1686	APBA1	246	139	0.5	primary
1	Lymph node metastasis, left cervical node	2	1686	APBA1	261	93	0.5	metastasis
2	Locoregional skin metastasis, left ear	2	1686	APBA1	341	87	0.5	metastasis
3	Distant skin metastasis, back	2	1686	APBA1	266	136	0.5	metastasis
0	Primary, left ear	2	1687	ZCCHC11	108	63	0.5	primary
1	Lymph node metastasis, left cervical node	2	1687	ZCCHC11	130	49	0.5	metastasis
2	Locoregional skin metastasis, left ear	2	1687	ZCCHC11	52	21	0.5	metastasis
3	Distant skin metastasis, back	2	1687	ZCCHC11	139	47	0.5	metastasis
0	Primary, left ear	7	1688	LOC401010	35	13	0.5	primary
1	Lymph node metastasis, left cervical node	7	1688	LOC401010	16	20	0.5	metastasis
2	Locoregional skin metastasis, left ear	7	1688	LOC401010	23	6	0.5	metastasis
3	Distant skin metastasis, back	7	1688	LOC401010	29	3	0.5	metastasis
0	Primary, left ear	5	1689	PITPNM2	9	4	0.5	primary
1	Lymph node metastasis, left cervical node	5	1689	PITPNM2	9	0	0.5	metastasis
2	Locoregional skin metastasis, left ear	5	1689	PITPNM2	11	0	0.5	metastasis
3	Distant skin metastasis, back	5	1689	PITPNM2	11	0	0.5	metastasis
0	Primary, left ear	6	1690	MGAT3	497	269	0.5	primary
1	Lymph node metastasis, left cervical node	6	1690	MGAT3	628	193	0.5	metastasis
2	Locoregional skin metastasis, left ear	6	1690	MGAT3	813	164	0.5	metastasis
3	Distant skin metastasis, back	6	1690	MGAT3	574	214	0.5	metastasis
0	Primary, left ear	1	1691	PLSCR2	118	49	0.5	primary
1	Lymph node metastasis, left cervical node	1	1691	PLSCR2	121	36	0.5	metastasis
2	Locoregional skin metastasis, left ear	1	1691	PLSCR2	112	25	0.5	metastasis
3	Distant skin metastasis, back	1	1691	PLSCR2	109	44	0.5	metastasis
0	Primary, left ear	2	1692	TRPM6	228	100	0.5	primary
1	Lymph node metastasis, left cervical node	2	1692	TRPM6	302	116	0.5	metastasis
2	Locoregional skin metastasis, left ear	2	1692	TRPM6	356	84	0.5	metastasis
3	Distant skin metastasis, back	2	1692	TRPM6	252	86	0.5	metastasis
0	Primary, left ear	6	1693	LAMC2	127	63	0.5	primary
1	Lymph node metastasis, left cervical node	6	1693	LAMC2	164	50	0.5	metastasis
2	Locoregional skin metastasis, left ear	6	1693	LAMC2	64	16	0.5	metastasis
3	Distant skin metastasis, back	6	1693	LAMC2	151	45	0.5	metastasis
0	Primary, left ear	6	1694	CBY1	76	31	0.5	primary
1	Lymph node metastasis, left cervical node	6	1694	CBY1	100	21	0.5	metastasis
2	Locoregional skin metastasis, left ear	6	1694	CBY1	81	17	0.5	metastasis
3	Distant skin metastasis, back	6	1694	CBY1	94	29	0.5	metastasis
0	Primary, left ear	2	1695	ATF7IP2	67	36	0.5	primary
1	Lymph node metastasis, left cervical node	2	1695	ATF7IP2	101	39	0.5	metastasis
2	Locoregional skin metastasis, left ear	2	1695	ATF7IP2	34	9	0.5	metastasis
3	Distant skin metastasis, back	2	1695	ATF7IP2	92	28	0.5	metastasis
0	Primary, left ear	2	1696	TDRD1	37	14	0.5	primary
1	Lymph node metastasis, left cervical node	2	1696	TDRD1	21	14	0.5	metastasis
2	Locoregional skin metastasis, left ear	2	1696	TDRD1	14	2	0.5	metastasis
3	Distant skin metastasis, back	2	1696	TDRD1	33	11	0.5	metastasis
0	Primary, left ear	2	1697	SLC30A3	57	30	0.5	primary
1	Lymph node metastasis, left cervical node	2	1697	SLC30A3	46	30	0.5	metastasis
2	Locoregional skin metastasis, left ear	2	1697	SLC30A3	62	11	0.5	metastasis
3	Distant skin metastasis, back	2	1697	SLC30A3	66	23	0.5	metastasis
0	Primary, left ear	2	1698	POLR1B	50	21	0.5	primary
1	Lymph node metastasis, left cervical node	2	1698	POLR1B	60	29	0.5	metastasis
2	Locoregional skin metastasis, left ear	2	1698	POLR1B	72	18	0.5	metastasis
3	Distant skin metastasis, back	2	1698	POLR1B	53	30	0.5	metastasis
0	Primary, left ear	2	1699	C3orf15	29	7	0.5	primary
1	Lymph node metastasis, left cervical node	2	1699	C3orf15	26	10	0.5	metastasis
2	Locoregional skin metastasis, left ear	2	1699	C3orf15	5	4	0.5	metastasis
3	Distant skin metastasis, back	2	1699	C3orf15	30	18	0.5	metastasis
0	Primary, left ear	6	1700	CEP97	180	98	0.5	primary
1	Lymph node metastasis, left cervical node	6	1700	CEP97	223	66	0.5	metastasis
2	Locoregional skin metastasis, left ear	6	1700	CEP97	66	22	0.5	metastasis
3	Distant skin metastasis, back	6	1700	CEP97	212	67	0.5	metastasis
0	Primary, left ear	7	1701	SIPA1	172	45	0.5	primary
1	Lymph node metastasis, left cervical node	7	1701	SIPA1	183	70	0.5	metastasis
2	Locoregional skin metastasis, left ear	7	1701	SIPA1	267	55	0.5	metastasis
3	Distant skin metastasis, back	7	1701	SIPA1	244	65	0.5	metastasis
0	Primary, left ear	2	1702	MYLK	122	61	0.5	primary
1	Lymph node metastasis, left cervical node	2	1702	MYLK	110	48	0.5	metastasis
2	Locoregional skin metastasis, left ear	2	1702	MYLK	125	38	0.5	metastasis
3	Distant skin metastasis, back	2	1702	MYLK	99	43	0.5	metastasis
0	Primary, left ear	2	1703	LRP5	75	25	0.5	primary
1	Lymph node metastasis, left cervical node	2	1703	LRP5	80	39	0.5	metastasis
2	Locoregional skin metastasis, left ear	2	1703	LRP5	101	29	0.5	metastasis
3	Distant skin metastasis, back	2	1703	LRP5	72	25	0.5	metastasis
0	Primary, left ear	7	1704	MTSS1L	122	44	0.5	primary
1	Lymph node metastasis, left cervical node	7	1704	MTSS1L	146	57	0.5	metastasis
2	Locoregional skin metastasis, left ear	7	1704	MTSS1L	192	46	0.5	metastasis
3	Distant skin metastasis, back	7	1704	MTSS1L	148	47	0.5	metastasis
0	Primary, left ear	2	1705	FKBP10	55	30	0.5	primary
1	Lymph node metastasis, left cervical node	2	1705	FKBP10	83	39	0.5	metastasis
2	Locoregional skin metastasis, left ear	2	1705	FKBP10	74	18	0.5	metastasis
3	Distant skin metastasis, back	2	1705	FKBP10	74	35	0.5	metastasis
0	Primary, left ear	1	1706	OR13F1	324	141	0.5	primary
1	Lymph node metastasis, left cervical node	1	1706	OR13F1	404	119	0.5	metastasis
2	Locoregional skin metastasis, left ear	1	1706	OR13F1	361	66	0.5	metastasis
3	Distant skin metastasis, back	1	1706	OR13F1	315	121	0.5	metastasis
0	Primary, left ear	6	1707	MUC16	165	75	0.5	primary
1	Lymph node metastasis, left cervical node	6	1707	MUC16	218	65	0.5	metastasis
2	Locoregional skin metastasis, left ear	6	1707	MUC16	205	37	0.5	metastasis
3	Distant skin metastasis, back	6	1707	MUC16	187	46	0.5	metastasis
0	Primary, left ear	4	1708	IRF8	59	27	0.5	primary
1	Lymph node metastasis, left cervical node	4	1708	IRF8	66	12	0.5	metastasis
2	Locoregional skin metastasis, left ear	4	1708	IRF8	79	12	0.5	metastasis
3	Distant skin metastasis, back	4	1708	IRF8	58	18	0.5	metastasis
0	Primary, left ear	2	1709	ADCY3	61	28	0.5	primary
1	Lymph node metastasis, left cervical node	2	1709	ADCY3	70	26	0.5	metastasis
2	Locoregional skin metastasis, left ear	2	1709	ADCY3	72	23	0.5	metastasis
3	Distant skin metastasis, back	2	1709	ADCY3	53	20	0.5	metastasis
0	Primary, left ear	3	1710	OR51B2	126	42	0.5	primary
1	Lymph node metastasis, left cervical node	3	1710	OR51B2	128	54	0.5	metastasis
2	Locoregional skin metastasis, left ear	3	1710	OR51B2	52	9	0.5	metastasis
3	Distant skin metastasis, back	3	1710	OR51B2	138	26	0.5	metastasis
0	Primary, left ear	2	1711	DKFZp434P0216	10	2	0.5	primary
1	Lymph node metastasis, left cervical node	2	1711	DKFZp434P0216	10	1	0.5	metastasis
2	Locoregional skin metastasis, left ear	2	1711	DKFZp434P0216	13	6	0.5	metastasis
3	Distant skin metastasis, back	2	1711	DKFZp434P0216	7	1	0.5	metastasis
0	Primary, left ear	3	1712	RBFOX1	267	90	0.5	primary
1	Lymph node metastasis, left cervical node	3	1712	RBFOX1	360	87	0.5	metastasis
2	Locoregional skin metastasis, left ear	3	1712	RBFOX1	361	80	0.5	metastasis
3	Distant skin metastasis, back	3	1712	RBFOX1	288	60	0.5	metastasis
0	Primary, left ear	4	1713	ROS1	68	24	0.5	primary
1	Lymph node metastasis, left cervical node	4	1713	ROS1	109	25	0.5	metastasis
2	Locoregional skin metastasis, left ear	4	1713	ROS1	22	6	0.5	metastasis
3	Distant skin metastasis, back	4	1713	ROS1	69	17	0.5	metastasis
0	Primary, left ear	7	1714	DNAH9	130	39	0.5	primary
1	Lymph node metastasis, left cervical node	7	1714	DNAH9	130	52	0.5	metastasis
2	Locoregional skin metastasis, left ear	7	1714	DNAH9	156	20	0.5	metastasis
3	Distant skin metastasis, back	7	1714	DNAH9	99	37	0.5	metastasis
0	Primary, left ear	4	1715	CHKA	48	20	0.5	primary
1	Lymph node metastasis, left cervical node	4	1715	CHKA	49	11	0.5	metastasis
2	Locoregional skin metastasis, left ear	4	1715	CHKA	23	1	0.5	metastasis
3	Distant skin metastasis, back	4	1715	CHKA	41	12	0.5	metastasis
0	Primary, left ear	4	1716	ACSM2B	145	50	0.5	primary
1	Lymph node metastasis, left cervical node	4	1716	ACSM2B	144	38	0.5	metastasis
2	Locoregional skin metastasis, left ear	4	1716	ACSM2B	155	25	0.5	metastasis
3	Distant skin metastasis, back	4	1716	ACSM2B	126	43	0.5	metastasis
0	Primary, left ear	4	1717	CNNM2	162	72	0.5	primary
1	Lymph node metastasis, left cervical node	4	1717	CNNM2	254	56	0.5	metastasis
2	Locoregional skin metastasis, left ear	4	1717	CNNM2	287	47	0.5	metastasis
3	Distant skin metastasis, back	4	1717	CNNM2	199	50	0.5	metastasis
0	Primary, left ear	6	1718	OBP2B	84	36	0.5	primary
1	Lymph node metastasis, left cervical node	6	1718	OBP2B	91	28	0.5	metastasis
2	Locoregional skin metastasis, left ear	6	1718	OBP2B	105	32	0.5	metastasis
3	Distant skin metastasis, back	6	1718	OBP2B	106	29	0.5	metastasis
0	Primary, left ear	2	1719	SFTPD	95	42	0.5	primary
1	Lymph node metastasis, left cervical node	2	1719	SFTPD	96	37	0.5	metastasis
2	Locoregional skin metastasis, left ear	2	1719	SFTPD	141	20	0.5	metastasis
3	Distant skin metastasis, back	2	1719	SFTPD	89	46	0.5	metastasis
0	Primary, left ear	2	1720	APOL3	117	62	0.5	primary
1	Lymph node metastasis, left cervical node	2	1720	APOL3	111	52	0.5	metastasis
2	Locoregional skin metastasis, left ear	2	1720	APOL3	115	27	0.5	metastasis
3	Distant skin metastasis, back	2	1720	APOL3	105	40	0.5	metastasis
0	Primary, left ear	5	1721	PDE4DIP	411	70	0.5	primary
1	Lymph node metastasis, left cervical node	5	1721	PDE4DIP	429	56	0.5	metastasis
2	Locoregional skin metastasis, left ear	5	1721	PDE4DIP	305	34	0.5	metastasis
3	Distant skin metastasis, back	5	1721	PDE4DIP	396	47	0.5	metastasis
0	Primary, left ear	2	1722	MYO7A	70	21	0.5	primary
1	Lymph node metastasis, left cervical node	2	1722	MYO7A	53	26	0.5	metastasis
2	Locoregional skin metastasis, left ear	2	1722	MYO7A	77	19	0.5	metastasis
3	Distant skin metastasis, back	2	1722	MYO7A	52	23	0.5	metastasis
0	Primary, left ear	2	1723	EFTUD2	31	26	0.5	primary
1	Lymph node metastasis, left cervical node	2	1723	EFTUD2	51	21	0.5	metastasis
2	Locoregional skin metastasis, left ear	2	1723	EFTUD2	45	12	0.5	metastasis
3	Distant skin metastasis, back	2	1723	EFTUD2	36	12	0.5	metastasis
0	Primary, left ear	2	1724	MYCN	114	50	0.5	primary
1	Lymph node metastasis, left cervical node	2	1724	MYCN	136	51	0.5	metastasis
2	Locoregional skin metastasis, left ear	2	1724	MYCN	103	35	0.5	metastasis
3	Distant skin metastasis, back	2	1724	MYCN	119	46	0.5	metastasis
0	Primary, left ear	2	1725	CACHD1	55	33	0.5	primary
1	Lymph node metastasis, left cervical node	2	1725	CACHD1	79	37	0.5	metastasis
2	Locoregional skin metastasis, left ear	2	1725	CACHD1	53	14	0.5	metastasis
3	Distant skin metastasis, back	2	1725	CACHD1	64	23	0.5	metastasis
0	Primary, left ear	6	1726	TTN	83	49	0.5	primary
1	Lymph node metastasis, left cervical node	6	1726	TTN	72	19	0.5	metastasis
2	Locoregional skin metastasis, left ear	6	1726	TTN	32	7	0.5	metastasis
3	Distant skin metastasis, back	6	1726	TTN	77	15	0.5	metastasis
0	Primary, left ear	2	1727	OR5H14	33	24	0.5	primary
1	Lymph node metastasis, left cervical node	2	1727	OR5H14	37	11	0.5	metastasis
2	Locoregional skin metastasis, left ear	2	1727	OR5H14	10	4	0.5	metastasis
3	Distant skin metastasis, back	2	1727	OR5H14	30	10	0.5	metastasis
0	Primary, left ear	2	1728	C11orf42	63	31	0.5	primary
1	Lymph node metastasis, left cervical node	2	1728	C11orf42	69	23	0.5	metastasis
2	Locoregional skin metastasis, left ear	2	1728	C11orf42	59	13	0.5	metastasis
3	Distant skin metastasis, back	2	1728	C11orf42	54	19	0.5	metastasis
0	Primary, left ear	6	1729	GRIN2A	98	64	0.5	primary
1	Lymph node metastasis, left cervical node	6	1729	GRIN2A	137	41	0.5	metastasis
2	Locoregional skin metastasis, left ear	6	1729	GRIN2A	150	30	0.5	metastasis
3	Distant skin metastasis, back	6	1729	GRIN2A	132	30	0.5	metastasis
0	Primary, left ear	7	1730	SSTR5	693	335	0.5	primary
1	Lymph node metastasis, left cervical node	7	1730	SSTR5	779	297	0.5	metastasis
2	Locoregional skin metastasis, left ear	7	1730	SSTR5	1009	208	0.5	metastasis
3	Distant skin metastasis, back	7	1730	SSTR5	780	273	0.5	metastasis
0	Primary, left ear	7	1731	GAB4	71	27	0.5	primary
1	Lymph node metastasis, left cervical node	7	1731	GAB4	84	29	0.5	metastasis
2	Locoregional skin metastasis, left ear	7	1731	GAB4	84	11	0.5	metastasis
3	Distant skin metastasis, back	7	1731	GAB4	52	20	0.5	metastasis
0	Primary, left ear	7	1732	SMYD1	43	21	0.5	primary
1	Lymph node metastasis, left cervical node	7	1732	SMYD1	61	23	0.5	metastasis
2	Locoregional skin metastasis, left ear	7	1732	SMYD1	65	13	0.5	metastasis
3	Distant skin metastasis, back	7	1732	SMYD1	44	11	0.5	metastasis
0	Primary, left ear	7	1733	CASR	175	88	0.5	primary
1	Lymph node metastasis, left cervical node	7	1733	CASR	190	67	0.5	metastasis
2	Locoregional skin metastasis, left ear	7	1733	CASR	270	52	0.5	metastasis
3	Distant skin metastasis, back	7	1733	CASR	189	63	0.5	metastasis
0	Primary, left ear	2	1734	CLDN18	29	10	0.5	primary
1	Lymph node metastasis, left cervical node	2	1734	CLDN18	39	15	0.5	metastasis
2	Locoregional skin metastasis, left ear	2	1734	CLDN18	33	12	0.5	metastasis
3	Distant skin metastasis, back	2	1734	CLDN18	46	11	0.5	metastasis
0	Primary, left ear	6	1735	CD79B	126	72	0.5	primary
1	Lymph node metastasis, left cervical node	6	1735	CD79B	196	59	0.5	metastasis
2	Locoregional skin metastasis, left ear	6	1735	CD79B	193	41	0.5	metastasis
3	Distant skin metastasis, back	6	1735	CD79B	167	45	0.5	metastasis
0	Primary, left ear	2	1736	UNC80	14	6	0.5	primary
1	Lymph node metastasis, left cervical node	2	1736	UNC80	17	7	0.5	metastasis
2	Locoregional skin metastasis, left ear	2	1736	UNC80	20	4	0.5	metastasis
3	Distant skin metastasis, back	2	1736	UNC80	16	4	0.5	metastasis
0	Primary, left ear	2	1737	IBA57	215	119	0.5	primary
1	Lymph node metastasis, left cervical node	2	1737	IBA57	186	72	0.5	metastasis
2	Locoregional skin metastasis, left ear	2	1737	IBA57	284	66	0.5	metastasis
3	Distant skin metastasis, back	2	1737	IBA57	264	109	0.5	metastasis
0	Primary, left ear	4	1738	COPB1	115	42	0.5	primary
1	Lymph node metastasis, left cervical node	4	1738	COPB1	163	50	0.5	metastasis
2	Locoregional skin metastasis, left ear	4	1738	COPB1	43	8	0.5	metastasis
3	Distant skin metastasis, back	4	1738	COPB1	137	37	0.5	metastasis
0	Primary, left ear	2	1739	REM2	230	123	0.5	primary
1	Lymph node metastasis, left cervical node	2	1739	REM2	295	102	0.5	metastasis
2	Locoregional skin metastasis, left ear	2	1739	REM2	387	81	0.5	metastasis
3	Distant skin metastasis, back	2	1739	REM2	281	116	0.5	metastasis
0	Primary, left ear	2	1740	PMFBP1	198	133	0.5	primary
1	Lymph node metastasis, left cervical node	2	1740	PMFBP1	271	125	0.5	metastasis
2	Locoregional skin metastasis, left ear	2	1740	PMFBP1	225	58	0.5	metastasis
3	Distant skin metastasis, back	2	1740	PMFBP1	232	86	0.5	metastasis
0	Primary, left ear	2	1741	HNRNPA3	38	19	0.5	primary
1	Lymph node metastasis, left cervical node	2	1741	HNRNPA3	33	18	0.5	metastasis
2	Locoregional skin metastasis, left ear	2	1741	HNRNPA3	29	4	0.5	metastasis
3	Distant skin metastasis, back	2	1741	HNRNPA3	39	11	0.5	metastasis
0	Primary, left ear	7	1742	EYS	43	12	0.5	primary
1	Lymph node metastasis, left cervical node	7	1742	EYS	41	15	0.5	metastasis
2	Locoregional skin metastasis, left ear	7	1742	EYS	17	4	0.5	metastasis
3	Distant skin metastasis, back	7	1742	EYS	48	11	0.5	metastasis
0	Primary, left ear	6	1743	SYT16	174	89	0.5	primary
1	Lymph node metastasis, left cervical node	6	1743	SYT16	177	64	0.5	metastasis
2	Locoregional skin metastasis, left ear	6	1743	SYT16	236	51	0.5	metastasis
3	Distant skin metastasis, back	6	1743	SYT16	179	40	0.5	metastasis
0	Primary, left ear	6	1744	MAPK4	73	38	0.5	primary
1	Lymph node metastasis, left cervical node	6	1744	MAPK4	99	24	0.5	metastasis
2	Locoregional skin metastasis, left ear	6	1744	MAPK4	104	19	0.5	metastasis
3	Distant skin metastasis, back	6	1744	MAPK4	93	27	0.5	metastasis
0	Primary, left ear	1	1745	EPX	215	96	0.5	primary
1	Lymph node metastasis, left cervical node	1	1745	EPX	283	86	0.5	metastasis
2	Locoregional skin metastasis, left ear	1	1745	EPX	310	80	0.5	metastasis
3	Distant skin metastasis, back	1	1745	EPX	224	82	0.5	metastasis
0	Primary, left ear	2	1746	CSMD2	268	147	0.5	primary
1	Lymph node metastasis, left cervical node	2	1746	CSMD2	311	144	0.5	metastasis
2	Locoregional skin metastasis, left ear	2	1746	CSMD2	332	89	0.5	metastasis
3	Distant skin metastasis, back	2	1746	CSMD2	342	89	0.5	metastasis
0	Primary, left ear	2	1747	PROS1	113	50	0.5	primary
1	Lymph node metastasis, left cervical node	2	1747	PROS1	126	48	0.5	metastasis
2	Locoregional skin metastasis, left ear	2	1747	PROS1	72	17	0.5	metastasis
3	Distant skin metastasis, back	2	1747	PROS1	122	54	0.5	metastasis
0	Primary, left ear	6	1748	GSDMA	51	47	0.5	primary
1	Lymph node metastasis, left cervical node	6	1748	GSDMA	82	26	0.5	metastasis
2	Locoregional skin metastasis, left ear	6	1748	GSDMA	101	38	0.5	metastasis
3	Distant skin metastasis, back	6	1748	GSDMA	89	19	0.5	metastasis
0	Primary, left ear	6	1749	MSMB	32	14	0.5	primary
1	Lymph node metastasis, left cervical node	6	1749	MSMB	60	12	0.5	metastasis
2	Locoregional skin metastasis, left ear	6	1749	MSMB	30	8	0.5	metastasis
3	Distant skin metastasis, back	6	1749	MSMB	46	12	0.5	metastasis
0	Primary, left ear	6	1750	OR52K2	109	59	0.5	primary
1	Lymph node metastasis, left cervical node	6	1750	OR52K2	139	41	0.5	metastasis
2	Locoregional skin metastasis, left ear	6	1750	OR52K2	124	27	0.5	metastasis
3	Distant skin metastasis, back	6	1750	OR52K2	107	35	0.5	metastasis
0	Primary, left ear	7	1751	ZNF99	9	0	0.5	primary
1	Lymph node metastasis, left cervical node	7	1751	ZNF99	9	4	0.5	metastasis
2	Locoregional skin metastasis, left ear	7	1751	ZNF99	6	0	0.5	metastasis
3	Distant skin metastasis, back	7	1751	ZNF99	10	0	0.5	metastasis
0	Primary, left ear	1	1752	MLYCD	116	35	0.5	primary
1	Lymph node metastasis, left cervical node	1	1752	MLYCD	107	34	0.5	metastasis
2	Locoregional skin metastasis, left ear	1	1752	MLYCD	158	40	0.5	metastasis
3	Distant skin metastasis, back	1	1752	MLYCD	96	37	0.5	metastasis
0	Primary, left ear	7	1753	ZNF695	198	71	0.5	primary
1	Lymph node metastasis, left cervical node	7	1753	ZNF695	260	115	0.5	metastasis
2	Locoregional skin metastasis, left ear	7	1753	ZNF695	115	24	0.5	metastasis
3	Distant skin metastasis, back	7	1753	ZNF695	267	76	0.5	metastasis
0	Primary, left ear	6	1754	NKX2-4	178	92	0.5	primary
1	Lymph node metastasis, left cervical node	6	1754	NKX2-4	205	61	0.5	metastasis
2	Locoregional skin metastasis, left ear	6	1754	NKX2-4	319	85	0.5	metastasis
3	Distant skin metastasis, back	6	1754	NKX2-4	194	70	0.5	metastasis
0	Primary, left ear	2	1755	DSG2	130	63	0.5	primary
1	Lymph node metastasis, left cervical node	2	1755	DSG2	167	67	0.5	metastasis
2	Locoregional skin metastasis, left ear	2	1755	DSG2	73	23	0.5	metastasis
3	Distant skin metastasis, back	2	1755	DSG2	156	45	0.5	metastasis
0	Primary, left ear	2	1756	ALX4	60	36	0.5	primary
1	Lymph node metastasis, left cervical node	2	1756	ALX4	59	20	0.5	metastasis
2	Locoregional skin metastasis, left ear	2	1756	ALX4	72	23	0.5	metastasis
3	Distant skin metastasis, back	2	1756	ALX4	62	17	0.5	metastasis
0	Primary, left ear	2	1757	DHX8	20	11	0.5	primary
1	Lymph node metastasis, left cervical node	2	1757	DHX8	19	16	0.5	metastasis
2	Locoregional skin metastasis, left ear	2	1757	DHX8	29	6	0.5	metastasis
3	Distant skin metastasis, back	2	1757	DHX8	13	5	0.5	metastasis
0	Primary, left ear	2	1758	IGFBP4	208	79	0.5	primary
1	Lymph node metastasis, left cervical node	2	1758	IGFBP4	226	91	0.5	metastasis
2	Locoregional skin metastasis, left ear	2	1758	IGFBP4	308	65	0.5	metastasis
3	Distant skin metastasis, back	2	1758	IGFBP4	195	96	0.5	metastasis
0	Primary, left ear	7	1759	ACMSD	243	112	0.5	primary
1	Lymph node metastasis, left cervical node	7	1759	ACMSD	348	121	0.5	metastasis
2	Locoregional skin metastasis, left ear	7	1759	ACMSD	352	71	0.5	metastasis
3	Distant skin metastasis, back	7	1759	ACMSD	281	87	0.5	metastasis
0	Primary, left ear	2	1760	ANKRD30A	25	15	0.5	primary
1	Lymph node metastasis, left cervical node	2	1760	ANKRD30A	30	18	0.5	metastasis
2	Locoregional skin metastasis, left ear	2	1760	ANKRD30A	19	3	0.5	metastasis
3	Distant skin metastasis, back	2	1760	ANKRD30A	41	15	0.5	metastasis
0	Primary, left ear	2	1761	ANKUB1	163	75	0.5	primary
1	Lymph node metastasis, left cervical node	2	1761	ANKUB1	174	69	0.5	metastasis
2	Locoregional skin metastasis, left ear	2	1761	ANKUB1	63	14	0.5	metastasis
3	Distant skin metastasis, back	2	1761	ANKUB1	152	59	0.5	metastasis
0	Primary, left ear	2	1762	LOC401010	16	14	0.5	primary
1	Lymph node metastasis, left cervical node	2	1762	LOC401010	22	6	0.5	metastasis
2	Locoregional skin metastasis, left ear	2	1762	LOC401010	23	7	0.5	metastasis
3	Distant skin metastasis, back	2	1762	LOC401010	22	5	0.5	metastasis
0	Primary, left ear	6	1763	DNAH9	353	179	0.5	primary
1	Lymph node metastasis, left cervical node	6	1763	DNAH9	387	128	0.5	metastasis
2	Locoregional skin metastasis, left ear	6	1763	DNAH9	453	83	0.5	metastasis
3	Distant skin metastasis, back	6	1763	DNAH9	371	99	0.5	metastasis
0	Primary, left ear	2	1764	MYH4	543	236	0.5	primary
1	Lymph node metastasis, left cervical node	2	1764	MYH4	571	210	0.5	metastasis
2	Locoregional skin metastasis, left ear	2	1764	MYH4	334	81	0.5	metastasis
3	Distant skin metastasis, back	2	1764	MYH4	446	171	0.5	metastasis
0	Primary, left ear	6	1765	LIPG	241	107	0.5	primary
1	Lymph node metastasis, left cervical node	6	1765	LIPG	357	90	0.5	metastasis
2	Locoregional skin metastasis, left ear	6	1765	LIPG	452	101	0.5	metastasis
3	Distant skin metastasis, back	6	1765	LIPG	314	105	0.5	metastasis
0	Primary, left ear	7	1766	C11orf41	293	138	0.5	primary
1	Lymph node metastasis, left cervical node	7	1766	C11orf41	343	122	0.5	metastasis
2	Locoregional skin metastasis, left ear	7	1766	C11orf41	381	75	0.5	metastasis
3	Distant skin metastasis, back	7	1766	C11orf41	341	86	0.5	metastasis
0	Primary, left ear	3	1767	ABO	271	104	0.5	primary
1	Lymph node metastasis, left cervical node	3	1767	ABO	286	83	0.5	metastasis
2	Locoregional skin metastasis, left ear	3	1767	ABO	360	70	0.5	metastasis
3	Distant skin metastasis, back	3	1767	ABO	292	62	0.5	metastasis
0	Primary, left ear	7	1768	FMN2	447	199	0.5	primary
1	Lymph node metastasis, left cervical node	7	1768	FMN2	476	166	0.5	metastasis
2	Locoregional skin metastasis, left ear	7	1768	FMN2	569	114	0.5	metastasis
3	Distant skin metastasis, back	7	1768	FMN2	467	142	0.5	metastasis
0	Primary, left ear	7	1769	METTL11B	119	52	0.5	primary
1	Lymph node metastasis, left cervical node	7	1769	METTL11B	112	45	0.5	metastasis
2	Locoregional skin metastasis, left ear	7	1769	METTL11B	98	18	0.5	metastasis
3	Distant skin metastasis, back	7	1769	METTL11B	97	22	0.5	metastasis
0	Primary, left ear	4	1770	RIMKLA	231	96	0.5	primary
1	Lymph node metastasis, left cervical node	4	1770	RIMKLA	263	68	0.5	metastasis
2	Locoregional skin metastasis, left ear	4	1770	RIMKLA	192	33	0.5	metastasis
3	Distant skin metastasis, back	4	1770	RIMKLA	290	102	0.5	metastasis
0	Primary, left ear	2	1771	VPS33A	83	43	0.5	primary
1	Lymph node metastasis, left cervical node	2	1771	VPS33A	93	32	0.5	metastasis
2	Locoregional skin metastasis, left ear	2	1771	VPS33A	39	16	0.5	metastasis
3	Distant skin metastasis, back	2	1771	VPS33A	64	39	0.5	metastasis
0	Primary, left ear	6	1772	ATP2A1	68	41	0.5	primary
1	Lymph node metastasis, left cervical node	6	1772	ATP2A1	151	42	0.5	metastasis
2	Locoregional skin metastasis, left ear	6	1772	ATP2A1	159	28	0.5	metastasis
3	Distant skin metastasis, back	6	1772	ATP2A1	142	30	0.5	metastasis
0	Primary, left ear	6	1773	CDK5RAP2	111	49	0.5	primary
1	Lymph node metastasis, left cervical node	6	1773	CDK5RAP2	128	29	0.5	metastasis
2	Locoregional skin metastasis, left ear	6	1773	CDK5RAP2	52	11	0.5	metastasis
3	Distant skin metastasis, back	6	1773	CDK5RAP2	109	37	0.5	metastasis
0	Primary, left ear	6	1774	OR51M1	199	111	0.5	primary
1	Lymph node metastasis, left cervical node	6	1774	OR51M1	210	75	0.5	metastasis
2	Locoregional skin metastasis, left ear	6	1774	OR51M1	164	40	0.5	metastasis
3	Distant skin metastasis, back	6	1774	OR51M1	213	61	0.5	metastasis
0	Primary, left ear	2	1775	SLC41A1	85	48	0.5	primary
1	Lymph node metastasis, left cervical node	2	1775	SLC41A1	121	63	0.5	metastasis
2	Locoregional skin metastasis, left ear	2	1775	SLC41A1	103	22	0.5	metastasis
3	Distant skin metastasis, back	2	1775	SLC41A1	81	31	0.5	metastasis
0	Primary, left ear	2	1776	CDC42BPG	12	11	0.5	primary
1	Lymph node metastasis, left cervical node	2	1776	CDC42BPG	19	10	0.5	metastasis
2	Locoregional skin metastasis, left ear	2	1776	CDC42BPG	39	7	0.5	metastasis
3	Distant skin metastasis, back	2	1776	CDC42BPG	24	8	0.5	metastasis
0	Primary, left ear	6	1777	CMTM1	432	191	0.5	primary
1	Lymph node metastasis, left cervical node	6	1777	CMTM1	453	141	0.5	metastasis
2	Locoregional skin metastasis, left ear	6	1777	CMTM1	513	134	0.5	metastasis
3	Distant skin metastasis, back	6	1777	CMTM1	447	139	0.5	metastasis
0	Primary, left ear	2	1778	ABCA5	178	97	0.5	primary
1	Lymph node metastasis, left cervical node	2	1778	ABCA5	193	83	0.5	metastasis
2	Locoregional skin metastasis, left ear	2	1778	ABCA5	167	37	0.5	metastasis
3	Distant skin metastasis, back	2	1778	ABCA5	175	82	0.5	metastasis
0	Primary, left ear	2	1779	IL20RA	32	22	0.5	primary
1	Lymph node metastasis, left cervical node	2	1779	IL20RA	33	12	0.5	metastasis
2	Locoregional skin metastasis, left ear	2	1779	IL20RA	12	6	0.5	metastasis
3	Distant skin metastasis, back	2	1779	IL20RA	35	13	0.5	metastasis
0	Primary, left ear	7	1780	TNN	127	57	0.5	primary
1	Lymph node metastasis, left cervical node	7	1780	TNN	131	50	0.5	metastasis
2	Locoregional skin metastasis, left ear	7	1780	TNN	145	31	0.5	metastasis
3	Distant skin metastasis, back	7	1780	TNN	122	34	0.5	metastasis
0	Primary, left ear	1	1781	RYR2	128	62	0.5	primary
1	Lymph node metastasis, left cervical node	1	1781	RYR2	180	43	0.5	metastasis
2	Locoregional skin metastasis, left ear	1	1781	RYR2	209	37	0.5	metastasis
3	Distant skin metastasis, back	1	1781	RYR2	115	58	0.5	metastasis
0	Primary, left ear	2	1782	DDX20	29	16	0.5	primary
1	Lymph node metastasis, left cervical node	2	1782	DDX20	30	11	0.5	metastasis
2	Locoregional skin metastasis, left ear	2	1782	DDX20	35	6	0.5	metastasis
3	Distant skin metastasis, back	2	1782	DDX20	31	18	0.5	metastasis
0	Primary, left ear	4	1783	TMEM132B	105	32	0.5	primary
1	Lymph node metastasis, left cervical node	4	1783	TMEM132B	111	32	0.5	metastasis
2	Locoregional skin metastasis, left ear	4	1783	TMEM132B	126	22	0.5	metastasis
3	Distant skin metastasis, back	4	1783	TMEM132B	110	34	0.5	metastasis
0	Primary, left ear	2	1784	DCHS1	192	88	0.5	primary
1	Lymph node metastasis, left cervical node	2	1784	DCHS1	197	68	0.5	metastasis
2	Locoregional skin metastasis, left ear	2	1784	DCHS1	255	58	0.5	metastasis
3	Distant skin metastasis, back	2	1784	DCHS1	205	95	0.5	metastasis
0	Primary, left ear	2	1785	TRAFD1	19	16	0.5	primary
1	Lymph node metastasis, left cervical node	2	1785	TRAFD1	28	8	0.5	metastasis
2	Locoregional skin metastasis, left ear	2	1785	TRAFD1	21	7	0.5	metastasis
3	Distant skin metastasis, back	2	1785	TRAFD1	30	12	0.5	metastasis
0	Primary, left ear	1	1786	ITGA3	178	94	0.5	primary
1	Lymph node metastasis, left cervical node	1	1786	ITGA3	191	52	0.5	metastasis
2	Locoregional skin metastasis, left ear	1	1786	ITGA3	190	48	0.5	metastasis
3	Distant skin metastasis, back	1	1786	ITGA3	168	85	0.5	metastasis
0	Primary, left ear	2	1787	FZD5	53	33	0.5	primary
1	Lymph node metastasis, left cervical node	2	1787	FZD5	51	25	0.5	metastasis
2	Locoregional skin metastasis, left ear	2	1787	FZD5	68	16	0.5	metastasis
3	Distant skin metastasis, back	2	1787	FZD5	67	33	0.5	metastasis
0	Primary, left ear	2	1788	BRIP1	38	17	0.5	primary
1	Lymph node metastasis, left cervical node	2	1788	BRIP1	57	21	0.5	metastasis
2	Locoregional skin metastasis, left ear	2	1788	BRIP1	24	6	0.5	metastasis
3	Distant skin metastasis, back	2	1788	BRIP1	35	18	0.5	metastasis
0	Primary, left ear	7	1789	IL1R1	252	94	0.5	primary
1	Lymph node metastasis, left cervical node	7	1789	IL1R1	273	108	0.5	metastasis
2	Locoregional skin metastasis, left ear	7	1789	IL1R1	96	15	0.5	metastasis
3	Distant skin metastasis, back	7	1789	IL1R1	229	83	0.5	metastasis
0	Primary, left ear	2	1790	HECTD3	51	24	0.5	primary
1	Lymph node metastasis, left cervical node	2	1790	HECTD3	52	21	0.5	metastasis
2	Locoregional skin metastasis, left ear	2	1790	HECTD3	62	15	0.5	metastasis
3	Distant skin metastasis, back	2	1790	HECTD3	57	27	0.5	metastasis
0	Primary, left ear	2	1791	GRB14	41	16	0.5	primary
1	Lymph node metastasis, left cervical node	2	1791	GRB14	34	10	0.5	metastasis
2	Locoregional skin metastasis, left ear	2	1791	GRB14	20	7	0.5	metastasis
3	Distant skin metastasis, back	2	1791	GRB14	37	13	0.5	metastasis
0	Primary, left ear	2	1792	RBBP5	365	142	0.5	primary
1	Lymph node metastasis, left cervical node	2	1792	RBBP5	396	144	0.5	metastasis
2	Locoregional skin metastasis, left ear	2	1792	RBBP5	179	63	0.5	metastasis
3	Distant skin metastasis, back	2	1792	RBBP5	352	135	0.5	metastasis
0	Primary, left ear	2	1793	CNTN2	14	9	0.5	primary
1	Lymph node metastasis, left cervical node	2	1793	CNTN2	24	7	0.5	metastasis
2	Locoregional skin metastasis, left ear	2	1793	CNTN2	41	5	0.5	metastasis
3	Distant skin metastasis, back	2	1793	CNTN2	14	8	0.5	metastasis
0	Primary, left ear	6	1794	OTOL1	74	51	0.5	primary
1	Lymph node metastasis, left cervical node	6	1794	OTOL1	107	30	0.5	metastasis
2	Locoregional skin metastasis, left ear	6	1794	OTOL1	75	25	0.5	metastasis
3	Distant skin metastasis, back	6	1794	OTOL1	79	10	0.5	metastasis
0	Primary, left ear	2	1795	ALK	22	10	0.5	primary
1	Lymph node metastasis, left cervical node	2	1795	ALK	26	8	0.5	metastasis
2	Locoregional skin metastasis, left ear	2	1795	ALK	40	6	0.5	metastasis
3	Distant skin metastasis, back	2	1795	ALK	19	9	0.5	metastasis
0	Primary, left ear	2	1796	DEPDC5	54	17	0.5	primary
1	Lymph node metastasis, left cervical node	2	1796	DEPDC5	85	28	0.5	metastasis
2	Locoregional skin metastasis, left ear	2	1796	DEPDC5	78	31	0.5	metastasis
3	Distant skin metastasis, back	2	1796	DEPDC5	41	31	0.5	metastasis
0	Primary, left ear	2	1797	KCTD3	84	50	0.5	primary
1	Lymph node metastasis, left cervical node	2	1797	KCTD3	105	38	0.5	metastasis
2	Locoregional skin metastasis, left ear	2	1797	KCTD3	36	11	0.5	metastasis
3	Distant skin metastasis, back	2	1797	KCTD3	80	29	0.5	metastasis
0	Primary, left ear	5	1798	CCDC88B	30	9	0.5	primary
1	Lymph node metastasis, left cervical node	5	1798	CCDC88B	48	2	0.5	metastasis
2	Locoregional skin metastasis, left ear	5	1798	CCDC88B	58	7	0.5	metastasis
3	Distant skin metastasis, back	5	1798	CCDC88B	47	8	0.5	metastasis
0	Primary, left ear	2	1799	RPA1	28	14	0.5	primary
1	Lymph node metastasis, left cervical node	2	1799	RPA1	26	13	0.5	metastasis
2	Locoregional skin metastasis, left ear	2	1799	RPA1	28	11	0.5	metastasis
3	Distant skin metastasis, back	2	1799	RPA1	27	11	0.5	metastasis
0	Primary, left ear	4	1800	TRPM2	178	86	0.5	primary
1	Lymph node metastasis, left cervical node	4	1800	TRPM2	296	60	0.5	metastasis
2	Locoregional skin metastasis, left ear	4	1800	TRPM2	355	51	0.5	metastasis
3	Distant skin metastasis, back	4	1800	TRPM2	249	76	0.5	metastasis
0	Primary, left ear	6	1801	DNAH10	56	25	0.5	primary
1	Lymph node metastasis, left cervical node	6	1801	DNAH10	52	14	0.5	metastasis
2	Locoregional skin metastasis, left ear	6	1801	DNAH10	81	16	0.5	metastasis
3	Distant skin metastasis, back	6	1801	DNAH10	60	12	0.5	metastasis
0	Primary, left ear	2	1802	DZANK1	180	80	0.5	primary
1	Lymph node metastasis, left cervical node	2	1802	DZANK1	152	68	0.5	metastasis
2	Locoregional skin metastasis, left ear	2	1802	DZANK1	120	31	0.5	metastasis
3	Distant skin metastasis, back	2	1802	DZANK1	183	73	0.5	metastasis
0	Primary, left ear	4	1803	ABHD12B	104	42	0.5	primary
1	Lymph node metastasis, left cervical node	4	1803	ABHD12B	117	36	0.5	metastasis
2	Locoregional skin metastasis, left ear	4	1803	ABHD12B	55	4	0.5	metastasis
3	Distant skin metastasis, back	4	1803	ABHD12B	112	27	0.5	metastasis
0	Primary, left ear	2	1804	EPS8L3	259	128	0.5	primary
1	Lymph node metastasis, left cervical node	2	1804	EPS8L3	279	116	0.5	metastasis
2	Locoregional skin metastasis, left ear	2	1804	EPS8L3	282	57	0.5	metastasis
3	Distant skin metastasis, back	2	1804	EPS8L3	268	95	0.5	metastasis
0	Primary, left ear	2	1805	SLC47A1	60	23	0.5	primary
1	Lymph node metastasis, left cervical node	2	1805	SLC47A1	57	41	0.5	metastasis
2	Locoregional skin metastasis, left ear	2	1805	SLC47A1	74	20	0.5	metastasis
3	Distant skin metastasis, back	2	1805	SLC47A1	62	26	0.5	metastasis
0	Primary, left ear	4	1806	ZNF518A	204	76	0.5	primary
1	Lymph node metastasis, left cervical node	4	1806	ZNF518A	271	79	0.5	metastasis
2	Locoregional skin metastasis, left ear	4	1806	ZNF518A	102	24	0.5	metastasis
3	Distant skin metastasis, back	4	1806	ZNF518A	216	71	0.5	metastasis
0	Primary, left ear	6	1807	CD2	73	43	0.5	primary
1	Lymph node metastasis, left cervical node	6	1807	CD2	113	38	0.5	metastasis
2	Locoregional skin metastasis, left ear	6	1807	CD2	124	21	0.5	metastasis
3	Distant skin metastasis, back	6	1807	CD2	103	35	0.5	metastasis
0	Primary, left ear	2	1808	FSIP2	243	126	0.5	primary
1	Lymph node metastasis, left cervical node	2	1808	FSIP2	268	100	0.5	metastasis
2	Locoregional skin metastasis, left ear	2	1808	FSIP2	96	24	0.5	metastasis
3	Distant skin metastasis, back	2	1808	FSIP2	222	76	0.5	metastasis
0	Primary, left ear	6	1809	ZPLD1	328	163	0.5	primary
1	Lymph node metastasis, left cervical node	6	1809	ZPLD1	335	106	0.5	metastasis
2	Locoregional skin metastasis, left ear	6	1809	ZPLD1	125	28	0.5	metastasis
3	Distant skin metastasis, back	6	1809	ZPLD1	323	106	0.5	metastasis
0	Primary, left ear	2	1810	MUC16	150	87	0.5	primary
1	Lymph node metastasis, left cervical node	2	1810	MUC16	206	75	0.5	metastasis
2	Locoregional skin metastasis, left ear	2	1810	MUC16	133	23	0.5	metastasis
3	Distant skin metastasis, back	2	1810	MUC16	153	58	0.5	metastasis
0	Primary, left ear	6	1811	GGTA1P	276	121	0.5	primary
1	Lymph node metastasis, left cervical node	6	1811	GGTA1P	349	90	0.5	metastasis
2	Locoregional skin metastasis, left ear	6	1811	GGTA1P	191	40	0.5	metastasis
3	Distant skin metastasis, back	6	1811	GGTA1P	326	90	0.5	metastasis
0	Primary, left ear	2	1812	TMPRSS6	34	17	0.5	primary
1	Lymph node metastasis, left cervical node	2	1812	TMPRSS6	45	25	0.5	metastasis
2	Locoregional skin metastasis, left ear	2	1812	TMPRSS6	57	10	0.5	metastasis
3	Distant skin metastasis, back	2	1812	TMPRSS6	38	15	0.5	metastasis
0	Primary, left ear	6	1813	OR52K2	416	199	0.5	primary
1	Lymph node metastasis, left cervical node	6	1813	OR52K2	484	159	0.5	metastasis
2	Locoregional skin metastasis, left ear	6	1813	OR52K2	507	106	0.5	metastasis
3	Distant skin metastasis, back	6	1813	OR52K2	365	117	0.5	metastasis
0	Primary, left ear	2	1814	ROS1	156	58	0.5	primary
1	Lymph node metastasis, left cervical node	2	1814	ROS1	149	65	0.5	metastasis
2	Locoregional skin metastasis, left ear	2	1814	ROS1	68	22	0.5	metastasis
3	Distant skin metastasis, back	2	1814	ROS1	118	59	0.5	metastasis
0	Primary, left ear	7	1815	UNC13D	155	57	0.5	primary
1	Lymph node metastasis, left cervical node	7	1815	UNC13D	194	69	0.5	metastasis
2	Locoregional skin metastasis, left ear	7	1815	UNC13D	201	44	0.5	metastasis
3	Distant skin metastasis, back	7	1815	UNC13D	181	65	0.5	metastasis
0	Primary, left ear	6	1816	MYH8	65	27	0.5	primary
1	Lymph node metastasis, left cervical node	6	1816	MYH8	82	25	0.5	metastasis
2	Locoregional skin metastasis, left ear	6	1816	MYH8	49	9	0.5	metastasis
3	Distant skin metastasis, back	6	1816	MYH8	74	19	0.5	metastasis
0	Primary, left ear	1	1817	AKD1	88	36	0.5	primary
1	Lymph node metastasis, left cervical node	1	1817	AKD1	65	20	0.5	metastasis
2	Locoregional skin metastasis, left ear	1	1817	AKD1	43	8	0.5	metastasis
3	Distant skin metastasis, back	1	1817	AKD1	65	27	0.5	metastasis
0	Primary, left ear	2	1818	UBE2O	146	87	0.5	primary
1	Lymph node metastasis, left cervical node	2	1818	UBE2O	178	70	0.5	metastasis
2	Locoregional skin metastasis, left ear	2	1818	UBE2O	226	57	0.5	metastasis
3	Distant skin metastasis, back	2	1818	UBE2O	205	82	0.5	metastasis
0	Primary, left ear	6	1819	RPH3A	54	35	0.5	primary
1	Lymph node metastasis, left cervical node	6	1819	RPH3A	75	29	0.5	metastasis
2	Locoregional skin metastasis, left ear	6	1819	RPH3A	81	22	0.5	metastasis
3	Distant skin metastasis, back	6	1819	RPH3A	68	9	0.5	metastasis
0	Primary, left ear	7	1820	ZNF423	112	56	0.5	primary
1	Lymph node metastasis, left cervical node	7	1820	ZNF423	118	51	0.5	metastasis
2	Locoregional skin metastasis, left ear	7	1820	ZNF423	164	27	0.5	metastasis
3	Distant skin metastasis, back	7	1820	ZNF423	125	40	0.5	metastasis
0	Primary, left ear	1	1821	CDH15	108	31	0.5	primary
1	Lymph node metastasis, left cervical node	1	1821	CDH15	109	23	0.5	metastasis
2	Locoregional skin metastasis, left ear	1	1821	CDH15	120	27	0.5	metastasis
3	Distant skin metastasis, back	1	1821	CDH15	94	42	0.5	metastasis
0	Primary, left ear	7	1822	CLTCL1	69	33	0.5	primary
1	Lymph node metastasis, left cervical node	7	1822	CLTCL1	88	31	0.5	metastasis
2	Locoregional skin metastasis, left ear	7	1822	CLTCL1	119	15	0.5	metastasis
3	Distant skin metastasis, back	7	1822	CLTCL1	78	23	0.5	metastasis
0	Primary, left ear	7	1823	COL5A3	28	13	0.5	primary
1	Lymph node metastasis, left cervical node	7	1823	COL5A3	46	19	0.5	metastasis
2	Locoregional skin metastasis, left ear	7	1823	COL5A3	28	7	0.5	metastasis
3	Distant skin metastasis, back	7	1823	COL5A3	57	14	0.5	metastasis
0	Primary, left ear	2	1824	HEATR3	35	17	0.5	primary
1	Lymph node metastasis, left cervical node	2	1824	HEATR3	43	17	0.5	metastasis
2	Locoregional skin metastasis, left ear	2	1824	HEATR3	15	7	0.5	metastasis
3	Distant skin metastasis, back	2	1824	HEATR3	39	19	0.5	metastasis
0	Primary, left ear	6	1825	PDE7B	40	20	0.5	primary
1	Lymph node metastasis, left cervical node	6	1825	PDE7B	56	17	0.5	metastasis
2	Locoregional skin metastasis, left ear	6	1825	PDE7B	13	5	0.5	metastasis
3	Distant skin metastasis, back	6	1825	PDE7B	37	5	0.5	metastasis
0	Primary, left ear	2	1826	ASH1L	221	123	0.5	primary
1	Lymph node metastasis, left cervical node	2	1826	ASH1L	316	100	0.5	metastasis
2	Locoregional skin metastasis, left ear	2	1826	ASH1L	118	27	0.5	metastasis
3	Distant skin metastasis, back	2	1826	ASH1L	269	117	0.5	metastasis
0	Primary, left ear	6	1827	PIK3AP1	9	6	0.5	primary
1	Lymph node metastasis, left cervical node	6	1827	PIK3AP1	12	3	0.5	metastasis
2	Locoregional skin metastasis, left ear	6	1827	PIK3AP1	6	1	0.5	metastasis
3	Distant skin metastasis, back	6	1827	PIK3AP1	16	2	0.5	metastasis
0	Primary, left ear	4	1828	GJA10	130	50	0.5	primary
1	Lymph node metastasis, left cervical node	4	1828	GJA10	136	40	0.5	metastasis
2	Locoregional skin metastasis, left ear	4	1828	GJA10	80	11	0.5	metastasis
3	Distant skin metastasis, back	4	1828	GJA10	145	46	0.5	metastasis
0	Primary, left ear	2	1829	VWCE	43	20	0.5	primary
1	Lymph node metastasis, left cervical node	2	1829	VWCE	45	22	0.5	metastasis
2	Locoregional skin metastasis, left ear	2	1829	VWCE	47	9	0.5	metastasis
3	Distant skin metastasis, back	2	1829	VWCE	38	22	0.5	metastasis
0	Primary, left ear	2	1830	MAS1	309	179	0.5	primary
1	Lymph node metastasis, left cervical node	2	1830	MAS1	379	152	0.5	metastasis
2	Locoregional skin metastasis, left ear	2	1830	MAS1	443	96	0.5	metastasis
3	Distant skin metastasis, back	2	1830	MAS1	324	129	0.5	metastasis
0	Primary, left ear	1	1831	RPL3	60	32	0.5	primary
1	Lymph node metastasis, left cervical node	1	1831	RPL3	74	20	0.5	metastasis
2	Locoregional skin metastasis, left ear	1	1831	RPL3	102	21	0.5	metastasis
3	Distant skin metastasis, back	1	1831	RPL3	76	43	0.5	metastasis
0	Primary, left ear	2	1832	PPIH	33	16	0.5	primary
1	Lymph node metastasis, left cervical node	2	1832	PPIH	31	16	0.5	metastasis
2	Locoregional skin metastasis, left ear	2	1832	PPIH	23	8	0.5	metastasis
3	Distant skin metastasis, back	2	1832	PPIH	41	13	0.5	metastasis
0	Primary, left ear	6	1833	ART5	167	85	0.5	primary
1	Lymph node metastasis, left cervical node	6	1833	ART5	213	69	0.5	metastasis
2	Locoregional skin metastasis, left ear	6	1833	ART5	218	45	0.5	metastasis
3	Distant skin metastasis, back	6	1833	ART5	204	73	0.5	metastasis
0	Primary, left ear	7	1834	TCTE3	170	62	0.5	primary
1	Lymph node metastasis, left cervical node	7	1834	TCTE3	156	68	0.5	metastasis
2	Locoregional skin metastasis, left ear	7	1834	TCTE3	173	22	0.5	metastasis
3	Distant skin metastasis, back	7	1834	TCTE3	152	45	0.5	metastasis
0	Primary, left ear	4	1835	ABCB11	312	119	0.5	primary
1	Lymph node metastasis, left cervical node	4	1835	ABCB11	338	99	0.5	metastasis
2	Locoregional skin metastasis, left ear	4	1835	ABCB11	155	23	0.5	metastasis
3	Distant skin metastasis, back	4	1835	ABCB11	306	89	0.5	metastasis
0	Primary, left ear	5	1836	DOCK10	173	0	0.5	primary
1	Lymph node metastasis, left cervical node	5	1836	DOCK10	170	41	0.5	metastasis
2	Locoregional skin metastasis, left ear	5	1836	DOCK10	78	0	0.5	metastasis
3	Distant skin metastasis, back	5	1836	DOCK10	146	40	0.5	metastasis
0	Primary, left ear	2	1837	APOBR	21	8	0.5	primary
1	Lymph node metastasis, left cervical node	2	1837	APOBR	27	14	0.5	metastasis
2	Locoregional skin metastasis, left ear	2	1837	APOBR	34	6	0.5	metastasis
3	Distant skin metastasis, back	2	1837	APOBR	29	9	0.5	metastasis
0	Primary, left ear	2	1838	MUC16	73	35	0.5	primary
1	Lymph node metastasis, left cervical node	2	1838	MUC16	92	53	0.5	metastasis
2	Locoregional skin metastasis, left ear	2	1838	MUC16	65	12	0.5	metastasis
3	Distant skin metastasis, back	2	1838	MUC16	80	33	0.5	metastasis
0	Primary, left ear	7	1839	CD53	113	50	0.5	primary
1	Lymph node metastasis, left cervical node	7	1839	CD53	147	51	0.5	metastasis
2	Locoregional skin metastasis, left ear	7	1839	CD53	118	30	0.5	metastasis
3	Distant skin metastasis, back	7	1839	CD53	131	28	0.5	metastasis
0	Primary, left ear	2	1840	ESR1	79	49	0.5	primary
1	Lymph node metastasis, left cervical node	2	1840	ESR1	93	30	0.5	metastasis
2	Locoregional skin metastasis, left ear	2	1840	ESR1	71	15	0.5	metastasis
3	Distant skin metastasis, back	2	1840	ESR1	70	36	0.5	metastasis
0	Primary, left ear	7	1841	ABCC11	42	12	0.5	primary
1	Lymph node metastasis, left cervical node	7	1841	ABCC11	39	17	0.5	metastasis
2	Locoregional skin metastasis, left ear	7	1841	ABCC11	42	12	0.5	metastasis
3	Distant skin metastasis, back	7	1841	ABCC11	36	7	0.5	metastasis
0	Primary, left ear	1	1842	PTGS1	139	59	0.5	primary
1	Lymph node metastasis, left cervical node	1	1842	PTGS1	129	38	0.5	metastasis
2	Locoregional skin metastasis, left ear	1	1842	PTGS1	147	35	0.5	metastasis
3	Distant skin metastasis, back	1	1842	PTGS1	137	59	0.5	metastasis
0	Primary, left ear	2	1843	MAP7D1	90	47	0.5	primary
1	Lymph node metastasis, left cervical node	2	1843	MAP7D1	116	51	0.5	metastasis
2	Locoregional skin metastasis, left ear	2	1843	MAP7D1	110	22	0.5	metastasis
3	Distant skin metastasis, back	2	1843	MAP7D1	97	62	0.5	metastasis
0	Primary, left ear	1	1844	OR5M3	78	33	0.5	primary
1	Lymph node metastasis, left cervical node	1	1844	OR5M3	116	31	0.5	metastasis
2	Locoregional skin metastasis, left ear	1	1844	OR5M3	44	18	0.5	metastasis
3	Distant skin metastasis, back	1	1844	OR5M3	93	37	0.5	metastasis
0	Primary, left ear	1	1845	GRXCR1	239	102	0.5	primary
1	Lymph node metastasis, left cervical node	1	1845	GRXCR1	273	85	0.5	metastasis
2	Locoregional skin metastasis, left ear	1	1845	GRXCR1	360	68	0.5	metastasis
3	Distant skin metastasis, back	1	1845	GRXCR1	234	87	0.5	metastasis
0	Primary, left ear	2	1846	CLMN	86	51	0.5	primary
1	Lymph node metastasis, left cervical node	2	1846	CLMN	110	41	0.5	metastasis
2	Locoregional skin metastasis, left ear	2	1846	CLMN	136	32	0.5	metastasis
3	Distant skin metastasis, back	2	1846	CLMN	96	34	0.5	metastasis
0	Primary, left ear	7	1847	SLC35F4	59	26	0.5	primary
1	Lymph node metastasis, left cervical node	7	1847	SLC35F4	71	22	0.5	metastasis
2	Locoregional skin metastasis, left ear	7	1847	SLC35F4	46	7	0.5	metastasis
3	Distant skin metastasis, back	7	1847	SLC35F4	78	21	0.5	metastasis
0	Primary, left ear	7	1848	MYH2	270	129	0.5	primary
1	Lymph node metastasis, left cervical node	7	1848	MYH2	233	93	0.5	metastasis
2	Locoregional skin metastasis, left ear	7	1848	MYH2	88	28	0.5	metastasis
3	Distant skin metastasis, back	7	1848	MYH2	215	60	0.5	metastasis
0	Primary, left ear	4	1849	ASPM	55	16	0.5	primary
1	Lymph node metastasis, left cervical node	4	1849	ASPM	47	10	0.5	metastasis
2	Locoregional skin metastasis, left ear	4	1849	ASPM	23	7	0.5	metastasis
3	Distant skin metastasis, back	4	1849	ASPM	35	7	0.5	metastasis
0	Primary, left ear	6	1850	MYO18B	180	117	0.5	primary
1	Lymph node metastasis, left cervical node	6	1850	MYO18B	188	56	0.5	metastasis
2	Locoregional skin metastasis, left ear	6	1850	MYO18B	275	56	0.5	metastasis
3	Distant skin metastasis, back	6	1850	MYO18B	188	58	0.5	metastasis
0	Primary, left ear	6	1851	SERINC2	27	12	0.5	primary
1	Lymph node metastasis, left cervical node	6	1851	SERINC2	40	10	0.5	metastasis
2	Locoregional skin metastasis, left ear	6	1851	SERINC2	44	10	0.5	metastasis
3	Distant skin metastasis, back	6	1851	SERINC2	49	10	0.5	metastasis
0	Primary, left ear	2	1852	WNK2	87	39	0.5	primary
1	Lymph node metastasis, left cervical node	2	1852	WNK2	77	32	0.5	metastasis
2	Locoregional skin metastasis, left ear	2	1852	WNK2	112	20	0.5	metastasis
3	Distant skin metastasis, back	2	1852	WNK2	69	28	0.5	metastasis
0	Primary, left ear	2	1853	KAT2A	77	56	0.5	primary
1	Lymph node metastasis, left cervical node	2	1853	KAT2A	125	44	0.5	metastasis
2	Locoregional skin metastasis, left ear	2	1853	KAT2A	110	24	0.5	metastasis
3	Distant skin metastasis, back	2	1853	KAT2A	114	51	0.5	metastasis
0	Primary, left ear	4	1854	ZP2	158	64	0.5	primary
1	Lymph node metastasis, left cervical node	4	1854	ZP2	248	76	0.5	metastasis
2	Locoregional skin metastasis, left ear	4	1854	ZP2	206	32	0.5	metastasis
3	Distant skin metastasis, back	4	1854	ZP2	195	49	0.5	metastasis
0	Primary, left ear	7	1855	SLCO2A1	55	25	0.5	primary
1	Lymph node metastasis, left cervical node	7	1855	SLCO2A1	88	30	0.5	metastasis
2	Locoregional skin metastasis, left ear	7	1855	SLCO2A1	76	12	0.5	metastasis
3	Distant skin metastasis, back	7	1855	SLCO2A1	100	34	0.5	metastasis
0	Primary, left ear	2	1856	KLHL30	52	28	0.5	primary
1	Lymph node metastasis, left cervical node	2	1856	KLHL30	58	30	0.5	metastasis
2	Locoregional skin metastasis, left ear	2	1856	KLHL30	79	18	0.5	metastasis
3	Distant skin metastasis, back	2	1856	KLHL30	57	18	0.5	metastasis
0	Primary, left ear	1	1857	BZRAP1	111	55	0.5	primary
1	Lymph node metastasis, left cervical node	1	1857	BZRAP1	109	35	0.5	metastasis
2	Locoregional skin metastasis, left ear	1	1857	BZRAP1	142	26	0.5	metastasis
3	Distant skin metastasis, back	1	1857	BZRAP1	99	45	0.5	metastasis
0	Primary, left ear	2	1858	TMC8	57	35	0.5	primary
1	Lymph node metastasis, left cervical node	2	1858	TMC8	73	20	0.5	metastasis
2	Locoregional skin metastasis, left ear	2	1858	TMC8	75	23	0.5	metastasis
3	Distant skin metastasis, back	2	1858	TMC8	81	28	0.5	metastasis
0	Primary, left ear	2	1859	SYPL2	38	36	0.5	primary
1	Lymph node metastasis, left cervical node	2	1859	SYPL2	53	25	0.5	metastasis
2	Locoregional skin metastasis, left ear	2	1859	SYPL2	46	9	0.5	metastasis
3	Distant skin metastasis, back	2	1859	SYPL2	55	16	0.5	metastasis
0	Primary, left ear	2	1860	CD84	196	110	0.5	primary
1	Lymph node metastasis, left cervical node	2	1860	CD84	226	82	0.5	metastasis
2	Locoregional skin metastasis, left ear	2	1860	CD84	145	54	0.5	metastasis
3	Distant skin metastasis, back	2	1860	CD84	192	80	0.5	metastasis
0	Primary, left ear	6	1861	GRIK3	152	68	0.5	primary
1	Lymph node metastasis, left cervical node	6	1861	GRIK3	167	50	0.5	metastasis
2	Locoregional skin metastasis, left ear	6	1861	GRIK3	224	41	0.5	metastasis
3	Distant skin metastasis, back	6	1861	GRIK3	155	48	0.5	metastasis
0	Primary, left ear	2	1862	PI4K2A	109	63	0.5	primary
1	Lymph node metastasis, left cervical node	2	1862	PI4K2A	136	47	0.5	metastasis
2	Locoregional skin metastasis, left ear	2	1862	PI4K2A	163	39	0.5	metastasis
3	Distant skin metastasis, back	2	1862	PI4K2A	128	67	0.5	metastasis
0	Primary, left ear	2	1863	B7H6	170	85	0.5	primary
1	Lymph node metastasis, left cervical node	2	1863	B7H6	191	86	0.5	metastasis
2	Locoregional skin metastasis, left ear	2	1863	B7H6	172	52	0.5	metastasis
3	Distant skin metastasis, back	2	1863	B7H6	180	56	0.5	metastasis
0	Primary, left ear	1	1864	PNLDC1	165	75	0.5	primary
1	Lymph node metastasis, left cervical node	1	1864	PNLDC1	220	58	0.5	metastasis
2	Locoregional skin metastasis, left ear	1	1864	PNLDC1	73	10	0.5	metastasis
3	Distant skin metastasis, back	1	1864	PNLDC1	181	64	0.5	metastasis
0	Primary, left ear	2	1865	RBM4B	89	63	0.5	primary
1	Lymph node metastasis, left cervical node	2	1865	RBM4B	116	40	0.5	metastasis
2	Locoregional skin metastasis, left ear	2	1865	RBM4B	82	24	0.5	metastasis
3	Distant skin metastasis, back	2	1865	RBM4B	108	40	0.5	metastasis
0	Primary, left ear	2	1866	SLITRK3	159	69	0.5	primary
1	Lymph node metastasis, left cervical node	2	1866	SLITRK3	137	58	0.5	metastasis
2	Locoregional skin metastasis, left ear	2	1866	SLITRK3	140	38	0.5	metastasis
3	Distant skin metastasis, back	2	1866	SLITRK3	142	54	0.5	metastasis
0	Primary, left ear	7	1867	DEPDC5	89	44	0.5	primary
1	Lymph node metastasis, left cervical node	7	1867	DEPDC5	119	52	0.5	metastasis
2	Locoregional skin metastasis, left ear	7	1867	DEPDC5	43	11	0.5	metastasis
3	Distant skin metastasis, back	7	1867	DEPDC5	120	34	0.5	metastasis
0	Primary, left ear	1	1868	LRP2	235	100	0.5	primary
1	Lymph node metastasis, left cervical node	1	1868	LRP2	232	65	0.5	metastasis
2	Locoregional skin metastasis, left ear	1	1868	LRP2	155	46	0.5	metastasis
3	Distant skin metastasis, back	1	1868	LRP2	198	84	0.5	metastasis
0	Primary, left ear	1	1869	NRG3	159	58	0.5	primary
1	Lymph node metastasis, left cervical node	1	1869	NRG3	184	48	0.5	metastasis
2	Locoregional skin metastasis, left ear	1	1869	NRG3	157	36	0.5	metastasis
3	Distant skin metastasis, back	1	1869	NRG3	165	61	0.5	metastasis
0	Primary, left ear	6	1870	CNRIP1	244	121	0.5	primary
1	Lymph node metastasis, left cervical node	6	1870	CNRIP1	327	92	0.5	metastasis
2	Locoregional skin metastasis, left ear	6	1870	CNRIP1	227	41	0.5	metastasis
3	Distant skin metastasis, back	6	1870	CNRIP1	289	98	0.5	metastasis
0	Primary, left ear	6	1871	CDC7	187	105	0.5	primary
1	Lymph node metastasis, left cervical node	6	1871	CDC7	227	65	0.5	metastasis
2	Locoregional skin metastasis, left ear	6	1871	CDC7	63	15	0.5	metastasis
3	Distant skin metastasis, back	6	1871	CDC7	202	68	0.5	metastasis
0	Primary, left ear	6	1872	CDC42BPG	227	99	0.5	primary
1	Lymph node metastasis, left cervical node	6	1872	CDC42BPG	242	80	0.5	metastasis
2	Locoregional skin metastasis, left ear	6	1872	CDC42BPG	228	64	0.5	metastasis
3	Distant skin metastasis, back	6	1872	CDC42BPG	249	75	0.5	metastasis
0	Primary, left ear	6	1873	RNPS1	11	7	0.5	primary
1	Lymph node metastasis, left cervical node	6	1873	RNPS1	25	5	0.5	metastasis
2	Locoregional skin metastasis, left ear	6	1873	RNPS1	19	2	0.5	metastasis
3	Distant skin metastasis, back	6	1873	RNPS1	11	2	0.5	metastasis
0	Primary, left ear	3	1874	OR51B2	152	63	0.5	primary
1	Lymph node metastasis, left cervical node	3	1874	OR51B2	166	57	0.5	metastasis
2	Locoregional skin metastasis, left ear	3	1874	OR51B2	67	13	0.5	metastasis
3	Distant skin metastasis, back	3	1874	OR51B2	179	39	0.5	metastasis
0	Primary, left ear	2	1875	CBFA2T3	35	11	0.5	primary
1	Lymph node metastasis, left cervical node	2	1875	CBFA2T3	27	9	0.5	metastasis
2	Locoregional skin metastasis, left ear	2	1875	CBFA2T3	45	15	0.5	metastasis
3	Distant skin metastasis, back	2	1875	CBFA2T3	25	12	0.5	metastasis
0	Primary, left ear	2	1876	CCDC39	87	65	0.5	primary
1	Lymph node metastasis, left cervical node	2	1876	CCDC39	109	61	0.5	metastasis
2	Locoregional skin metastasis, left ear	2	1876	CCDC39	39	14	0.5	metastasis
3	Distant skin metastasis, back	2	1876	CCDC39	106	45	0.5	metastasis
0	Primary, left ear	2	1877	WDR65	21	14	0.5	primary
1	Lymph node metastasis, left cervical node	2	1877	WDR65	25	6	0.5	metastasis
2	Locoregional skin metastasis, left ear	2	1877	WDR65	12	6	0.5	metastasis
3	Distant skin metastasis, back	2	1877	WDR65	21	7	0.5	metastasis
0	Primary, left ear	2	1878	NEB	31	19	0.5	primary
1	Lymph node metastasis, left cervical node	2	1878	NEB	44	13	0.5	metastasis
2	Locoregional skin metastasis, left ear	2	1878	NEB	36	4	0.5	metastasis
3	Distant skin metastasis, back	2	1878	NEB	30	13	0.5	metastasis
0	Primary, left ear	2	1879	C8A	71	32	0.5	primary
1	Lymph node metastasis, left cervical node	2	1879	C8A	63	36	0.5	metastasis
2	Locoregional skin metastasis, left ear	2	1879	C8A	57	15	0.5	metastasis
3	Distant skin metastasis, back	2	1879	C8A	58	22	0.5	metastasis
0	Primary, left ear	3	1880	P2RX3	144	46	0.5	primary
1	Lymph node metastasis, left cervical node	3	1880	P2RX3	157	56	0.5	metastasis
2	Locoregional skin metastasis, left ear	3	1880	P2RX3	192	34	0.5	metastasis
3	Distant skin metastasis, back	3	1880	P2RX3	188	45	0.5	metastasis
0	Primary, left ear	1	1881	OR51B6	210	95	0.5	primary
1	Lymph node metastasis, left cervical node	1	1881	OR51B6	275	88	0.5	metastasis
2	Locoregional skin metastasis, left ear	1	1881	OR51B6	252	53	0.5	metastasis
3	Distant skin metastasis, back	1	1881	OR51B6	206	79	0.5	metastasis
0	Primary, left ear	2	1882	KIAA1217	29	15	0.5	primary
1	Lymph node metastasis, left cervical node	2	1882	KIAA1217	29	10	0.5	metastasis
2	Locoregional skin metastasis, left ear	2	1882	KIAA1217	15	2	0.5	metastasis
3	Distant skin metastasis, back	2	1882	KIAA1217	14	10	0.5	metastasis
0	Primary, left ear	2	1883	DNAH2	41	27	0.5	primary
1	Lymph node metastasis, left cervical node	2	1883	DNAH2	72	40	0.5	metastasis
2	Locoregional skin metastasis, left ear	2	1883	DNAH2	94	27	0.5	metastasis
3	Distant skin metastasis, back	2	1883	DNAH2	62	25	0.5	metastasis
0	Primary, left ear	6	1884	PDE7B	58	25	0.5	primary
1	Lymph node metastasis, left cervical node	6	1884	PDE7B	81	18	0.5	metastasis
2	Locoregional skin metastasis, left ear	6	1884	PDE7B	23	5	0.5	metastasis
3	Distant skin metastasis, back	6	1884	PDE7B	47	13	0.5	metastasis
0	Primary, left ear	2	1885	DAO	31	33	0.5	primary
1	Lymph node metastasis, left cervical node	2	1885	DAO	72	28	0.5	metastasis
2	Locoregional skin metastasis, left ear	2	1885	DAO	77	13	0.5	metastasis
3	Distant skin metastasis, back	2	1885	DAO	52	24	0.5	metastasis
0	Primary, left ear	2	1886	PLCB1	166	78	0.5	primary
1	Lymph node metastasis, left cervical node	2	1886	PLCB1	141	71	0.5	metastasis
2	Locoregional skin metastasis, left ear	2	1886	PLCB1	127	30	0.5	metastasis
3	Distant skin metastasis, back	2	1886	PLCB1	147	50	0.5	metastasis
0	Primary, left ear	2	1887	SERPINC1	77	52	0.5	primary
1	Lymph node metastasis, left cervical node	2	1887	SERPINC1	117	36	0.5	metastasis
2	Locoregional skin metastasis, left ear	2	1887	SERPINC1	144	34	0.5	metastasis
3	Distant skin metastasis, back	2	1887	SERPINC1	91	42	0.5	metastasis
0	Primary, left ear	2	1888	ZNF676	11	6	0.5	primary
1	Lymph node metastasis, left cervical node	2	1888	ZNF676	8	12	0.5	metastasis
2	Locoregional skin metastasis, left ear	2	1888	ZNF676	4	0	0.5	metastasis
3	Distant skin metastasis, back	2	1888	ZNF676	13	2	0.5	metastasis
0	Primary, left ear	4	1889	OR2L8	23	8	0.5	primary
1	Lymph node metastasis, left cervical node	4	1889	OR2L8	28	3	0.5	metastasis
2	Locoregional skin metastasis, left ear	4	1889	OR2L8	26	3	0.5	metastasis
3	Distant skin metastasis, back	4	1889	OR2L8	24	7	0.5	metastasis
0	Primary, left ear	7	1890	NEBL	80	29	0.5	primary
1	Lymph node metastasis, left cervical node	7	1890	NEBL	87	31	0.5	metastasis
2	Locoregional skin metastasis, left ear	7	1890	NEBL	71	11	0.5	metastasis
3	Distant skin metastasis, back	7	1890	NEBL	59	19	0.5	metastasis
0	Primary, left ear	7	1891	GJA8	185	91	0.5	primary
1	Lymph node metastasis, left cervical node	7	1891	GJA8	215	84	0.5	metastasis
2	Locoregional skin metastasis, left ear	7	1891	GJA8	299	64	0.5	metastasis
3	Distant skin metastasis, back	7	1891	GJA8	189	57	0.5	metastasis
0	Primary, left ear	7	1892	SLC5A12	109	52	0.5	primary
1	Lymph node metastasis, left cervical node	7	1892	SLC5A12	123	45	0.5	metastasis
2	Locoregional skin metastasis, left ear	7	1892	SLC5A12	109	24	0.5	metastasis
3	Distant skin metastasis, back	7	1892	SLC5A12	103	25	0.5	metastasis
0	Primary, left ear	1	1893	TRAF3IP3	56	24	0.5	primary
1	Lymph node metastasis, left cervical node	1	1893	TRAF3IP3	77	18	0.5	metastasis
2	Locoregional skin metastasis, left ear	1	1893	TRAF3IP3	40	6	0.5	metastasis
3	Distant skin metastasis, back	1	1893	TRAF3IP3	63	26	0.5	metastasis
0	Primary, left ear	2	1894	AOC3	69	26	0.5	primary
1	Lymph node metastasis, left cervical node	2	1894	AOC3	79	28	0.5	metastasis
2	Locoregional skin metastasis, left ear	2	1894	AOC3	63	21	0.5	metastasis
3	Distant skin metastasis, back	2	1894	AOC3	64	24	0.5	metastasis
0	Primary, left ear	2	1895	CCDC88B	43	12	0.5	primary
1	Lymph node metastasis, left cervical node	2	1895	CCDC88B	36	17	0.5	metastasis
2	Locoregional skin metastasis, left ear	2	1895	CCDC88B	56	11	0.5	metastasis
3	Distant skin metastasis, back	2	1895	CCDC88B	53	32	0.5	metastasis
0	Primary, left ear	6	1896	OR1Q1	183	90	0.5	primary
1	Lymph node metastasis, left cervical node	6	1896	OR1Q1	201	67	0.5	metastasis
2	Locoregional skin metastasis, left ear	6	1896	OR1Q1	189	44	0.5	metastasis
3	Distant skin metastasis, back	6	1896	OR1Q1	163	55	0.5	metastasis
0	Primary, left ear	7	1897	F5	69	23	0.5	primary
1	Lymph node metastasis, left cervical node	7	1897	F5	48	29	0.5	metastasis
2	Locoregional skin metastasis, left ear	7	1897	F5	71	12	0.5	metastasis
3	Distant skin metastasis, back	7	1897	F5	45	19	0.5	metastasis
0	Primary, left ear	1	1898	MYBPC1	39	16	0.5	primary
1	Lymph node metastasis, left cervical node	1	1898	MYBPC1	87	14	0.5	metastasis
2	Locoregional skin metastasis, left ear	1	1898	MYBPC1	35	4	0.5	metastasis
3	Distant skin metastasis, back	1	1898	MYBPC1	58	25	0.5	metastasis
0	Primary, left ear	7	1899	FSD1	146	58	0.5	primary
1	Lymph node metastasis, left cervical node	7	1899	FSD1	202	99	0.5	metastasis
2	Locoregional skin metastasis, left ear	7	1899	FSD1	270	51	0.5	metastasis
3	Distant skin metastasis, back	7	1899	FSD1	177	50	0.5	metastasis
0	Primary, left ear	2	1900	NRAP	138	84	0.5	primary
1	Lymph node metastasis, left cervical node	2	1900	NRAP	170	57	0.5	metastasis
2	Locoregional skin metastasis, left ear	2	1900	NRAP	192	36	0.5	metastasis
3	Distant skin metastasis, back	2	1900	NRAP	136	83	0.5	metastasis
0	Primary, left ear	2	1901	LOC100287010	135	56	0.5	primary
1	Lymph node metastasis, left cervical node	2	1901	LOC100287010	144	43	0.5	metastasis
2	Locoregional skin metastasis, left ear	2	1901	LOC100287010	101	38	0.5	metastasis
3	Distant skin metastasis, back	2	1901	LOC100287010	127	49	0.5	metastasis
0	Primary, left ear	2	1902	PLVAP	222	100	0.5	primary
1	Lymph node metastasis, left cervical node	2	1902	PLVAP	312	133	0.5	metastasis
2	Locoregional skin metastasis, left ear	2	1902	PLVAP	388	84	0.5	metastasis
3	Distant skin metastasis, back	2	1902	PLVAP	295	107	0.5	metastasis
0	Primary, left ear	6	1903	ATP13A1	148	71	0.5	primary
1	Lymph node metastasis, left cervical node	6	1903	ATP13A1	205	71	0.5	metastasis
2	Locoregional skin metastasis, left ear	6	1903	ATP13A1	237	52	0.5	metastasis
3	Distant skin metastasis, back	6	1903	ATP13A1	190	49	0.5	metastasis
0	Primary, left ear	6	1904	ZNF239	119	55	0.5	primary
1	Lymph node metastasis, left cervical node	6	1904	ZNF239	160	39	0.5	metastasis
2	Locoregional skin metastasis, left ear	6	1904	ZNF239	136	28	0.5	metastasis
3	Distant skin metastasis, back	6	1904	ZNF239	157	43	0.5	metastasis
0	Primary, left ear	2	1905	TRPM3	35	20	0.5	primary
1	Lymph node metastasis, left cervical node	2	1905	TRPM3	31	12	0.5	metastasis
2	Locoregional skin metastasis, left ear	2	1905	TRPM3	18	12	0.5	metastasis
3	Distant skin metastasis, back	2	1905	TRPM3	26	13	0.5	metastasis
0	Primary, left ear	2	1906	USP16	32	13	0.5	primary
1	Lymph node metastasis, left cervical node	2	1906	USP16	34	8	0.5	metastasis
2	Locoregional skin metastasis, left ear	2	1906	USP16	55	21	0.5	metastasis
3	Distant skin metastasis, back	2	1906	USP16	46	15	0.5	metastasis
0	Primary, left ear	1	1907	PLB1	128	52	0.5	primary
1	Lymph node metastasis, left cervical node	1	1907	PLB1	154	38	0.5	metastasis
2	Locoregional skin metastasis, left ear	1	1907	PLB1	142	39	0.5	metastasis
3	Distant skin metastasis, back	1	1907	PLB1	174	62	0.5	metastasis
0	Primary, left ear	6	1908	CNTRL	302	166	0.5	primary
1	Lymph node metastasis, left cervical node	6	1908	CNTRL	374	103	0.5	metastasis
2	Locoregional skin metastasis, left ear	6	1908	CNTRL	179	40	0.5	metastasis
3	Distant skin metastasis, back	6	1908	CNTRL	282	84	0.5	metastasis
0	Primary, left ear	2	1909	OR4C12	42	23	0.5	primary
1	Lymph node metastasis, left cervical node	2	1909	OR4C12	55	17	0.5	metastasis
2	Locoregional skin metastasis, left ear	2	1909	OR4C12	46	10	0.5	metastasis
3	Distant skin metastasis, back	2	1909	OR4C12	30	11	0.5	metastasis
0	Primary, left ear	7	1910	EXOC7	46	22	0.5	primary
1	Lymph node metastasis, left cervical node	7	1910	EXOC7	68	32	0.5	metastasis
2	Locoregional skin metastasis, left ear	7	1910	EXOC7	73	8	0.5	metastasis
3	Distant skin metastasis, back	7	1910	EXOC7	68	23	0.5	metastasis
0	Primary, left ear	6	1911	C1orf87	81	41	0.5	primary
1	Lymph node metastasis, left cervical node	6	1911	C1orf87	105	21	0.5	metastasis
2	Locoregional skin metastasis, left ear	6	1911	C1orf87	87	17	0.5	metastasis
3	Distant skin metastasis, back	6	1911	C1orf87	93	29	0.5	metastasis
0	Primary, left ear	3	1912	WDR19	191	70	0.5	primary
1	Lymph node metastasis, left cervical node	3	1912	WDR19	226	72	0.5	metastasis
2	Locoregional skin metastasis, left ear	3	1912	WDR19	143	24	0.5	metastasis
3	Distant skin metastasis, back	3	1912	WDR19	210	48	0.5	metastasis
0	Primary, left ear	2	1913	DPPA4	2	4	0.5	primary
1	Lymph node metastasis, left cervical node	2	1913	DPPA4	12	4	0.5	metastasis
2	Locoregional skin metastasis, left ear	2	1913	DPPA4	11	5	0.5	metastasis
3	Distant skin metastasis, back	2	1913	DPPA4	9	5	0.5	metastasis
0	Primary, left ear	7	1914	ST6GAL2	379	131	0.5	primary
1	Lymph node metastasis, left cervical node	7	1914	ST6GAL2	320	137	0.5	metastasis
2	Locoregional skin metastasis, left ear	7	1914	ST6GAL2	430	75	0.5	metastasis
3	Distant skin metastasis, back	7	1914	ST6GAL2	314	100	0.5	metastasis
0	Primary, left ear	2	1915	ADCY10	93	31	0.5	primary
1	Lymph node metastasis, left cervical node	2	1915	ADCY10	93	37	0.5	metastasis
2	Locoregional skin metastasis, left ear	2	1915	ADCY10	98	32	0.5	metastasis
3	Distant skin metastasis, back	2	1915	ADCY10	89	35	0.5	metastasis
0	Primary, left ear	2	1916	UHRF1	90	35	0.5	primary
1	Lymph node metastasis, left cervical node	2	1916	UHRF1	123	54	0.5	metastasis
2	Locoregional skin metastasis, left ear	2	1916	UHRF1	150	28	0.5	metastasis
3	Distant skin metastasis, back	2	1916	UHRF1	120	47	0.5	metastasis
0	Primary, left ear	2	1917	ZFR2	25	9	0.5	primary
1	Lymph node metastasis, left cervical node	2	1917	ZFR2	26	15	0.5	metastasis
2	Locoregional skin metastasis, left ear	2	1917	ZFR2	37	6	0.5	metastasis
3	Distant skin metastasis, back	2	1917	ZFR2	28	13	0.5	metastasis
0	Primary, left ear	6	1918	SCN3A	96	47	0.5	primary
1	Lymph node metastasis, left cervical node	6	1918	SCN3A	103	26	0.5	metastasis
2	Locoregional skin metastasis, left ear	6	1918	SCN3A	81	22	0.5	metastasis
3	Distant skin metastasis, back	6	1918	SCN3A	78	27	0.5	metastasis
0	Primary, left ear	1	1919	NCAM2	58	30	0.5	primary
1	Lymph node metastasis, left cervical node	1	1919	NCAM2	70	11	0.5	metastasis
2	Locoregional skin metastasis, left ear	1	1919	NCAM2	37	9	0.5	metastasis
3	Distant skin metastasis, back	1	1919	NCAM2	39	16	0.5	metastasis
0	Primary, left ear	2	1920	NLGN2	38	20	0.5	primary
1	Lymph node metastasis, left cervical node	2	1920	NLGN2	32	9	0.5	metastasis
2	Locoregional skin metastasis, left ear	2	1920	NLGN2	50	8	0.5	metastasis
3	Distant skin metastasis, back	2	1920	NLGN2	32	11	0.5	metastasis
0	Primary, left ear	7	1921	MUC16	115	41	0.5	primary
1	Lymph node metastasis, left cervical node	7	1921	MUC16	123	74	0.5	metastasis
2	Locoregional skin metastasis, left ear	7	1921	MUC16	160	29	0.5	metastasis
3	Distant skin metastasis, back	7	1921	MUC16	133	38	0.5	metastasis
0	Primary, left ear	2	1922	UBE2CBP	52	25	0.5	primary
1	Lymph node metastasis, left cervical node	2	1922	UBE2CBP	74	30	0.5	metastasis
2	Locoregional skin metastasis, left ear	2	1922	UBE2CBP	64	8	0.5	metastasis
3	Distant skin metastasis, back	2	1922	UBE2CBP	48	21	0.5	metastasis
0	Primary, left ear	1	1923	ULK2	90	44	0.5	primary
1	Lymph node metastasis, left cervical node	1	1923	ULK2	149	45	0.5	metastasis
2	Locoregional skin metastasis, left ear	1	1923	ULK2	41	5	0.5	metastasis
3	Distant skin metastasis, back	1	1923	ULK2	101	46	0.5	metastasis
0	Primary, left ear	2	1924	P2RY1	114	66	0.5	primary
1	Lymph node metastasis, left cervical node	2	1924	P2RY1	118	37	0.5	metastasis
2	Locoregional skin metastasis, left ear	2	1924	P2RY1	68	16	0.5	metastasis
3	Distant skin metastasis, back	2	1924	P2RY1	112	44	0.5	metastasis
0	Primary, left ear	2	1925	VSTM4	80	31	0.5	primary
1	Lymph node metastasis, left cervical node	2	1925	VSTM4	88	41	0.5	metastasis
2	Locoregional skin metastasis, left ear	2	1925	VSTM4	82	15	0.5	metastasis
3	Distant skin metastasis, back	2	1925	VSTM4	65	26	0.5	metastasis
0	Primary, left ear	5	1926	TBC1D1	186	0	0.5	primary
1	Lymph node metastasis, left cervical node	5	1926	TBC1D1	173	59	0.5	metastasis
2	Locoregional skin metastasis, left ear	5	1926	TBC1D1	169	0	0.5	metastasis
3	Distant skin metastasis, back	5	1926	TBC1D1	164	35	0.5	metastasis
0	Primary, left ear	7	1927	FBLN1	362	141	0.5	primary
1	Lymph node metastasis, left cervical node	7	1927	FBLN1	352	149	0.5	metastasis
2	Locoregional skin metastasis, left ear	7	1927	FBLN1	496	118	0.5	metastasis
3	Distant skin metastasis, back	7	1927	FBLN1	371	110	0.5	metastasis
0	Primary, left ear	2	1928	MIA3	50	37	0.5	primary
1	Lymph node metastasis, left cervical node	2	1928	MIA3	51	21	0.5	metastasis
2	Locoregional skin metastasis, left ear	2	1928	MIA3	36	8	0.5	metastasis
3	Distant skin metastasis, back	2	1928	MIA3	70	25	0.5	metastasis
0	Primary, left ear	2	1929	ARHGAP31	14	2	0.5	primary
1	Lymph node metastasis, left cervical node	2	1929	ARHGAP31	7	2	0.5	metastasis
2	Locoregional skin metastasis, left ear	2	1929	ARHGAP31	9	7	0.5	metastasis
3	Distant skin metastasis, back	2	1929	ARHGAP31	12	12	0.5	metastasis
0	Primary, left ear	2	1930	TBCCD1	31	16	0.5	primary
1	Lymph node metastasis, left cervical node	2	1930	TBCCD1	39	11	0.5	metastasis
2	Locoregional skin metastasis, left ear	2	1930	TBCCD1	12	3	0.5	metastasis
3	Distant skin metastasis, back	2	1930	TBCCD1	23	7	0.5	metastasis
0	Primary, left ear	2	1931	TBX2	112	58	0.5	primary
1	Lymph node metastasis, left cervical node	2	1931	TBX2	121	50	0.5	metastasis
2	Locoregional skin metastasis, left ear	2	1931	TBX2	191	38	0.5	metastasis
3	Distant skin metastasis, back	2	1931	TBX2	124	48	0.5	metastasis
0	Primary, left ear	1	1932	ABCA9	69	25	0.5	primary
1	Lymph node metastasis, left cervical node	1	1932	ABCA9	64	19	0.5	metastasis
2	Locoregional skin metastasis, left ear	1	1932	ABCA9	41	10	0.5	metastasis
3	Distant skin metastasis, back	1	1932	ABCA9	64	27	0.5	metastasis
0	Primary, left ear	2	1933	PSD4	42	18	0.5	primary
1	Lymph node metastasis, left cervical node	2	1933	PSD4	48	24	0.5	metastasis
2	Locoregional skin metastasis, left ear	2	1933	PSD4	53	24	0.5	metastasis
3	Distant skin metastasis, back	2	1933	PSD4	55	19	0.5	metastasis
0	Primary, left ear	2	1934	C2orf71	177	75	0.5	primary
1	Lymph node metastasis, left cervical node	2	1934	C2orf71	199	65	0.5	metastasis
2	Locoregional skin metastasis, left ear	2	1934	C2orf71	224	62	0.5	metastasis
3	Distant skin metastasis, back	2	1934	C2orf71	189	79	0.5	metastasis
0	Primary, left ear	1	1935	SPTBN2	114	60	0.5	primary
1	Lymph node metastasis, left cervical node	1	1935	SPTBN2	158	41	0.5	metastasis
2	Locoregional skin metastasis, left ear	1	1935	SPTBN2	132	31	0.5	metastasis
3	Distant skin metastasis, back	1	1935	SPTBN2	115	61	0.5	metastasis
0	Primary, left ear	2	1936	POLE	85	38	0.5	primary
1	Lymph node metastasis, left cervical node	2	1936	POLE	81	27	0.5	metastasis
2	Locoregional skin metastasis, left ear	2	1936	POLE	74	18	0.5	metastasis
3	Distant skin metastasis, back	2	1936	POLE	70	39	0.5	metastasis
0	Primary, left ear	2	1937	IL4R	181	83	0.5	primary
1	Lymph node metastasis, left cervical node	2	1937	IL4R	183	83	0.5	metastasis
2	Locoregional skin metastasis, left ear	2	1937	IL4R	190	41	0.5	metastasis
3	Distant skin metastasis, back	2	1937	IL4R	167	71	0.5	metastasis
0	Primary, left ear	1	1938	CSRNP3	262	107	0.5	primary
1	Lymph node metastasis, left cervical node	1	1938	CSRNP3	209	66	0.5	metastasis
2	Locoregional skin metastasis, left ear	1	1938	CSRNP3	233	43	0.5	metastasis
3	Distant skin metastasis, back	1	1938	CSRNP3	238	95	0.5	metastasis
0	Primary, left ear	7	1939	NOTCH1	57	14	0.5	primary
1	Lymph node metastasis, left cervical node	7	1939	NOTCH1	44	20	0.5	metastasis
2	Locoregional skin metastasis, left ear	7	1939	NOTCH1	51	11	0.5	metastasis
3	Distant skin metastasis, back	7	1939	NOTCH1	62	20	0.5	metastasis
0	Primary, left ear	2	1940	IL1RL2	97	43	0.5	primary
1	Lymph node metastasis, left cervical node	2	1940	IL1RL2	115	39	0.5	metastasis
2	Locoregional skin metastasis, left ear	2	1940	IL1RL2	47	8	0.5	metastasis
3	Distant skin metastasis, back	2	1940	IL1RL2	80	34	0.5	metastasis
0	Primary, left ear	2	1941	GSC	30	17	0.5	primary
1	Lymph node metastasis, left cervical node	2	1941	GSC	39	16	0.5	metastasis
2	Locoregional skin metastasis, left ear	2	1941	GSC	71	15	0.5	metastasis
3	Distant skin metastasis, back	2	1941	GSC	36	9	0.5	metastasis
0	Primary, left ear	2	1942	ZFAND4	56	34	0.5	primary
1	Lymph node metastasis, left cervical node	2	1942	ZFAND4	92	31	0.5	metastasis
2	Locoregional skin metastasis, left ear	2	1942	ZFAND4	71	28	0.5	metastasis
3	Distant skin metastasis, back	2	1942	ZFAND4	99	36	0.5	metastasis
0	Primary, left ear	2	1943	BAD	140	79	0.5	primary
1	Lymph node metastasis, left cervical node	2	1943	BAD	139	53	0.5	metastasis
2	Locoregional skin metastasis, left ear	2	1943	BAD	177	53	0.5	metastasis
3	Distant skin metastasis, back	2	1943	BAD	195	83	0.5	metastasis
0	Primary, left ear	2	1944	TET1	193	129	0.5	primary
1	Lymph node metastasis, left cervical node	2	1944	TET1	239	102	0.5	metastasis
2	Locoregional skin metastasis, left ear	2	1944	TET1	240	32	0.5	metastasis
3	Distant skin metastasis, back	2	1944	TET1	198	82	0.5	metastasis
0	Primary, left ear	2	1945	ACCSL	81	34	0.5	primary
1	Lymph node metastasis, left cervical node	2	1945	ACCSL	90	31	0.5	metastasis
2	Locoregional skin metastasis, left ear	2	1945	ACCSL	78	15	0.5	metastasis
3	Distant skin metastasis, back	2	1945	ACCSL	89	32	0.5	metastasis
0	Primary, left ear	6	1946	OGDHL	88	48	0.5	primary
1	Lymph node metastasis, left cervical node	6	1946	OGDHL	89	29	0.5	metastasis
2	Locoregional skin metastasis, left ear	6	1946	OGDHL	90	23	0.5	metastasis
3	Distant skin metastasis, back	6	1946	OGDHL	122	32	0.5	metastasis
0	Primary, left ear	1	1947	TXLNB	186	92	0.5	primary
1	Lymph node metastasis, left cervical node	1	1947	TXLNB	246	63	0.5	metastasis
2	Locoregional skin metastasis, left ear	1	1947	TXLNB	240	50	0.5	metastasis
3	Distant skin metastasis, back	1	1947	TXLNB	203	79	0.5	metastasis
0	Primary, left ear	2	1948	MACF1	60	29	0.5	primary
1	Lymph node metastasis, left cervical node	2	1948	MACF1	79	32	0.5	metastasis
2	Locoregional skin metastasis, left ear	2	1948	MACF1	80	20	0.5	metastasis
3	Distant skin metastasis, back	2	1948	MACF1	74	41	0.5	metastasis
0	Primary, left ear	4	1949	MSLNL	16	3	0.5	primary
1	Lymph node metastasis, left cervical node	4	1949	MSLNL	17	4	0.5	metastasis
2	Locoregional skin metastasis, left ear	4	1949	MSLNL	20	3	0.5	metastasis
3	Distant skin metastasis, back	4	1949	MSLNL	21	6	0.5	metastasis
0	Primary, left ear	2	1950	GSG2	85	41	0.5	primary
1	Lymph node metastasis, left cervical node	2	1950	GSG2	104	64	0.5	metastasis
2	Locoregional skin metastasis, left ear	2	1950	GSG2	112	27	0.5	metastasis
3	Distant skin metastasis, back	2	1950	GSG2	97	56	0.5	metastasis
0	Primary, left ear	6	1951	CACHD1	71	39	0.5	primary
1	Lymph node metastasis, left cervical node	6	1951	CACHD1	75	25	0.5	metastasis
2	Locoregional skin metastasis, left ear	6	1951	CACHD1	61	18	0.5	metastasis
3	Distant skin metastasis, back	6	1951	CACHD1	65	14	0.5	metastasis
0	Primary, left ear	2	1952	PAPPA2	128	50	0.5	primary
1	Lymph node metastasis, left cervical node	2	1952	PAPPA2	112	39	0.5	metastasis
2	Locoregional skin metastasis, left ear	2	1952	PAPPA2	63	16	0.5	metastasis
3	Distant skin metastasis, back	2	1952	PAPPA2	96	37	0.5	metastasis
0	Primary, left ear	1	1953	IPCEF1	96	49	0.5	primary
1	Lymph node metastasis, left cervical node	1	1953	IPCEF1	118	35	0.5	metastasis
2	Locoregional skin metastasis, left ear	1	1953	IPCEF1	98	17	0.5	metastasis
3	Distant skin metastasis, back	1	1953	IPCEF1	102	43	0.5	metastasis
0	Primary, left ear	1	1954	ZSWIM5	278	143	0.5	primary
1	Lymph node metastasis, left cervical node	1	1954	ZSWIM5	426	146	0.5	metastasis
2	Locoregional skin metastasis, left ear	1	1954	ZSWIM5	464	89	0.5	metastasis
3	Distant skin metastasis, back	1	1954	ZSWIM5	361	161	0.5	metastasis
0	Primary, left ear	4	1955	OR4S2	226	78	0.5	primary
1	Lymph node metastasis, left cervical node	4	1955	OR4S2	179	58	0.5	metastasis
2	Locoregional skin metastasis, left ear	4	1955	OR4S2	175	39	0.5	metastasis
3	Distant skin metastasis, back	4	1955	OR4S2	177	51	0.5	metastasis
0	Primary, left ear	1	1956	SALL1	119	65	0.5	primary
1	Lymph node metastasis, left cervical node	1	1956	SALL1	142	43	0.5	metastasis
2	Locoregional skin metastasis, left ear	1	1956	SALL1	220	46	0.5	metastasis
3	Distant skin metastasis, back	1	1956	SALL1	137	56	0.5	metastasis
0	Primary, left ear	1	1957	ANO3	68	29	0.5	primary
1	Lymph node metastasis, left cervical node	1	1957	ANO3	56	14	0.5	metastasis
2	Locoregional skin metastasis, left ear	1	1957	ANO3	31	5	0.5	metastasis
3	Distant skin metastasis, back	1	1957	ANO3	39	19	0.5	metastasis
0	Primary, left ear	2	1958	TTN	33	27	0.5	primary
1	Lymph node metastasis, left cervical node	2	1958	TTN	49	12	0.5	metastasis
2	Locoregional skin metastasis, left ear	2	1958	TTN	17	8	0.5	metastasis
3	Distant skin metastasis, back	2	1958	TTN	39	17	0.5	metastasis
0	Primary, left ear	7	1959	EYS	81	30	0.5	primary
1	Lymph node metastasis, left cervical node	7	1959	EYS	98	39	0.5	metastasis
2	Locoregional skin metastasis, left ear	7	1959	EYS	78	17	0.5	metastasis
3	Distant skin metastasis, back	7	1959	EYS	74	26	0.5	metastasis
0	Primary, left ear	7	1960	ANKRD26P1	184	67	0.5	primary
1	Lymph node metastasis, left cervical node	7	1960	ANKRD26P1	192	77	0.5	metastasis
2	Locoregional skin metastasis, left ear	7	1960	ANKRD26P1	65	21	0.5	metastasis
3	Distant skin metastasis, back	7	1960	ANKRD26P1	189	66	0.5	metastasis
0	Primary, left ear	2	1961	WDR4	130	83	0.5	primary
1	Lymph node metastasis, left cervical node	2	1961	WDR4	172	63	0.5	metastasis
2	Locoregional skin metastasis, left ear	2	1961	WDR4	176	57	0.5	metastasis
3	Distant skin metastasis, back	2	1961	WDR4	178	49	0.5	metastasis
0	Primary, left ear	2	1962	NT5C1B	116	58	0.5	primary
1	Lymph node metastasis, left cervical node	2	1962	NT5C1B	130	65	0.5	metastasis
2	Locoregional skin metastasis, left ear	2	1962	NT5C1B	108	21	0.5	metastasis
3	Distant skin metastasis, back	2	1962	NT5C1B	106	43	0.5	metastasis
0	Primary, left ear	4	1963	C10orf68	60	23	0.5	primary
1	Lymph node metastasis, left cervical node	4	1963	C10orf68	50	11	0.5	metastasis
2	Locoregional skin metastasis, left ear	4	1963	C10orf68	21	2	0.5	metastasis
3	Distant skin metastasis, back	4	1963	C10orf68	57	20	0.5	metastasis
0	Primary, left ear	2	1964	ARHGEF18	170	76	0.5	primary
1	Lymph node metastasis, left cervical node	2	1964	ARHGEF18	251	105	0.5	metastasis
2	Locoregional skin metastasis, left ear	2	1964	ARHGEF18	310	67	0.5	metastasis
3	Distant skin metastasis, back	2	1964	ARHGEF18	213	79	0.5	metastasis
0	Primary, left ear	4	1965	DNAH3	114	24	0.5	primary
1	Lymph node metastasis, left cervical node	4	1965	DNAH3	140	48	0.5	metastasis
2	Locoregional skin metastasis, left ear	4	1965	DNAH3	135	22	0.5	metastasis
3	Distant skin metastasis, back	4	1965	DNAH3	118	44	0.5	metastasis
0	Primary, left ear	6	1966	IMPG2	527	246	0.5	primary
1	Lymph node metastasis, left cervical node	6	1966	IMPG2	562	164	0.5	metastasis
2	Locoregional skin metastasis, left ear	6	1966	IMPG2	339	69	0.5	metastasis
3	Distant skin metastasis, back	6	1966	IMPG2	528	163	0.5	metastasis
0	Primary, left ear	7	1967	CREB3L3	134	42	0.5	primary
1	Lymph node metastasis, left cervical node	7	1967	CREB3L3	139	58	0.5	metastasis
2	Locoregional skin metastasis, left ear	7	1967	CREB3L3	172	40	0.5	metastasis
3	Distant skin metastasis, back	7	1967	CREB3L3	154	54	0.5	metastasis
0	Primary, left ear	2	1968	DNAH17	32	14	0.5	primary
1	Lymph node metastasis, left cervical node	2	1968	DNAH17	34	14	0.5	metastasis
2	Locoregional skin metastasis, left ear	2	1968	DNAH17	38	9	0.5	metastasis
3	Distant skin metastasis, back	2	1968	DNAH17	23	17	0.5	metastasis
0	Primary, left ear	2	1969	LPA	231	112	0.5	primary
1	Lymph node metastasis, left cervical node	2	1969	LPA	276	107	0.5	metastasis
2	Locoregional skin metastasis, left ear	2	1969	LPA	180	46	0.5	metastasis
3	Distant skin metastasis, back	2	1969	LPA	213	66	0.5	metastasis
0	Primary, left ear	2	1970	TRIM46	238	97	0.5	primary
1	Lymph node metastasis, left cervical node	2	1970	TRIM46	305	116	0.5	metastasis
2	Locoregional skin metastasis, left ear	2	1970	TRIM46	306	78	0.5	metastasis
3	Distant skin metastasis, back	2	1970	TRIM46	294	110	0.5	metastasis
0	Primary, left ear	1	1971	FAM179A	147	72	0.5	primary
1	Lymph node metastasis, left cervical node	1	1971	FAM179A	189	64	0.5	metastasis
2	Locoregional skin metastasis, left ear	1	1971	FAM179A	187	34	0.5	metastasis
3	Distant skin metastasis, back	1	1971	FAM179A	132	59	0.5	metastasis
0	Primary, left ear	7	1972	RTDR1	220	76	0.5	primary
1	Lymph node metastasis, left cervical node	7	1972	RTDR1	209	90	0.5	metastasis
2	Locoregional skin metastasis, left ear	7	1972	RTDR1	282	46	0.5	metastasis
3	Distant skin metastasis, back	7	1972	RTDR1	166	51	0.5	metastasis
0	Primary, left ear	2	1973	GPA33	393	186	0.5	primary
1	Lymph node metastasis, left cervical node	2	1973	GPA33	414	149	0.5	metastasis
2	Locoregional skin metastasis, left ear	2	1973	GPA33	422	106	0.5	metastasis
3	Distant skin metastasis, back	2	1973	GPA33	406	149	0.5	metastasis
0	Primary, left ear	2	1974	ATPAF2	147	72	0.5	primary
1	Lymph node metastasis, left cervical node	2	1974	ATPAF2	144	44	0.5	metastasis
2	Locoregional skin metastasis, left ear	2	1974	ATPAF2	226	71	0.5	metastasis
3	Distant skin metastasis, back	2	1974	ATPAF2	146	79	0.5	metastasis
0	Primary, left ear	6	1975	ABCB11	107	39	0.5	primary
1	Lymph node metastasis, left cervical node	6	1975	ABCB11	106	22	0.5	metastasis
2	Locoregional skin metastasis, left ear	6	1975	ABCB11	37	19	0.5	metastasis
3	Distant skin metastasis, back	6	1975	ABCB11	105	30	0.5	metastasis
0	Primary, left ear	4	1976	C10orf53	294	99	0.5	primary
1	Lymph node metastasis, left cervical node	4	1976	C10orf53	364	97	0.5	metastasis
2	Locoregional skin metastasis, left ear	4	1976	C10orf53	345	84	0.5	metastasis
3	Distant skin metastasis, back	4	1976	C10orf53	270	73	0.5	metastasis
0	Primary, left ear	2	1977	C2CD3	110	54	0.5	primary
1	Lymph node metastasis, left cervical node	2	1977	C2CD3	90	31	0.5	metastasis
2	Locoregional skin metastasis, left ear	2	1977	C2CD3	86	31	0.5	metastasis
3	Distant skin metastasis, back	2	1977	C2CD3	92	37	0.5	metastasis
0	Primary, left ear	1	1978	C3orf64	203	99	0.5	primary
1	Lymph node metastasis, left cervical node	1	1978	C3orf64	260	75	0.5	metastasis
2	Locoregional skin metastasis, left ear	1	1978	C3orf64	112	26	0.5	metastasis
3	Distant skin metastasis, back	1	1978	C3orf64	204	82	0.5	metastasis
0	Primary, left ear	6	1979	OGDHL	134	69	0.5	primary
1	Lymph node metastasis, left cervical node	6	1979	OGDHL	213	64	0.5	metastasis
2	Locoregional skin metastasis, left ear	6	1979	OGDHL	237	50	0.5	metastasis
3	Distant skin metastasis, back	6	1979	OGDHL	164	48	0.5	metastasis
0	Primary, left ear	7	1980	KIAA0125	65	27	0.5	primary
1	Lymph node metastasis, left cervical node	7	1980	KIAA0125	85	33	0.5	metastasis
2	Locoregional skin metastasis, left ear	7	1980	KIAA0125	119	27	0.5	metastasis
3	Distant skin metastasis, back	7	1980	KIAA0125	50	12	0.5	metastasis
0	Primary, left ear	2	1981	IPP	77	36	0.5	primary
1	Lymph node metastasis, left cervical node	2	1981	IPP	90	30	0.5	metastasis
2	Locoregional skin metastasis, left ear	2	1981	IPP	24	6	0.5	metastasis
3	Distant skin metastasis, back	2	1981	IPP	115	38	0.5	metastasis
0	Primary, left ear	2	1982	CHAT	62	30	0.5	primary
1	Lymph node metastasis, left cervical node	2	1982	CHAT	51	36	0.5	metastasis
2	Locoregional skin metastasis, left ear	2	1982	CHAT	93	19	0.5	metastasis
3	Distant skin metastasis, back	2	1982	CHAT	59	26	0.5	metastasis
0	Primary, left ear	4	1983	KIF1A	37	6	0.5	primary
1	Lymph node metastasis, left cervical node	4	1983	KIF1A	34	12	0.5	metastasis
2	Locoregional skin metastasis, left ear	4	1983	KIF1A	46	5	0.5	metastasis
3	Distant skin metastasis, back	4	1983	KIF1A	44	15	0.5	metastasis
0	Primary, left ear	7	1984	FKTN	196	100	0.5	primary
1	Lymph node metastasis, left cervical node	7	1984	FKTN	229	89	0.5	metastasis
2	Locoregional skin metastasis, left ear	7	1984	FKTN	146	28	0.5	metastasis
3	Distant skin metastasis, back	7	1984	FKTN	198	53	0.5	metastasis
0	Primary, left ear	2	1985	FAM181A	98	56	0.5	primary
1	Lymph node metastasis, left cervical node	2	1985	FAM181A	123	39	0.5	metastasis
2	Locoregional skin metastasis, left ear	2	1985	FAM181A	103	27	0.5	metastasis
3	Distant skin metastasis, back	2	1985	FAM181A	89	48	0.5	metastasis
0	Primary, left ear	6	1986	SGSM1	28	17	0.5	primary
1	Lymph node metastasis, left cervical node	6	1986	SGSM1	33	3	0.5	metastasis
2	Locoregional skin metastasis, left ear	6	1986	SGSM1	54	7	0.5	metastasis
3	Distant skin metastasis, back	6	1986	SGSM1	37	6	0.5	metastasis
0	Primary, left ear	2	1987	SLC1A2	118	58	0.5	primary
1	Lymph node metastasis, left cervical node	2	1987	SLC1A2	129	46	0.5	metastasis
2	Locoregional skin metastasis, left ear	2	1987	SLC1A2	168	28	0.5	metastasis
3	Distant skin metastasis, back	2	1987	SLC1A2	107	44	0.5	metastasis
0	Primary, left ear	7	1988	GRAP2	111	42	0.5	primary
1	Lymph node metastasis, left cervical node	7	1988	GRAP2	116	46	0.5	metastasis
2	Locoregional skin metastasis, left ear	7	1988	GRAP2	126	24	0.5	metastasis
3	Distant skin metastasis, back	7	1988	GRAP2	96	35	0.5	metastasis
0	Primary, left ear	2	1989	CTAGE1	89	43	0.5	primary
1	Lymph node metastasis, left cervical node	2	1989	CTAGE1	98	38	0.5	metastasis
2	Locoregional skin metastasis, left ear	2	1989	CTAGE1	90	20	0.5	metastasis
3	Distant skin metastasis, back	2	1989	CTAGE1	72	30	0.5	metastasis
0	Primary, left ear	7	1990	CCKBR	136	59	0.5	primary
1	Lymph node metastasis, left cervical node	7	1990	CCKBR	143	56	0.5	metastasis
2	Locoregional skin metastasis, left ear	7	1990	CCKBR	184	30	0.5	metastasis
3	Distant skin metastasis, back	7	1990	CCKBR	113	23	0.5	metastasis
0	Primary, left ear	6	1991	KIF2B	225	111	0.5	primary
1	Lymph node metastasis, left cervical node	6	1991	KIF2B	259	84	0.5	metastasis
2	Locoregional skin metastasis, left ear	6	1991	KIF2B	166	28	0.5	metastasis
3	Distant skin metastasis, back	6	1991	KIF2B	194	62	0.5	metastasis
0	Primary, left ear	6	1992	USP31	235	125	0.5	primary
1	Lymph node metastasis, left cervical node	6	1992	USP31	321	110	0.5	metastasis
2	Locoregional skin metastasis, left ear	6	1992	USP31	311	54	0.5	metastasis
3	Distant skin metastasis, back	6	1992	USP31	271	76	0.5	metastasis
0	Primary, left ear	2	1993	CDH23	33	8	0.5	primary
1	Lymph node metastasis, left cervical node	2	1993	CDH23	36	11	0.5	metastasis
2	Locoregional skin metastasis, left ear	2	1993	CDH23	34	11	0.5	metastasis
3	Distant skin metastasis, back	2	1993	CDH23	43	19	0.5	metastasis
0	Primary, left ear	2	1994	OR5P2	24	10	0.5	primary
1	Lymph node metastasis, left cervical node	2	1994	OR5P2	25	10	0.5	metastasis
2	Locoregional skin metastasis, left ear	2	1994	OR5P2	16	3	0.5	metastasis
3	Distant skin metastasis, back	2	1994	OR5P2	35	11	0.5	metastasis
0	Primary, left ear	4	1995	OR1J2	277	122	0.5	primary
1	Lymph node metastasis, left cervical node	4	1995	OR1J2	333	96	0.5	metastasis
2	Locoregional skin metastasis, left ear	4	1995	OR1J2	214	38	0.5	metastasis
3	Distant skin metastasis, back	4	1995	OR1J2	265	89	0.5	metastasis
0	Primary, left ear	2	1996	hADV29S1	161	88	0.5	primary
1	Lymph node metastasis, left cervical node	2	1996	hADV29S1	174	67	0.5	metastasis
2	Locoregional skin metastasis, left ear	2	1996	hADV29S1	120	29	0.5	metastasis
3	Distant skin metastasis, back	2	1996	hADV29S1	208	74	0.5	metastasis
0	Primary, left ear	7	1997	RAD51AP2	206	81	0.5	primary
1	Lymph node metastasis, left cervical node	7	1997	RAD51AP2	212	81	0.5	metastasis
2	Locoregional skin metastasis, left ear	7	1997	RAD51AP2	101	11	0.5	metastasis
3	Distant skin metastasis, back	7	1997	RAD51AP2	231	82	0.5	metastasis
0	Primary, left ear	1	1998	C16orf62	72	25	0.5	primary
1	Lymph node metastasis, left cervical node	1	1998	C16orf62	57	16	0.5	metastasis
2	Locoregional skin metastasis, left ear	1	1998	C16orf62	24	6	0.5	metastasis
3	Distant skin metastasis, back	1	1998	C16orf62	68	29	0.5	metastasis
0	Primary, left ear	2	1999	CACNA1G	504	263	0.5	primary
1	Lymph node metastasis, left cervical node	2	1999	CACNA1G	585	262	0.5	metastasis
2	Locoregional skin metastasis, left ear	2	1999	CACNA1G	575	165	0.5	metastasis
3	Distant skin metastasis, back	2	1999	CACNA1G	594	257	0.5	metastasis
0	Primary, left ear	2	2000	DPEP2	37	23	0.5	primary
1	Lymph node metastasis, left cervical node	2	2000	DPEP2	46	23	0.5	metastasis
2	Locoregional skin metastasis, left ear	2	2000	DPEP2	52	14	0.5	metastasis
3	Distant skin metastasis, back	2	2000	DPEP2	45	18	0.5	metastasis
0	Primary, left ear	6	2001	FRYL	192	109	0.5	primary
1	Lymph node metastasis, left cervical node	6	2001	FRYL	281	103	0.5	metastasis
2	Locoregional skin metastasis, left ear	6	2001	FRYL	246	58	0.5	metastasis
3	Distant skin metastasis, back	6	2001	FRYL	286	61	0.5	metastasis
0	Primary, left ear	2	2002	C1orf229	73	35	0.5	primary
1	Lymph node metastasis, left cervical node	2	2002	C1orf229	79	28	0.5	metastasis
2	Locoregional skin metastasis, left ear	2	2002	C1orf229	123	25	0.5	metastasis
3	Distant skin metastasis, back	2	2002	C1orf229	81	44	0.5	metastasis
0	Primary, left ear	2	2003	DNAH7	194	106	0.5	primary
1	Lymph node metastasis, left cervical node	2	2003	DNAH7	226	105	0.5	metastasis
2	Locoregional skin metastasis, left ear	2	2003	DNAH7	110	29	0.5	metastasis
3	Distant skin metastasis, back	2	2003	DNAH7	209	77	0.5	metastasis
0	Primary, left ear	7	2004	PFKFB3	207	102	0.5	primary
1	Lymph node metastasis, left cervical node	7	2004	PFKFB3	236	109	0.5	metastasis
2	Locoregional skin metastasis, left ear	7	2004	PFKFB3	141	33	0.5	metastasis
3	Distant skin metastasis, back	7	2004	PFKFB3	272	78	0.5	metastasis
0	Primary, left ear	6	2005	CLCA2	160	81	0.5	primary
1	Lymph node metastasis, left cervical node	6	2005	CLCA2	198	64	0.5	metastasis
2	Locoregional skin metastasis, left ear	6	2005	CLCA2	100	31	0.5	metastasis
3	Distant skin metastasis, back	6	2005	CLCA2	182	41	0.5	metastasis
0	Primary, left ear	1	2006	SYNE2	61	23	0.5	primary
1	Lymph node metastasis, left cervical node	1	2006	SYNE2	60	14	0.5	metastasis
2	Locoregional skin metastasis, left ear	1	2006	SYNE2	21	5	0.5	metastasis
3	Distant skin metastasis, back	1	2006	SYNE2	36	11	0.5	metastasis
0	Primary, left ear	2	2007	PICK1	143	94	0.5	primary
1	Lymph node metastasis, left cervical node	2	2007	PICK1	214	70	0.5	metastasis
2	Locoregional skin metastasis, left ear	2	2007	PICK1	185	38	0.5	metastasis
3	Distant skin metastasis, back	2	2007	PICK1	186	75	0.5	metastasis
0	Primary, left ear	6	2008	SOWAHC	76	48	0.5	primary
1	Lymph node metastasis, left cervical node	6	2008	SOWAHC	115	23	0.5	metastasis
2	Locoregional skin metastasis, left ear	6	2008	SOWAHC	131	35	0.5	metastasis
3	Distant skin metastasis, back	6	2008	SOWAHC	115	44	0.5	metastasis
0	Primary, left ear	7	2009	CCDC135	70	35	0.5	primary
1	Lymph node metastasis, left cervical node	7	2009	CCDC135	95	37	0.5	metastasis
2	Locoregional skin metastasis, left ear	7	2009	CCDC135	130	20	0.5	metastasis
3	Distant skin metastasis, back	7	2009	CCDC135	94	14	0.5	metastasis
0	Primary, left ear	2	2010	ANO5	212	98	0.5	primary
1	Lymph node metastasis, left cervical node	2	2010	ANO5	204	78	0.5	metastasis
2	Locoregional skin metastasis, left ear	2	2010	ANO5	82	28	0.5	metastasis
3	Distant skin metastasis, back	2	2010	ANO5	184	57	0.5	metastasis
0	Primary, left ear	2	2011	COQ4	188	96	0.5	primary
1	Lymph node metastasis, left cervical node	2	2011	COQ4	222	83	0.5	metastasis
2	Locoregional skin metastasis, left ear	2	2011	COQ4	275	70	0.5	metastasis
3	Distant skin metastasis, back	2	2011	COQ4	217	95	0.5	metastasis
0	Primary, left ear	7	2012	KCNH5	75	28	0.5	primary
1	Lymph node metastasis, left cervical node	7	2012	KCNH5	89	39	0.5	metastasis
2	Locoregional skin metastasis, left ear	7	2012	KCNH5	45	4	0.5	metastasis
3	Distant skin metastasis, back	7	2012	KCNH5	68	24	0.5	metastasis
0	Primary, left ear	6	2013	LCA5	208	102	0.5	primary
1	Lymph node metastasis, left cervical node	6	2013	LCA5	199	63	0.5	metastasis
2	Locoregional skin metastasis, left ear	6	2013	LCA5	57	9	0.5	metastasis
3	Distant skin metastasis, back	6	2013	LCA5	195	54	0.5	metastasis
0	Primary, left ear	2	2014	HPX	163	78	0.5	primary
1	Lymph node metastasis, left cervical node	2	2014	HPX	178	58	0.5	metastasis
2	Locoregional skin metastasis, left ear	2	2014	HPX	119	31	0.5	metastasis
3	Distant skin metastasis, back	2	2014	HPX	184	66	0.5	metastasis
0	Primary, left ear	1	2015	TTN	178	88	0.5	primary
1	Lymph node metastasis, left cervical node	1	2015	TTN	262	52	0.5	metastasis
2	Locoregional skin metastasis, left ear	1	2015	TTN	186	43	0.5	metastasis
3	Distant skin metastasis, back	1	2015	TTN	149	61	0.5	metastasis
0	Primary, left ear	2	2016	ILVBL	15	13	0.5	primary
1	Lymph node metastasis, left cervical node	2	2016	ILVBL	12	10	0.5	metastasis
2	Locoregional skin metastasis, left ear	2	2016	ILVBL	19	4	0.5	metastasis
3	Distant skin metastasis, back	2	2016	ILVBL	22	6	0.5	metastasis
0	Primary, left ear	2	2017	E2F4	25	10	0.5	primary
1	Lymph node metastasis, left cervical node	2	2017	E2F4	22	11	0.5	metastasis
2	Locoregional skin metastasis, left ear	2	2017	E2F4	23	8	0.5	metastasis
3	Distant skin metastasis, back	2	2017	E2F4	30	17	0.5	metastasis
0	Primary, left ear	4	2018	DSE	68	24	0.5	primary
1	Lymph node metastasis, left cervical node	4	2018	DSE	87	17	0.5	metastasis
2	Locoregional skin metastasis, left ear	4	2018	DSE	51	8	0.5	metastasis
3	Distant skin metastasis, back	4	2018	DSE	71	18	0.5	metastasis
0	Primary, left ear	2	2019	CHRNB2	160	101	0.5	primary
1	Lymph node metastasis, left cervical node	2	2019	CHRNB2	194	95	0.5	metastasis
2	Locoregional skin metastasis, left ear	2	2019	CHRNB2	291	69	0.5	metastasis
3	Distant skin metastasis, back	2	2019	CHRNB2	206	99	0.5	metastasis
0	Primary, left ear	6	2020	SIGLEC1	64	52	0.5	primary
1	Lymph node metastasis, left cervical node	6	2020	SIGLEC1	95	24	0.5	metastasis
2	Locoregional skin metastasis, left ear	6	2020	SIGLEC1	106	26	0.5	metastasis
3	Distant skin metastasis, back	6	2020	SIGLEC1	88	24	0.5	metastasis
0	Primary, left ear	7	2021	MACROD2	22	5	0.5	primary
1	Lymph node metastasis, left cervical node	7	2021	MACROD2	33	9	0.5	metastasis
2	Locoregional skin metastasis, left ear	7	2021	MACROD2	10	4	0.5	metastasis
3	Distant skin metastasis, back	7	2021	MACROD2	23	4	0.5	metastasis
0	Primary, left ear	2	2022	SLC38A11	32	18	0.5	primary
1	Lymph node metastasis, left cervical node	2	2022	SLC38A11	38	12	0.5	metastasis
2	Locoregional skin metastasis, left ear	2	2022	SLC38A11	13	0	0.5	metastasis
3	Distant skin metastasis, back	2	2022	SLC38A11	35	16	0.5	metastasis
0	Primary, left ear	4	2023	SLC5A12	39	14	0.5	primary
1	Lymph node metastasis, left cervical node	4	2023	SLC5A12	53	15	0.5	metastasis
2	Locoregional skin metastasis, left ear	4	2023	SLC5A12	18	1	0.5	metastasis
3	Distant skin metastasis, back	4	2023	SLC5A12	42	12	0.5	metastasis
0	Primary, left ear	2	2024	LRRIQ3	195	125	0.5	primary
1	Lymph node metastasis, left cervical node	2	2024	LRRIQ3	204	95	0.5	metastasis
2	Locoregional skin metastasis, left ear	2	2024	LRRIQ3	93	18	0.5	metastasis
3	Distant skin metastasis, back	2	2024	LRRIQ3	172	59	0.5	metastasis
0	Primary, left ear	7	2025	CTNNA2	144	66	0.5	primary
1	Lymph node metastasis, left cervical node	7	2025	CTNNA2	179	61	0.5	metastasis
2	Locoregional skin metastasis, left ear	7	2025	CTNNA2	223	37	0.5	metastasis
3	Distant skin metastasis, back	7	2025	CTNNA2	129	47	0.5	metastasis
0	Primary, left ear	2	2026	AKNA	55	31	0.5	primary
1	Lymph node metastasis, left cervical node	2	2026	AKNA	79	33	0.5	metastasis
2	Locoregional skin metastasis, left ear	2	2026	AKNA	75	29	0.5	metastasis
3	Distant skin metastasis, back	2	2026	AKNA	71	23	0.5	metastasis
0	Primary, left ear	2	2027	STXBP2	77	24	0.5	primary
1	Lymph node metastasis, left cervical node	2	2027	STXBP2	86	47	0.5	metastasis
2	Locoregional skin metastasis, left ear	2	2027	STXBP2	106	31	0.5	metastasis
3	Distant skin metastasis, back	2	2027	STXBP2	90	33	0.5	metastasis
0	Primary, left ear	2	2028	CRB1	160	84	0.5	primary
1	Lymph node metastasis, left cervical node	2	2028	CRB1	208	68	0.5	metastasis
2	Locoregional skin metastasis, left ear	2	2028	CRB1	60	19	0.5	metastasis
3	Distant skin metastasis, back	2	2028	CRB1	149	55	0.5	metastasis
0	Primary, left ear	6	2029	DUSP27	18	14	0.5	primary
1	Lymph node metastasis, left cervical node	6	2029	DUSP27	38	7	0.5	metastasis
2	Locoregional skin metastasis, left ear	6	2029	DUSP27	28	9	0.5	metastasis
3	Distant skin metastasis, back	6	2029	DUSP27	25	7	0.5	metastasis
0	Primary, left ear	7	2030	ELAVL4	209	103	0.5	primary
1	Lymph node metastasis, left cervical node	7	2030	ELAVL4	213	106	0.5	metastasis
2	Locoregional skin metastasis, left ear	7	2030	ELAVL4	247	55	0.5	metastasis
3	Distant skin metastasis, back	7	2030	ELAVL4	264	77	0.5	metastasis
0	Primary, left ear	2	2031	FHL2	50	23	0.5	primary
1	Lymph node metastasis, left cervical node	2	2031	FHL2	44	23	0.5	metastasis
2	Locoregional skin metastasis, left ear	2	2031	FHL2	48	25	0.5	metastasis
3	Distant skin metastasis, back	2	2031	FHL2	40	22	0.5	metastasis
0	Primary, left ear	7	2032	BET3L	92	35	0.5	primary
1	Lymph node metastasis, left cervical node	7	2032	BET3L	110	44	0.5	metastasis
2	Locoregional skin metastasis, left ear	7	2032	BET3L	123	26	0.5	metastasis
3	Distant skin metastasis, back	7	2032	BET3L	119	30	0.5	metastasis
0	Primary, left ear	7	2033	CRCT1	353	146	0.5	primary
1	Lymph node metastasis, left cervical node	7	2033	CRCT1	318	109	0.5	metastasis
2	Locoregional skin metastasis, left ear	7	2033	CRCT1	429	83	0.5	metastasis
3	Distant skin metastasis, back	7	2033	CRCT1	278	89	0.5	metastasis
0	Primary, left ear	7	2034	FCN1	391	198	0.5	primary
1	Lymph node metastasis, left cervical node	7	2034	FCN1	487	190	0.5	metastasis
2	Locoregional skin metastasis, left ear	7	2034	FCN1	689	136	0.5	metastasis
3	Distant skin metastasis, back	7	2034	FCN1	446	132	0.5	metastasis
0	Primary, left ear	1	2035	ATP13A3	28	9	0.5	primary
1	Lymph node metastasis, left cervical node	1	2035	ATP13A3	37	7	0.5	metastasis
2	Locoregional skin metastasis, left ear	1	2035	ATP13A3	23	6	0.5	metastasis
3	Distant skin metastasis, back	1	2035	ATP13A3	25	9	0.5	metastasis
0	Primary, left ear	7	2036	TDRD5	187	75	0.5	primary
1	Lymph node metastasis, left cervical node	7	2036	TDRD5	221	85	0.5	metastasis
2	Locoregional skin metastasis, left ear	7	2036	TDRD5	204	37	0.5	metastasis
3	Distant skin metastasis, back	7	2036	TDRD5	183	63	0.5	metastasis
0	Primary, left ear	1	2037	LTBP1	178	76	0.5	primary
1	Lymph node metastasis, left cervical node	1	2037	LTBP1	213	62	0.5	metastasis
2	Locoregional skin metastasis, left ear	1	2037	LTBP1	68	17	0.5	metastasis
3	Distant skin metastasis, back	1	2037	LTBP1	186	67	0.5	metastasis
0	Primary, left ear	2	2038	FHL5	148	96	0.5	primary
1	Lymph node metastasis, left cervical node	2	2038	FHL5	184	82	0.5	metastasis
2	Locoregional skin metastasis, left ear	2	2038	FHL5	72	24	0.5	metastasis
3	Distant skin metastasis, back	2	2038	FHL5	161	61	0.5	metastasis
0	Primary, left ear	7	2039	ABCC8	115	29	0.5	primary
1	Lymph node metastasis, left cervical node	7	2039	ABCC8	111	55	0.5	metastasis
2	Locoregional skin metastasis, left ear	7	2039	ABCC8	95	12	0.5	metastasis
3	Distant skin metastasis, back	7	2039	ABCC8	103	49	0.5	metastasis
0	Primary, left ear	6	2040	STXBP5L	135	57	0.5	primary
1	Lymph node metastasis, left cervical node	6	2040	STXBP5L	128	37	0.5	metastasis
2	Locoregional skin metastasis, left ear	6	2040	STXBP5L	72	21	0.5	metastasis
3	Distant skin metastasis, back	6	2040	STXBP5L	133	36	0.5	metastasis
0	Primary, left ear	2	2041	CCDC56	63	31	0.5	primary
1	Lymph node metastasis, left cervical node	2	2041	CCDC56	76	32	0.5	metastasis
2	Locoregional skin metastasis, left ear	2	2041	CCDC56	66	15	0.5	metastasis
3	Distant skin metastasis, back	2	2041	CCDC56	57	44	0.5	metastasis
0	Primary, left ear	4	2042	USP16	122	44	0.5	primary
1	Lymph node metastasis, left cervical node	4	2042	USP16	119	33	0.5	metastasis
2	Locoregional skin metastasis, left ear	4	2042	USP16	42	9	0.5	metastasis
3	Distant skin metastasis, back	4	2042	USP16	92	29	0.5	metastasis
0	Primary, left ear	4	2043	OR51E1	361	132	0.5	primary
1	Lymph node metastasis, left cervical node	4	2043	OR51E1	362	109	0.5	metastasis
2	Locoregional skin metastasis, left ear	4	2043	OR51E1	492	90	0.5	metastasis
3	Distant skin metastasis, back	4	2043	OR51E1	320	85	0.5	metastasis
0	Primary, left ear	1	2044	ANKRD26P1	97	31	0.5	primary
1	Lymph node metastasis, left cervical node	1	2044	ANKRD26P1	133	24	0.5	metastasis
2	Locoregional skin metastasis, left ear	1	2044	ANKRD26P1	46	8	0.5	metastasis
3	Distant skin metastasis, back	1	2044	ANKRD26P1	87	40	0.5	metastasis
0	Primary, left ear	2	2045	ITGB4	81	46	0.5	primary
1	Lymph node metastasis, left cervical node	2	2045	ITGB4	107	43	0.5	metastasis
2	Locoregional skin metastasis, left ear	2	2045	ITGB4	116	26	0.5	metastasis
3	Distant skin metastasis, back	2	2045	ITGB4	120	45	0.5	metastasis
0	Primary, left ear	3	2046	CPAMD8	58	23	0.5	primary
1	Lymph node metastasis, left cervical node	3	2046	CPAMD8	86	30	0.5	metastasis
2	Locoregional skin metastasis, left ear	3	2046	CPAMD8	95	10	0.5	metastasis
3	Distant skin metastasis, back	3	2046	CPAMD8	80	14	0.5	metastasis
0	Primary, left ear	2	2047	ZP2	335	182	0.5	primary
1	Lymph node metastasis, left cervical node	2	2047	ZP2	448	221	0.5	metastasis
2	Locoregional skin metastasis, left ear	2	2047	ZP2	427	93	0.5	metastasis
3	Distant skin metastasis, back	2	2047	ZP2	336	158	0.5	metastasis
0	Primary, left ear	7	2048	CHERP	42	16	0.5	primary
1	Lymph node metastasis, left cervical node	7	2048	CHERP	55	20	0.5	metastasis
2	Locoregional skin metastasis, left ear	7	2048	CHERP	117	17	0.5	metastasis
3	Distant skin metastasis, back	7	2048	CHERP	55	19	0.5	metastasis
0	Primary, left ear	2	2049	BOD1P	116	48	0.5	primary
1	Lymph node metastasis, left cervical node	2	2049	BOD1P	100	41	0.5	metastasis
2	Locoregional skin metastasis, left ear	2	2049	BOD1P	158	41	0.5	metastasis
3	Distant skin metastasis, back	2	2049	BOD1P	105	31	0.5	metastasis
0	Primary, left ear	2	2050	IFT57	117	57	0.5	primary
1	Lymph node metastasis, left cervical node	2	2050	IFT57	97	42	0.5	metastasis
2	Locoregional skin metastasis, left ear	2	2050	IFT57	55	14	0.5	metastasis
3	Distant skin metastasis, back	2	2050	IFT57	83	34	0.5	metastasis
0	Primary, left ear	2	2051	VTCN1	24	11	0.5	primary
1	Lymph node metastasis, left cervical node	2	2051	VTCN1	40	20	0.5	metastasis
2	Locoregional skin metastasis, left ear	2	2051	VTCN1	24	4	0.5	metastasis
3	Distant skin metastasis, back	2	2051	VTCN1	34	17	0.5	metastasis
0	Primary, left ear	7	2052	SGMS1	220	110	0.5	primary
1	Lymph node metastasis, left cervical node	7	2052	SGMS1	244	93	0.5	metastasis
2	Locoregional skin metastasis, left ear	7	2052	SGMS1	219	58	0.5	metastasis
3	Distant skin metastasis, back	7	2052	SGMS1	228	53	0.5	metastasis
0	Primary, left ear	1	2053	DGKD	164	52	0.5	primary
1	Lymph node metastasis, left cervical node	1	2053	DGKD	170	61	0.5	metastasis
2	Locoregional skin metastasis, left ear	1	2053	DGKD	217	47	0.5	metastasis
3	Distant skin metastasis, back	1	2053	DGKD	147	61	0.5	metastasis
0	Primary, left ear	4	2054	DCST2	37	17	0.5	primary
1	Lymph node metastasis, left cervical node	4	2054	DCST2	59	11	0.5	metastasis
2	Locoregional skin metastasis, left ear	4	2054	DCST2	85	10	0.5	metastasis
3	Distant skin metastasis, back	4	2054	DCST2	62	17	0.5	metastasis
0	Primary, left ear	4	2055	SYNE1	84	34	0.5	primary
1	Lymph node metastasis, left cervical node	4	2055	SYNE1	100	22	0.5	metastasis
2	Locoregional skin metastasis, left ear	4	2055	SYNE1	41	5	0.5	metastasis
3	Distant skin metastasis, back	4	2055	SYNE1	74	24	0.5	metastasis
0	Primary, left ear	6	2056	OR4A15	361	167	0.5	primary
1	Lymph node metastasis, left cervical node	6	2056	OR4A15	435	126	0.5	metastasis
2	Locoregional skin metastasis, left ear	6	2056	OR4A15	319	69	0.5	metastasis
3	Distant skin metastasis, back	6	2056	OR4A15	328	106	0.5	metastasis
0	Primary, left ear	2	2057	AADAC	76	46	0.5	primary
1	Lymph node metastasis, left cervical node	2	2057	AADAC	85	30	0.5	metastasis
2	Locoregional skin metastasis, left ear	2	2057	AADAC	44	17	0.5	metastasis
3	Distant skin metastasis, back	2	2057	AADAC	80	22	0.5	metastasis
0	Primary, left ear	4	2058	SCN3A	58	25	0.5	primary
1	Lymph node metastasis, left cervical node	4	2058	SCN3A	64	10	0.5	metastasis
2	Locoregional skin metastasis, left ear	4	2058	SCN3A	35	4	0.5	metastasis
3	Distant skin metastasis, back	4	2058	SCN3A	58	19	0.5	metastasis
0	Primary, left ear	7	2059	TNR	141	65	0.5	primary
1	Lymph node metastasis, left cervical node	7	2059	TNR	134	57	0.5	metastasis
2	Locoregional skin metastasis, left ear	7	2059	TNR	205	24	0.5	metastasis
3	Distant skin metastasis, back	7	2059	TNR	141	37	0.5	metastasis
0	Primary, left ear	2	2060	NPHP3	77	33	0.5	primary
1	Lymph node metastasis, left cervical node	2	2060	NPHP3	96	31	0.5	metastasis
2	Locoregional skin metastasis, left ear	2	2060	NPHP3	34	9	0.5	metastasis
3	Distant skin metastasis, back	2	2060	NPHP3	80	32	0.5	metastasis
0	Primary, left ear	2	2061	DSC1	392	203	0.5	primary
1	Lymph node metastasis, left cervical node	2	2061	DSC1	448	165	0.5	metastasis
2	Locoregional skin metastasis, left ear	2	2061	DSC1	313	73	0.5	metastasis
3	Distant skin metastasis, back	2	2061	DSC1	403	141	0.5	metastasis
0	Primary, left ear	2	2062	ANTXR1	44	26	0.5	primary
1	Lymph node metastasis, left cervical node	2	2062	ANTXR1	54	19	0.5	metastasis
2	Locoregional skin metastasis, left ear	2	2062	ANTXR1	72	17	0.5	metastasis
3	Distant skin metastasis, back	2	2062	ANTXR1	76	30	0.5	metastasis
0	Primary, left ear	2	2063	LAMA1	131	74	0.5	primary
1	Lymph node metastasis, left cervical node	2	2063	LAMA1	173	61	0.5	metastasis
2	Locoregional skin metastasis, left ear	2	2063	LAMA1	171	21	0.5	metastasis
3	Distant skin metastasis, back	2	2063	LAMA1	163	77	0.5	metastasis
0	Primary, left ear	2	2064	ZNF365	48	32	0.5	primary
1	Lymph node metastasis, left cervical node	2	2064	ZNF365	57	20	0.5	metastasis
2	Locoregional skin metastasis, left ear	2	2064	ZNF365	39	11	0.5	metastasis
3	Distant skin metastasis, back	2	2064	ZNF365	47	17	0.5	metastasis
0	Primary, left ear	2	2065	LPA	136	58	0.5	primary
1	Lymph node metastasis, left cervical node	2	2065	LPA	134	47	0.5	metastasis
2	Locoregional skin metastasis, left ear	2	2065	LPA	107	23	0.5	metastasis
3	Distant skin metastasis, back	2	2065	LPA	101	38	0.5	metastasis
0	Primary, left ear	4	2066	ANKRD30A	32	14	0.5	primary
1	Lymph node metastasis, left cervical node	4	2066	ANKRD30A	37	8	0.5	metastasis
2	Locoregional skin metastasis, left ear	4	2066	ANKRD30A	38	3	0.5	metastasis
3	Distant skin metastasis, back	4	2066	ANKRD30A	44	14	0.5	metastasis
0	Primary, left ear	4	2067	ZEB1	318	121	0.5	primary
1	Lymph node metastasis, left cervical node	4	2067	ZEB1	345	108	0.5	metastasis
2	Locoregional skin metastasis, left ear	4	2067	ZEB1	227	53	0.5	metastasis
3	Distant skin metastasis, back	4	2067	ZEB1	321	100	0.5	metastasis
0	Primary, left ear	7	2068	TTN	337	148	0.5	primary
1	Lymph node metastasis, left cervical node	7	2068	TTN	292	109	0.5	metastasis
2	Locoregional skin metastasis, left ear	7	2068	TTN	313	62	0.5	metastasis
3	Distant skin metastasis, back	7	2068	TTN	303	83	0.5	metastasis
0	Primary, left ear	7	2069	MASTL	98	51	0.5	primary
1	Lymph node metastasis, left cervical node	7	2069	MASTL	139	55	0.5	metastasis
2	Locoregional skin metastasis, left ear	7	2069	MASTL	46	13	0.5	metastasis
3	Distant skin metastasis, back	7	2069	MASTL	118	27	0.5	metastasis
0	Primary, left ear	4	2070	EPHA7	356	150	0.5	primary
1	Lymph node metastasis, left cervical node	4	2070	EPHA7	360	118	0.5	metastasis
2	Locoregional skin metastasis, left ear	4	2070	EPHA7	204	34	0.5	metastasis
3	Distant skin metastasis, back	4	2070	EPHA7	344	94	0.5	metastasis
0	Primary, left ear	7	2071	IGSF10	96	35	0.5	primary
1	Lymph node metastasis, left cervical node	7	2071	IGSF10	93	40	0.5	metastasis
2	Locoregional skin metastasis, left ear	7	2071	IGSF10	86	15	0.5	metastasis
3	Distant skin metastasis, back	7	2071	IGSF10	84	23	0.5	metastasis
0	Primary, left ear	1	2072	WDFY4	67	35	0.5	primary
1	Lymph node metastasis, left cervical node	1	2072	WDFY4	85	18	0.5	metastasis
2	Locoregional skin metastasis, left ear	1	2072	WDFY4	90	12	0.5	metastasis
3	Distant skin metastasis, back	1	2072	WDFY4	61	24	0.5	metastasis
0	Primary, left ear	6	2073	COL3A1	201	78	0.5	primary
1	Lymph node metastasis, left cervical node	6	2073	COL3A1	153	46	0.5	metastasis
2	Locoregional skin metastasis, left ear	6	2073	COL3A1	169	52	0.5	metastasis
3	Distant skin metastasis, back	6	2073	COL3A1	141	42	0.5	metastasis
0	Primary, left ear	7	2074	SERPINB12	190	79	0.5	primary
1	Lymph node metastasis, left cervical node	7	2074	SERPINB12	207	84	0.5	metastasis
2	Locoregional skin metastasis, left ear	7	2074	SERPINB12	278	48	0.5	metastasis
3	Distant skin metastasis, back	7	2074	SERPINB12	175	60	0.5	metastasis
0	Primary, left ear	7	2075	TTN	105	45	0.5	primary
1	Lymph node metastasis, left cervical node	7	2075	TTN	83	40	0.5	metastasis
2	Locoregional skin metastasis, left ear	7	2075	TTN	43	9	0.5	metastasis
3	Distant skin metastasis, back	7	2075	TTN	95	23	0.5	metastasis
0	Primary, left ear	2	2076	KRT9	82	31	0.5	primary
1	Lymph node metastasis, left cervical node	2	2076	KRT9	81	43	0.5	metastasis
2	Locoregional skin metastasis, left ear	2	2076	KRT9	77	23	0.5	metastasis
3	Distant skin metastasis, back	2	2076	KRT9	78	54	0.5	metastasis
0	Primary, left ear	2	2077	PHF3	101	70	0.5	primary
1	Lymph node metastasis, left cervical node	2	2077	PHF3	101	38	0.5	metastasis
2	Locoregional skin metastasis, left ear	2	2077	PHF3	57	18	0.5	metastasis
3	Distant skin metastasis, back	2	2077	PHF3	135	37	0.5	metastasis
0	Primary, left ear	7	2078	PRRC2C	1337	614	0.5	primary
1	Lymph node metastasis, left cervical node	7	2078	PRRC2C	1531	558	0.5	metastasis
2	Locoregional skin metastasis, left ear	7	2078	PRRC2C	1718	394	0.5	metastasis
3	Distant skin metastasis, back	7	2078	PRRC2C	1412	399	0.5	metastasis
0	Primary, left ear	1	2079	NTRK2	269	111	0.5	primary
1	Lymph node metastasis, left cervical node	1	2079	NTRK2	291	102	0.5	metastasis
2	Locoregional skin metastasis, left ear	1	2079	NTRK2	324	65	0.5	metastasis
3	Distant skin metastasis, back	1	2079	NTRK2	222	90	0.5	metastasis
0	Primary, left ear	1	2080	SGMS1	93	47	0.5	primary
1	Lymph node metastasis, left cervical node	1	2080	SGMS1	83	23	0.5	metastasis
2	Locoregional skin metastasis, left ear	1	2080	SGMS1	33	7	0.5	metastasis
3	Distant skin metastasis, back	1	2080	SGMS1	57	23	0.5	metastasis
0	Primary, left ear	2	2081	KLHL33	117	49	0.5	primary
1	Lymph node metastasis, left cervical node	2	2081	KLHL33	115	53	0.5	metastasis
2	Locoregional skin metastasis, left ear	2	2081	KLHL33	128	41	0.5	metastasis
3	Distant skin metastasis, back	2	2081	KLHL33	95	43	0.5	metastasis
0	Primary, left ear	6	2082	FAM160A2	291	142	0.5	primary
1	Lymph node metastasis, left cervical node	6	2082	FAM160A2	308	96	0.5	metastasis
2	Locoregional skin metastasis, left ear	6	2082	FAM160A2	282	69	0.5	metastasis
3	Distant skin metastasis, back	6	2082	FAM160A2	328	105	0.5	metastasis
0	Primary, left ear	6	2083	AGL	64	36	0.5	primary
1	Lymph node metastasis, left cervical node	6	2083	AGL	92	27	0.5	metastasis
2	Locoregional skin metastasis, left ear	6	2083	AGL	52	7	0.5	metastasis
3	Distant skin metastasis, back	6	2083	AGL	59	17	0.5	metastasis
0	Primary, left ear	1	2084	PHKG2	96	51	0.5	primary
1	Lymph node metastasis, left cervical node	1	2084	PHKG2	132	25	0.5	metastasis
2	Locoregional skin metastasis, left ear	1	2084	PHKG2	165	25	0.5	metastasis
3	Distant skin metastasis, back	1	2084	PHKG2	110	53	0.5	metastasis
0	Primary, left ear	2	2085	PITPNM2	42	29	0.5	primary
1	Lymph node metastasis, left cervical node	2	2085	PITPNM2	47	26	0.5	metastasis
2	Locoregional skin metastasis, left ear	2	2085	PITPNM2	62	10	0.5	metastasis
3	Distant skin metastasis, back	2	2085	PITPNM2	57	27	0.5	metastasis
0	Primary, left ear	7	2086	GMNC	81	20	0.5	primary
1	Lymph node metastasis, left cervical node	7	2086	GMNC	96	44	0.5	metastasis
2	Locoregional skin metastasis, left ear	7	2086	GMNC	67	11	0.5	metastasis
3	Distant skin metastasis, back	7	2086	GMNC	70	24	0.5	metastasis
0	Primary, left ear	7	2087	TXK	38	11	0.5	primary
1	Lymph node metastasis, left cervical node	7	2087	TXK	40	17	0.5	metastasis
2	Locoregional skin metastasis, left ear	7	2087	TXK	29	7	0.5	metastasis
3	Distant skin metastasis, back	7	2087	TXK	42	13	0.5	metastasis
0	Primary, left ear	7	2088	OTOL1	96	35	0.5	primary
1	Lymph node metastasis, left cervical node	7	2088	OTOL1	86	31	0.5	metastasis
2	Locoregional skin metastasis, left ear	7	2088	OTOL1	54	10	0.5	metastasis
3	Distant skin metastasis, back	7	2088	OTOL1	68	21	0.5	metastasis
0	Primary, left ear	2	2089	TYK2	82	28	0.5	primary
1	Lymph node metastasis, left cervical node	2	2089	TYK2	101	35	0.5	metastasis
2	Locoregional skin metastasis, left ear	2	2089	TYK2	101	27	0.5	metastasis
3	Distant skin metastasis, back	2	2089	TYK2	95	36	0.5	metastasis
0	Primary, left ear	3	2090	INADL	72	16	0.5	primary
1	Lymph node metastasis, left cervical node	3	2090	INADL	76	37	0.5	metastasis
2	Locoregional skin metastasis, left ear	3	2090	INADL	126	18	0.5	metastasis
3	Distant skin metastasis, back	3	2090	INADL	81	11	0.5	metastasis
0	Primary, left ear	7	2091	MUC16	120	47	0.5	primary
1	Lymph node metastasis, left cervical node	7	2091	MUC16	126	58	0.5	metastasis
2	Locoregional skin metastasis, left ear	7	2091	MUC16	152	15	0.5	metastasis
3	Distant skin metastasis, back	7	2091	MUC16	135	51	0.5	metastasis
0	Primary, left ear	2	2092	NOSTRIN	78	40	0.5	primary
1	Lymph node metastasis, left cervical node	2	2092	NOSTRIN	97	42	0.5	metastasis
2	Locoregional skin metastasis, left ear	2	2092	NOSTRIN	37	6	0.5	metastasis
3	Distant skin metastasis, back	2	2092	NOSTRIN	96	29	0.5	metastasis
0	Primary, left ear	2	2093	GDF2	155	89	0.5	primary
1	Lymph node metastasis, left cervical node	2	2093	GDF2	186	67	0.5	metastasis
2	Locoregional skin metastasis, left ear	2	2093	GDF2	217	46	0.5	metastasis
3	Distant skin metastasis, back	2	2093	GDF2	158	67	0.5	metastasis
0	Primary, left ear	2	2094	TTN	239	108	0.5	primary
1	Lymph node metastasis, left cervical node	2	2094	TTN	231	90	0.5	metastasis
2	Locoregional skin metastasis, left ear	2	2094	TTN	132	33	0.5	metastasis
3	Distant skin metastasis, back	2	2094	TTN	187	78	0.5	metastasis
0	Primary, left ear	4	2095	PRMT3	45	18	0.5	primary
1	Lymph node metastasis, left cervical node	4	2095	PRMT3	48	10	0.5	metastasis
2	Locoregional skin metastasis, left ear	4	2095	PRMT3	34	0	0.5	metastasis
3	Distant skin metastasis, back	4	2095	PRMT3	41	18	0.5	metastasis
0	Primary, left ear	4	2096	RORB	50	13	0.5	primary
1	Lymph node metastasis, left cervical node	4	2096	RORB	55	14	0.5	metastasis
2	Locoregional skin metastasis, left ear	4	2096	RORB	47	9	0.5	metastasis
3	Distant skin metastasis, back	4	2096	RORB	36	6	0.5	metastasis
0	Primary, left ear	2	2097	PRAME	227	158	0.5	primary
1	Lymph node metastasis, left cervical node	2	2097	PRAME	298	148	0.5	metastasis
2	Locoregional skin metastasis, left ear	2	2097	PRAME	227	45	0.5	metastasis
3	Distant skin metastasis, back	2	2097	PRAME	276	139	0.5	metastasis
0	Primary, left ear	2	2098	EFEMP1	366	187	0.5	primary
1	Lymph node metastasis, left cervical node	2	2098	EFEMP1	412	192	0.5	metastasis
2	Locoregional skin metastasis, left ear	2	2098	EFEMP1	414	100	0.5	metastasis
3	Distant skin metastasis, back	2	2098	EFEMP1	352	124	0.5	metastasis
0	Primary, left ear	4	2099	FRMD3	58	13	0.5	primary
1	Lymph node metastasis, left cervical node	4	2099	FRMD3	44	15	0.5	metastasis
2	Locoregional skin metastasis, left ear	4	2099	FRMD3	17	3	0.5	metastasis
3	Distant skin metastasis, back	4	2099	FRMD3	38	9	0.5	metastasis
0	Primary, left ear	6	2100	TRPV4	104	47	0.5	primary
1	Lymph node metastasis, left cervical node	6	2100	TRPV4	134	36	0.5	metastasis
2	Locoregional skin metastasis, left ear	6	2100	TRPV4	164	31	0.5	metastasis
3	Distant skin metastasis, back	6	2100	TRPV4	110	37	0.5	metastasis
0	Primary, left ear	6	2101	TDP1	42	27	0.5	primary
1	Lymph node metastasis, left cervical node	6	2101	TDP1	53	14	0.5	metastasis
2	Locoregional skin metastasis, left ear	6	2101	TDP1	48	11	0.5	metastasis
3	Distant skin metastasis, back	6	2101	TDP1	60	18	0.5	metastasis
0	Primary, left ear	2	2102	CLDN14	42	19	0.5	primary
1	Lymph node metastasis, left cervical node	2	2102	CLDN14	71	30	0.5	metastasis
2	Locoregional skin metastasis, left ear	2	2102	CLDN14	78	19	0.5	metastasis
3	Distant skin metastasis, back	2	2102	CLDN14	56	34	0.5	metastasis
0	Primary, left ear	6	2103	OR8K3	351	183	0.5	primary
1	Lymph node metastasis, left cervical node	6	2103	OR8K3	402	137	0.5	metastasis
2	Locoregional skin metastasis, left ear	6	2103	OR8K3	198	40	0.5	metastasis
3	Distant skin metastasis, back	6	2103	OR8K3	352	113	0.5	metastasis
0	Primary, left ear	2	2104	CFHR2	7	2	0.5	primary
1	Lymph node metastasis, left cervical node	2	2104	CFHR2	4	4	0.5	metastasis
2	Locoregional skin metastasis, left ear	2	2104	CFHR2	3	3	0.5	metastasis
3	Distant skin metastasis, back	2	2104	CFHR2	3	0	0.5	metastasis
0	Primary, left ear	1	2105	SLC39A13	429	164	0.5	primary
1	Lymph node metastasis, left cervical node	1	2105	SLC39A13	594	172	0.5	metastasis
2	Locoregional skin metastasis, left ear	1	2105	SLC39A13	550	110	0.5	metastasis
3	Distant skin metastasis, back	1	2105	SLC39A13	556	206	0.5	metastasis
0	Primary, left ear	7	2106	JAG2	30	12	0.5	primary
1	Lymph node metastasis, left cervical node	7	2106	JAG2	27	10	0.5	metastasis
2	Locoregional skin metastasis, left ear	7	2106	JAG2	42	7	0.5	metastasis
3	Distant skin metastasis, back	7	2106	JAG2	27	6	0.5	metastasis
0	Primary, left ear	2	2107	BX648926	112	56	0.5	primary
1	Lymph node metastasis, left cervical node	2	2107	BX648926	157	51	0.5	metastasis
2	Locoregional skin metastasis, left ear	2	2107	BX648926	165	36	0.5	metastasis
3	Distant skin metastasis, back	2	2107	BX648926	130	50	0.5	metastasis
0	Primary, left ear	1	2108	GANAB	120	35	0.5	primary
1	Lymph node metastasis, left cervical node	1	2108	GANAB	130	48	0.5	metastasis
2	Locoregional skin metastasis, left ear	1	2108	GANAB	101	25	0.5	metastasis
3	Distant skin metastasis, back	1	2108	GANAB	93	43	0.5	metastasis
0	Primary, left ear	7	2109	OR5K3	132	68	0.5	primary
1	Lymph node metastasis, left cervical node	7	2109	OR5K3	171	65	0.5	metastasis
2	Locoregional skin metastasis, left ear	7	2109	OR5K3	68	11	0.5	metastasis
3	Distant skin metastasis, back	7	2109	OR5K3	152	40	0.5	metastasis
0	Primary, left ear	2	2110	MTMR3	108	49	0.5	primary
1	Lymph node metastasis, left cervical node	2	2110	MTMR3	99	38	0.5	metastasis
2	Locoregional skin metastasis, left ear	2	2110	MTMR3	101	27	0.5	metastasis
3	Distant skin metastasis, back	2	2110	MTMR3	88	37	0.5	metastasis
0	Primary, left ear	1	2111	CIZ1	53	16	0.5	primary
1	Lymph node metastasis, left cervical node	1	2111	CIZ1	80	21	0.5	metastasis
2	Locoregional skin metastasis, left ear	1	2111	CIZ1	94	23	0.5	metastasis
3	Distant skin metastasis, back	1	2111	CIZ1	65	22	0.5	metastasis
0	Primary, left ear	7	2112	KIF18A	241	104	0.5	primary
1	Lymph node metastasis, left cervical node	7	2112	KIF18A	234	85	0.5	metastasis
2	Locoregional skin metastasis, left ear	7	2112	KIF18A	76	19	0.5	metastasis
3	Distant skin metastasis, back	7	2112	KIF18A	204	55	0.5	metastasis
0	Primary, left ear	2	2113	TBX4	245	154	0.5	primary
1	Lymph node metastasis, left cervical node	2	2113	TBX4	279	115	0.5	metastasis
2	Locoregional skin metastasis, left ear	2	2113	TBX4	339	89	0.5	metastasis
3	Distant skin metastasis, back	2	2113	TBX4	240	103	0.5	metastasis
0	Primary, left ear	7	2114	RYR2	188	98	0.5	primary
1	Lymph node metastasis, left cervical node	7	2114	RYR2	201	87	0.5	metastasis
2	Locoregional skin metastasis, left ear	7	2114	RYR2	270	55	0.5	metastasis
3	Distant skin metastasis, back	7	2114	RYR2	181	52	0.5	metastasis
0	Primary, left ear	2	2115	HEATR4	511	262	0.5	primary
1	Lymph node metastasis, left cervical node	2	2115	HEATR4	735	262	0.5	metastasis
2	Locoregional skin metastasis, left ear	2	2115	HEATR4	481	140	0.5	metastasis
3	Distant skin metastasis, back	2	2115	HEATR4	631	216	0.5	metastasis
0	Primary, left ear	7	2116	CUX2	137	65	0.5	primary
1	Lymph node metastasis, left cervical node	7	2116	CUX2	195	75	0.5	metastasis
2	Locoregional skin metastasis, left ear	7	2116	CUX2	271	62	0.5	metastasis
3	Distant skin metastasis, back	7	2116	CUX2	192	59	0.5	metastasis
0	Primary, left ear	2	2117	A1CF	30	15	0.5	primary
1	Lymph node metastasis, left cervical node	2	2117	A1CF	34	20	0.5	metastasis
2	Locoregional skin metastasis, left ear	2	2117	A1CF	37	8	0.5	metastasis
3	Distant skin metastasis, back	2	2117	A1CF	25	10	0.5	metastasis
0	Primary, left ear	1	2118	PDCD11	10	5	0.5	primary
1	Lymph node metastasis, left cervical node	1	2118	PDCD11	28	4	0.5	metastasis
2	Locoregional skin metastasis, left ear	1	2118	PDCD11	17	2	0.5	metastasis
3	Distant skin metastasis, back	1	2118	PDCD11	18	9	0.5	metastasis
0	Primary, left ear	2	2119	TET3	76	30	0.5	primary
1	Lymph node metastasis, left cervical node	2	2119	TET3	101	31	0.5	metastasis
2	Locoregional skin metastasis, left ear	2	2119	TET3	76	30	0.5	metastasis
3	Distant skin metastasis, back	2	2119	TET3	73	31	0.5	metastasis
0	Primary, left ear	4	2120	MTSS1L	113	38	0.5	primary
1	Lymph node metastasis, left cervical node	4	2120	MTSS1L	144	26	0.5	metastasis
2	Locoregional skin metastasis, left ear	4	2120	MTSS1L	154	39	0.5	metastasis
3	Distant skin metastasis, back	4	2120	MTSS1L	132	41	0.5	metastasis
0	Primary, left ear	2	2121	COQ6	115	67	0.5	primary
1	Lymph node metastasis, left cervical node	2	2121	COQ6	156	56	0.5	metastasis
2	Locoregional skin metastasis, left ear	2	2121	COQ6	136	26	0.5	metastasis
3	Distant skin metastasis, back	2	2121	COQ6	125	58	0.5	metastasis
0	Primary, left ear	2	2122	SLC9A9	33	8	0.5	primary
1	Lymph node metastasis, left cervical node	2	2122	SLC9A9	46	24	0.5	metastasis
2	Locoregional skin metastasis, left ear	2	2122	SLC9A9	10	2	0.5	metastasis
3	Distant skin metastasis, back	2	2122	SLC9A9	44	16	0.5	metastasis
0	Primary, left ear	2	2123	CELSR2	224	122	0.5	primary
1	Lymph node metastasis, left cervical node	2	2123	CELSR2	294	95	0.5	metastasis
2	Locoregional skin metastasis, left ear	2	2123	CELSR2	345	92	0.5	metastasis
3	Distant skin metastasis, back	2	2123	CELSR2	278	115	0.5	metastasis
0	Primary, left ear	7	2124	COQ7	48	17	0.5	primary
1	Lymph node metastasis, left cervical node	7	2124	COQ7	46	25	0.5	metastasis
2	Locoregional skin metastasis, left ear	7	2124	COQ7	59	11	0.5	metastasis
3	Distant skin metastasis, back	7	2124	COQ7	75	21	0.5	metastasis
0	Primary, left ear	7	2125	NEB	290	110	0.5	primary
1	Lymph node metastasis, left cervical node	7	2125	NEB	288	123	0.5	metastasis
2	Locoregional skin metastasis, left ear	7	2125	NEB	172	36	0.5	metastasis
3	Distant skin metastasis, back	7	2125	NEB	310	75	0.5	metastasis
0	Primary, left ear	4	2126	ARMC4	148	55	0.5	primary
1	Lymph node metastasis, left cervical node	4	2126	ARMC4	155	43	0.5	metastasis
2	Locoregional skin metastasis, left ear	4	2126	ARMC4	84	20	0.5	metastasis
3	Distant skin metastasis, back	4	2126	ARMC4	161	49	0.5	metastasis
0	Primary, left ear	2	2127	SOX8	59	40	0.5	primary
1	Lymph node metastasis, left cervical node	2	2127	SOX8	73	18	0.5	metastasis
2	Locoregional skin metastasis, left ear	2	2127	SOX8	120	26	0.5	metastasis
3	Distant skin metastasis, back	2	2127	SOX8	75	38	0.5	metastasis
0	Primary, left ear	6	2128	OR2L1P	101	63	0.5	primary
1	Lymph node metastasis, left cervical node	6	2128	OR2L1P	129	27	0.5	metastasis
2	Locoregional skin metastasis, left ear	6	2128	OR2L1P	102	22	0.5	metastasis
3	Distant skin metastasis, back	6	2128	OR2L1P	134	44	0.5	metastasis
0	Primary, left ear	2	2129	KIAA1217	66	34	0.5	primary
1	Lymph node metastasis, left cervical node	2	2129	KIAA1217	85	42	0.5	metastasis
2	Locoregional skin metastasis, left ear	2	2129	KIAA1217	89	23	0.5	metastasis
3	Distant skin metastasis, back	2	2129	KIAA1217	86	40	0.5	metastasis
0	Primary, left ear	6	2130	FERMT2	204	99	0.5	primary
1	Lymph node metastasis, left cervical node	6	2130	FERMT2	252	82	0.5	metastasis
2	Locoregional skin metastasis, left ear	6	2130	FERMT2	113	18	0.5	metastasis
3	Distant skin metastasis, back	6	2130	FERMT2	247	80	0.5	metastasis
0	Primary, left ear	2	2131	JSRP1	601	275	0.5	primary
1	Lymph node metastasis, left cervical node	2	2131	JSRP1	722	268	0.5	metastasis
2	Locoregional skin metastasis, left ear	2	2131	JSRP1	824	196	0.5	metastasis
3	Distant skin metastasis, back	2	2131	JSRP1	733	253	0.5	metastasis
0	Primary, left ear	4	2132	ESYT3	103	33	0.5	primary
1	Lymph node metastasis, left cervical node	4	2132	ESYT3	123	36	0.5	metastasis
2	Locoregional skin metastasis, left ear	4	2132	ESYT3	119	29	0.5	metastasis
3	Distant skin metastasis, back	4	2132	ESYT3	93	28	0.5	metastasis
0	Primary, left ear	1	2133	KRT28	511	202	0.5	primary
1	Lymph node metastasis, left cervical node	1	2133	KRT28	563	192	0.5	metastasis
2	Locoregional skin metastasis, left ear	1	2133	KRT28	382	78	0.5	metastasis
3	Distant skin metastasis, back	1	2133	KRT28	480	191	0.5	metastasis
0	Primary, left ear	1	2134	NSFL1C	158	56	0.5	primary
1	Lymph node metastasis, left cervical node	1	2134	NSFL1C	152	40	0.5	metastasis
2	Locoregional skin metastasis, left ear	1	2134	NSFL1C	174	35	0.5	metastasis
3	Distant skin metastasis, back	1	2134	NSFL1C	145	63	0.5	metastasis
0	Primary, left ear	6	2135	SELE	112	62	0.5	primary
1	Lymph node metastasis, left cervical node	6	2135	SELE	132	43	0.5	metastasis
2	Locoregional skin metastasis, left ear	6	2135	SELE	144	37	0.5	metastasis
3	Distant skin metastasis, back	6	2135	SELE	116	34	0.5	metastasis
0	Primary, left ear	7	2136	CNTN2	48	26	0.5	primary
1	Lymph node metastasis, left cervical node	7	2136	CNTN2	44	17	0.5	metastasis
2	Locoregional skin metastasis, left ear	7	2136	CNTN2	64	7	0.5	metastasis
3	Distant skin metastasis, back	7	2136	CNTN2	49	11	0.5	metastasis
0	Primary, left ear	2	2137	SIGIRR	58	31	0.5	primary
1	Lymph node metastasis, left cervical node	2	2137	SIGIRR	44	14	0.5	metastasis
2	Locoregional skin metastasis, left ear	2	2137	SIGIRR	79	24	0.5	metastasis
3	Distant skin metastasis, back	2	2137	SIGIRR	49	26	0.5	metastasis
0	Primary, left ear	7	2138	SLFN13	277	100	0.5	primary
1	Lymph node metastasis, left cervical node	7	2138	SLFN13	302	115	0.5	metastasis
2	Locoregional skin metastasis, left ear	7	2138	SLFN13	243	45	0.5	metastasis
3	Distant skin metastasis, back	7	2138	SLFN13	274	76	0.5	metastasis
0	Primary, left ear	4	2139	SLC39A12	185	67	0.5	primary
1	Lymph node metastasis, left cervical node	4	2139	SLC39A12	246	59	0.5	metastasis
2	Locoregional skin metastasis, left ear	4	2139	SLC39A12	78	14	0.5	metastasis
3	Distant skin metastasis, back	4	2139	SLC39A12	201	74	0.5	metastasis
0	Primary, left ear	2	2140	ZFP36L1	113	47	0.5	primary
1	Lymph node metastasis, left cervical node	2	2140	ZFP36L1	107	44	0.5	metastasis
2	Locoregional skin metastasis, left ear	2	2140	ZFP36L1	134	40	0.5	metastasis
3	Distant skin metastasis, back	2	2140	ZFP36L1	128	49	0.5	metastasis
0	Primary, left ear	2	2141	MYO18B	19	8	0.5	primary
1	Lymph node metastasis, left cervical node	2	2141	MYO18B	21	6	0.5	metastasis
2	Locoregional skin metastasis, left ear	2	2141	MYO18B	29	14	0.5	metastasis
3	Distant skin metastasis, back	2	2141	MYO18B	24	6	0.5	metastasis
0	Primary, left ear	7	2142	PTBP2	28	15	0.5	primary
1	Lymph node metastasis, left cervical node	7	2142	PTBP2	34	15	0.5	metastasis
2	Locoregional skin metastasis, left ear	7	2142	PTBP2	48	6	0.5	metastasis
3	Distant skin metastasis, back	7	2142	PTBP2	46	9	0.5	metastasis
0	Primary, left ear	7	2143	LPA	70	23	0.5	primary
1	Lymph node metastasis, left cervical node	7	2143	LPA	64	24	0.5	metastasis
2	Locoregional skin metastasis, left ear	7	2143	LPA	57	15	0.5	metastasis
3	Distant skin metastasis, back	7	2143	LPA	56	10	0.5	metastasis
0	Primary, left ear	2	2144	CNIH3	97	40	0.5	primary
1	Lymph node metastasis, left cervical node	2	2144	CNIH3	93	30	0.5	metastasis
2	Locoregional skin metastasis, left ear	2	2144	CNIH3	88	22	0.5	metastasis
3	Distant skin metastasis, back	2	2144	CNIH3	92	34	0.5	metastasis
0	Primary, left ear	2	2145	TMIGD1	195	100	0.5	primary
1	Lymph node metastasis, left cervical node	2	2145	TMIGD1	253	93	0.5	metastasis
2	Locoregional skin metastasis, left ear	2	2145	TMIGD1	189	56	0.5	metastasis
3	Distant skin metastasis, back	2	2145	TMIGD1	252	88	0.5	metastasis
0	Primary, left ear	2	2146	TRPM6	232	106	0.5	primary
1	Lymph node metastasis, left cervical node	2	2146	TRPM6	279	105	0.5	metastasis
2	Locoregional skin metastasis, left ear	2	2146	TRPM6	271	76	0.5	metastasis
3	Distant skin metastasis, back	2	2146	TRPM6	254	87	0.5	metastasis
0	Primary, left ear	4	2147	ALPK2	164	63	0.5	primary
1	Lymph node metastasis, left cervical node	4	2147	ALPK2	217	59	0.5	metastasis
2	Locoregional skin metastasis, left ear	4	2147	ALPK2	155	26	0.5	metastasis
3	Distant skin metastasis, back	4	2147	ALPK2	168	39	0.5	metastasis
0	Primary, left ear	2	2148	CPNE7	98	45	0.5	primary
1	Lymph node metastasis, left cervical node	2	2148	CPNE7	105	35	0.5	metastasis
2	Locoregional skin metastasis, left ear	2	2148	CPNE7	92	32	0.5	metastasis
3	Distant skin metastasis, back	2	2148	CPNE7	101	44	0.5	metastasis
0	Primary, left ear	7	2149	ROS1	488	195	0.5	primary
1	Lymph node metastasis, left cervical node	7	2149	ROS1	491	164	0.5	metastasis
2	Locoregional skin metastasis, left ear	7	2149	ROS1	222	49	0.5	metastasis
3	Distant skin metastasis, back	7	2149	ROS1	432	140	0.5	metastasis
0	Primary, left ear	7	2150	FRMPD2	82	38	0.5	primary
1	Lymph node metastasis, left cervical node	7	2150	FRMPD2	100	32	0.5	metastasis
2	Locoregional skin metastasis, left ear	7	2150	FRMPD2	115	17	0.5	metastasis
3	Distant skin metastasis, back	7	2150	FRMPD2	94	23	0.5	metastasis
0	Primary, left ear	5	2151	LRRIQ3	62	7	0.5	primary
1	Lymph node metastasis, left cervical node	5	2151	LRRIQ3	43	10	0.5	metastasis
2	Locoregional skin metastasis, left ear	5	2151	LRRIQ3	28	4	0.5	metastasis
3	Distant skin metastasis, back	5	2151	LRRIQ3	40	9	0.5	metastasis
0	Primary, left ear	6	2152	SVEP1	81	39	0.5	primary
1	Lymph node metastasis, left cervical node	6	2152	SVEP1	85	25	0.5	metastasis
2	Locoregional skin metastasis, left ear	6	2152	SVEP1	37	10	0.5	metastasis
3	Distant skin metastasis, back	6	2152	SVEP1	87	29	0.5	metastasis
0	Primary, left ear	7	2153	RTL1	140	55	0.5	primary
1	Lymph node metastasis, left cervical node	7	2153	RTL1	134	52	0.5	metastasis
2	Locoregional skin metastasis, left ear	7	2153	RTL1	203	42	0.5	metastasis
3	Distant skin metastasis, back	7	2153	RTL1	145	44	0.5	metastasis
0	Primary, left ear	3	2154	SDK2	88	27	0.5	primary
1	Lymph node metastasis, left cervical node	3	2154	SDK2	103	34	0.5	metastasis
2	Locoregional skin metastasis, left ear	3	2154	SDK2	112	23	0.5	metastasis
3	Distant skin metastasis, back	3	2154	SDK2	94	18	0.5	metastasis
0	Primary, left ear	6	2155	ZYG11A	99	50	0.5	primary
1	Lymph node metastasis, left cervical node	6	2155	ZYG11A	189	57	0.5	metastasis
2	Locoregional skin metastasis, left ear	6	2155	ZYG11A	58	16	0.5	metastasis
3	Distant skin metastasis, back	6	2155	ZYG11A	133	37	0.5	metastasis
0	Primary, left ear	8	2156	STAB2	26	0	0.5	primary
1	Lymph node metastasis, left cervical node	8	2156	STAB2	44	0	0.5	metastasis
2	Locoregional skin metastasis, left ear	8	2156	STAB2	31	0	0.5	metastasis
3	Distant skin metastasis, back	8	2156	STAB2	25	4	0.5	metastasis
0	Primary, left ear	7	2157	OR2T10	93	35	0.5	primary
1	Lymph node metastasis, left cervical node	7	2157	OR2T10	81	29	0.5	metastasis
2	Locoregional skin metastasis, left ear	7	2157	OR2T10	97	18	0.5	metastasis
3	Distant skin metastasis, back	7	2157	OR2T10	93	23	0.5	metastasis
0	Primary, left ear	4	2158	CRB1	164	49	0.5	primary
1	Lymph node metastasis, left cervical node	4	2158	CRB1	168	46	0.5	metastasis
2	Locoregional skin metastasis, left ear	4	2158	CRB1	67	14	0.5	metastasis
3	Distant skin metastasis, back	4	2158	CRB1	129	33	0.5	metastasis
0	Primary, left ear	4	2159	NFIA	185	69	0.5	primary
1	Lymph node metastasis, left cervical node	4	2159	NFIA	231	74	0.5	metastasis
2	Locoregional skin metastasis, left ear	4	2159	NFIA	214	43	0.5	metastasis
3	Distant skin metastasis, back	4	2159	NFIA	180	46	0.5	metastasis
0	Primary, left ear	7	2160	CCDC88C	479	182	0.5	primary
1	Lymph node metastasis, left cervical node	7	2160	CCDC88C	516	180	0.5	metastasis
2	Locoregional skin metastasis, left ear	7	2160	CCDC88C	520	112	0.5	metastasis
3	Distant skin metastasis, back	7	2160	CCDC88C	466	159	0.5	metastasis
0	Primary, left ear	7	2161	TNFSF14	133	56	0.5	primary
1	Lymph node metastasis, left cervical node	7	2161	TNFSF14	158	53	0.5	metastasis
2	Locoregional skin metastasis, left ear	7	2161	TNFSF14	230	48	0.5	metastasis
3	Distant skin metastasis, back	7	2161	TNFSF14	132	41	0.5	metastasis
0	Primary, left ear	2	2162	APOB	293	153	0.5	primary
1	Lymph node metastasis, left cervical node	2	2162	APOB	322	144	0.5	metastasis
2	Locoregional skin metastasis, left ear	2	2162	APOB	134	31	0.5	metastasis
3	Distant skin metastasis, back	2	2162	APOB	309	111	0.5	metastasis
0	Primary, left ear	4	2163	CBLN2	98	35	0.5	primary
1	Lymph node metastasis, left cervical node	4	2163	CBLN2	96	28	0.5	metastasis
2	Locoregional skin metastasis, left ear	4	2163	CBLN2	57	5	0.5	metastasis
3	Distant skin metastasis, back	4	2163	CBLN2	95	35	0.5	metastasis
0	Primary, left ear	2	2164	ARHGEF33	198	87	0.5	primary
1	Lymph node metastasis, left cervical node	2	2164	ARHGEF33	207	100	0.5	metastasis
2	Locoregional skin metastasis, left ear	2	2164	ARHGEF33	172	35	0.5	metastasis
3	Distant skin metastasis, back	2	2164	ARHGEF33	212	99	0.5	metastasis
0	Primary, left ear	6	2165	PPP1R1C	111	64	0.5	primary
1	Lymph node metastasis, left cervical node	6	2165	PPP1R1C	132	40	0.5	metastasis
2	Locoregional skin metastasis, left ear	6	2165	PPP1R1C	116	13	0.5	metastasis
3	Distant skin metastasis, back	6	2165	PPP1R1C	92	33	0.5	metastasis
0	Primary, left ear	7	2166	TFF3	239	113	0.5	primary
1	Lymph node metastasis, left cervical node	7	2166	TFF3	261	97	0.5	metastasis
2	Locoregional skin metastasis, left ear	7	2166	TFF3	315	78	0.5	metastasis
3	Distant skin metastasis, back	7	2166	TFF3	274	80	0.5	metastasis
0	Primary, left ear	6	2167	TTN	344	174	0.5	primary
1	Lymph node metastasis, left cervical node	6	2167	TTN	415	96	0.5	metastasis
2	Locoregional skin metastasis, left ear	6	2167	TTN	286	47	0.5	metastasis
3	Distant skin metastasis, back	6	2167	TTN	299	102	0.5	metastasis
0	Primary, left ear	2	2168	OR13C4	201	93	0.5	primary
1	Lymph node metastasis, left cervical node	2	2168	OR13C4	158	66	0.5	metastasis
2	Locoregional skin metastasis, left ear	2	2168	OR13C4	85	22	0.5	metastasis
3	Distant skin metastasis, back	2	2168	OR13C4	178	55	0.5	metastasis
0	Primary, left ear	7	2169	CNTN3	206	69	0.5	primary
1	Lymph node metastasis, left cervical node	7	2169	CNTN3	202	76	0.5	metastasis
2	Locoregional skin metastasis, left ear	7	2169	CNTN3	89	26	0.5	metastasis
3	Distant skin metastasis, back	7	2169	CNTN3	207	61	0.5	metastasis
0	Primary, left ear	7	2170	OR5M9	44	18	0.5	primary
1	Lymph node metastasis, left cervical node	7	2170	OR5M9	40	17	0.5	metastasis
2	Locoregional skin metastasis, left ear	7	2170	OR5M9	38	3	0.5	metastasis
3	Distant skin metastasis, back	7	2170	OR5M9	51	18	0.5	metastasis
0	Primary, left ear	2	2171	PTPRK	192	100	0.5	primary
1	Lymph node metastasis, left cervical node	2	2171	PTPRK	187	77	0.5	metastasis
2	Locoregional skin metastasis, left ear	2	2171	PTPRK	92	18	0.5	metastasis
3	Distant skin metastasis, back	2	2171	PTPRK	132	51	0.5	metastasis
0	Primary, left ear	2	2172	TLR5	206	96	0.5	primary
1	Lymph node metastasis, left cervical node	2	2172	TLR5	282	102	0.5	metastasis
2	Locoregional skin metastasis, left ear	2	2172	TLR5	145	43	0.5	metastasis
3	Distant skin metastasis, back	2	2172	TLR5	232	86	0.5	metastasis
0	Primary, left ear	1	2173	C10orf71	168	70	0.5	primary
1	Lymph node metastasis, left cervical node	1	2173	C10orf71	177	49	0.5	metastasis
2	Locoregional skin metastasis, left ear	1	2173	C10orf71	215	57	0.5	metastasis
3	Distant skin metastasis, back	1	2173	C10orf71	159	65	0.5	metastasis
0	Primary, left ear	6	2174	C9orf79	111	51	0.5	primary
1	Lymph node metastasis, left cervical node	6	2174	C9orf79	103	29	0.5	metastasis
2	Locoregional skin metastasis, left ear	6	2174	C9orf79	109	23	0.5	metastasis
3	Distant skin metastasis, back	6	2174	C9orf79	105	33	0.5	metastasis
0	Primary, left ear	6	2175	OR10A5	338	184	0.5	primary
1	Lymph node metastasis, left cervical node	6	2175	OR10A5	439	129	0.5	metastasis
2	Locoregional skin metastasis, left ear	6	2175	OR10A5	400	82	0.5	metastasis
3	Distant skin metastasis, back	6	2175	OR10A5	363	111	0.5	metastasis
0	Primary, left ear	6	2176	MOGAT2	126	54	0.5	primary
1	Lymph node metastasis, left cervical node	6	2176	MOGAT2	196	58	0.5	metastasis
2	Locoregional skin metastasis, left ear	6	2176	MOGAT2	124	27	0.5	metastasis
3	Distant skin metastasis, back	6	2176	MOGAT2	184	47	0.5	metastasis
0	Primary, left ear	7	2177	KCNMB3	103	34	0.5	primary
1	Lymph node metastasis, left cervical node	7	2177	KCNMB3	97	42	0.5	metastasis
2	Locoregional skin metastasis, left ear	7	2177	KCNMB3	63	14	0.5	metastasis
3	Distant skin metastasis, back	7	2177	KCNMB3	114	29	0.5	metastasis
0	Primary, left ear	2	2178	NUMA1	482	203	0.5	primary
1	Lymph node metastasis, left cervical node	2	2178	NUMA1	509	180	0.5	metastasis
2	Locoregional skin metastasis, left ear	2	2178	NUMA1	515	132	0.5	metastasis
3	Distant skin metastasis, back	2	2178	NUMA1	456	192	0.5	metastasis
0	Primary, left ear	2	2179	SMAP1	39	14	0.5	primary
1	Lymph node metastasis, left cervical node	2	2179	SMAP1	37	23	0.5	metastasis
2	Locoregional skin metastasis, left ear	2	2179	SMAP1	60	19	0.5	metastasis
3	Distant skin metastasis, back	2	2179	SMAP1	42	16	0.5	metastasis
0	Primary, left ear	2	2180	CD247	27	10	0.5	primary
1	Lymph node metastasis, left cervical node	2	2180	CD247	21	7	0.5	metastasis
2	Locoregional skin metastasis, left ear	2	2180	CD247	16	9	0.5	metastasis
3	Distant skin metastasis, back	2	2180	CD247	32	11	0.5	metastasis
0	Primary, left ear	2	2181	TRDN	108	60	0.5	primary
1	Lymph node metastasis, left cervical node	2	2181	TRDN	171	77	0.5	metastasis
2	Locoregional skin metastasis, left ear	2	2181	TRDN	183	53	0.5	metastasis
3	Distant skin metastasis, back	2	2181	TRDN	125	45	0.5	metastasis
0	Primary, left ear	2	2182	NLGN2	20	13	0.5	primary
1	Lymph node metastasis, left cervical node	2	2182	NLGN2	24	11	0.5	metastasis
2	Locoregional skin metastasis, left ear	2	2182	NLGN2	26	10	0.5	metastasis
3	Distant skin metastasis, back	2	2182	NLGN2	22	19	0.5	metastasis
0	Primary, left ear	4	2183	HLX	74	26	0.5	primary
1	Lymph node metastasis, left cervical node	4	2183	HLX	73	19	0.5	metastasis
2	Locoregional skin metastasis, left ear	4	2183	HLX	82	16	0.5	metastasis
3	Distant skin metastasis, back	4	2183	HLX	63	21	0.5	metastasis
0	Primary, left ear	6	2184	OR14A16	136	61	0.5	primary
1	Lymph node metastasis, left cervical node	6	2184	OR14A16	151	51	0.5	metastasis
2	Locoregional skin metastasis, left ear	6	2184	OR14A16	60	24	0.5	metastasis
3	Distant skin metastasis, back	6	2184	OR14A16	136	36	0.5	metastasis
0	Primary, left ear	2	2185	HHEX	110	64	0.5	primary
1	Lymph node metastasis, left cervical node	2	2185	HHEX	130	40	0.5	metastasis
2	Locoregional skin metastasis, left ear	2	2185	HHEX	131	55	0.5	metastasis
3	Distant skin metastasis, back	2	2185	HHEX	112	46	0.5	metastasis
0	Primary, left ear	1	2186	GPR55	309	125	0.5	primary
1	Lymph node metastasis, left cervical node	1	2186	GPR55	350	101	0.5	metastasis
2	Locoregional skin metastasis, left ear	1	2186	GPR55	416	65	0.5	metastasis
3	Distant skin metastasis, back	1	2186	GPR55	291	124	0.5	metastasis
0	Primary, left ear	1	2187	LAMA1	125	56	0.5	primary
1	Lymph node metastasis, left cervical node	1	2187	LAMA1	163	50	0.5	metastasis
2	Locoregional skin metastasis, left ear	1	2187	LAMA1	183	20	0.5	metastasis
3	Distant skin metastasis, back	1	2187	LAMA1	131	87	0.5	metastasis
0	Primary, left ear	4	2188	MYOG	311	122	0.5	primary
1	Lymph node metastasis, left cervical node	4	2188	MYOG	354	117	0.5	metastasis
2	Locoregional skin metastasis, left ear	4	2188	MYOG	466	73	0.5	metastasis
3	Distant skin metastasis, back	4	2188	MYOG	309	98	0.5	metastasis
0	Primary, left ear	7	2189	GTF2H3	181	83	0.5	primary
1	Lymph node metastasis, left cervical node	7	2189	GTF2H3	262	98	0.5	metastasis
2	Locoregional skin metastasis, left ear	7	2189	GTF2H3	147	33	0.5	metastasis
3	Distant skin metastasis, back	7	2189	GTF2H3	247	61	0.5	metastasis
0	Primary, left ear	6	2190	KIF26B	91	46	0.5	primary
1	Lymph node metastasis, left cervical node	6	2190	KIF26B	124	43	0.5	metastasis
2	Locoregional skin metastasis, left ear	6	2190	KIF26B	182	36	0.5	metastasis
3	Distant skin metastasis, back	6	2190	KIF26B	124	33	0.5	metastasis
0	Primary, left ear	4	2191	MORC1	142	52	0.5	primary
1	Lymph node metastasis, left cervical node	4	2191	MORC1	177	56	0.5	metastasis
2	Locoregional skin metastasis, left ear	4	2191	MORC1	65	14	0.5	metastasis
3	Distant skin metastasis, back	4	2191	MORC1	118	39	0.5	metastasis
0	Primary, left ear	2	2192	CD8B	179	95	0.5	primary
1	Lymph node metastasis, left cervical node	2	2192	CD8B	224	76	0.5	metastasis
2	Locoregional skin metastasis, left ear	2	2192	CD8B	94	19	0.5	metastasis
3	Distant skin metastasis, back	2	2192	CD8B	156	62	0.5	metastasis
0	Primary, left ear	6	2193	SERPINC1	132	57	0.5	primary
1	Lymph node metastasis, left cervical node	6	2193	SERPINC1	197	60	0.5	metastasis
2	Locoregional skin metastasis, left ear	6	2193	SERPINC1	140	26	0.5	metastasis
3	Distant skin metastasis, back	6	2193	SERPINC1	157	38	0.5	metastasis
0	Primary, left ear	2	2194	RBP3	233	125	0.5	primary
1	Lymph node metastasis, left cervical node	2	2194	RBP3	262	88	0.5	metastasis
2	Locoregional skin metastasis, left ear	2	2194	RBP3	295	62	0.5	metastasis
3	Distant skin metastasis, back	2	2194	RBP3	220	95	0.5	metastasis
0	Primary, left ear	1	2195	TIGD7	169	71	0.5	primary
1	Lymph node metastasis, left cervical node	1	2195	TIGD7	209	62	0.5	metastasis
2	Locoregional skin metastasis, left ear	1	2195	TIGD7	78	22	0.5	metastasis
3	Distant skin metastasis, back	1	2195	TIGD7	206	78	0.5	metastasis
0	Primary, left ear	3	2196	SATB2	180	63	0.5	primary
1	Lymph node metastasis, left cervical node	3	2196	SATB2	170	61	0.5	metastasis
2	Locoregional skin metastasis, left ear	3	2196	SATB2	212	49	0.5	metastasis
3	Distant skin metastasis, back	3	2196	SATB2	196	43	0.5	metastasis
0	Primary, left ear	7	2197	GALNT5	138	64	0.5	primary
1	Lymph node metastasis, left cervical node	7	2197	GALNT5	113	46	0.5	metastasis
2	Locoregional skin metastasis, left ear	7	2197	GALNT5	67	15	0.5	metastasis
3	Distant skin metastasis, back	7	2197	GALNT5	143	38	0.5	metastasis
0	Primary, left ear	2	2198	CYP4A22	117	66	0.5	primary
1	Lymph node metastasis, left cervical node	2	2198	CYP4A22	149	63	0.5	metastasis
2	Locoregional skin metastasis, left ear	2	2198	CYP4A22	144	31	0.5	metastasis
3	Distant skin metastasis, back	2	2198	CYP4A22	146	53	0.5	metastasis
0	Primary, left ear	2	2199	MSH2	14	6	0.5	primary
1	Lymph node metastasis, left cervical node	2	2199	MSH2	22	8	0.5	metastasis
2	Locoregional skin metastasis, left ear	2	2199	MSH2	18	4	0.5	metastasis
3	Distant skin metastasis, back	2	2199	MSH2	28	11	0.5	metastasis
0	Primary, left ear	2	2200	PIK3R6	353	160	0.5	primary
1	Lymph node metastasis, left cervical node	2	2200	PIK3R6	446	163	0.5	metastasis
2	Locoregional skin metastasis, left ear	2	2200	PIK3R6	426	114	0.5	metastasis
3	Distant skin metastasis, back	2	2200	PIK3R6	349	145	0.5	metastasis
0	Primary, left ear	1	2201	GPR158	260	123	0.5	primary
1	Lymph node metastasis, left cervical node	1	2201	GPR158	274	85	0.5	metastasis
2	Locoregional skin metastasis, left ear	1	2201	GPR158	185	52	0.5	metastasis
3	Distant skin metastasis, back	1	2201	GPR158	221	83	0.5	metastasis
0	Primary, left ear	7	2202	CFH	89	35	0.5	primary
1	Lymph node metastasis, left cervical node	7	2202	CFH	94	34	0.5	metastasis
2	Locoregional skin metastasis, left ear	7	2202	CFH	59	17	0.5	metastasis
3	Distant skin metastasis, back	7	2202	CFH	100	30	0.5	metastasis
0	Primary, left ear	2	2203	CEBPE	130	61	0.5	primary
1	Lymph node metastasis, left cervical node	2	2203	CEBPE	146	75	0.5	metastasis
2	Locoregional skin metastasis, left ear	2	2203	CEBPE	250	51	0.5	metastasis
3	Distant skin metastasis, back	2	2203	CEBPE	144	60	0.5	metastasis
0	Primary, left ear	2	2204	IVL	84	35	0.5	primary
1	Lymph node metastasis, left cervical node	2	2204	IVL	98	43	0.5	metastasis
2	Locoregional skin metastasis, left ear	2	2204	IVL	121	25	0.5	metastasis
3	Distant skin metastasis, back	2	2204	IVL	88	34	0.5	metastasis
0	Primary, left ear	2	2205	DOK1	675	343	0.5	primary
1	Lymph node metastasis, left cervical node	2	2205	DOK1	795	296	0.5	metastasis
2	Locoregional skin metastasis, left ear	2	2205	DOK1	680	150	0.5	metastasis
3	Distant skin metastasis, back	2	2205	DOK1	759	298	0.5	metastasis
0	Primary, left ear	2	2206	KRTAP4-2	68	28	0.5	primary
1	Lymph node metastasis, left cervical node	2	2206	KRTAP4-2	68	24	0.5	metastasis
2	Locoregional skin metastasis, left ear	2	2206	KRTAP4-2	49	10	0.5	metastasis
3	Distant skin metastasis, back	2	2206	KRTAP4-2	57	19	0.5	metastasis
0	Primary, left ear	2	2207	SORCS1	33	31	0.5	primary
1	Lymph node metastasis, left cervical node	2	2207	SORCS1	51	26	0.5	metastasis
2	Locoregional skin metastasis, left ear	2	2207	SORCS1	27	5	0.5	metastasis
3	Distant skin metastasis, back	2	2207	SORCS1	40	15	0.5	metastasis
0	Primary, left ear	2	2208	ABO	187	112	0.5	primary
1	Lymph node metastasis, left cervical node	2	2208	ABO	268	107	0.5	metastasis
2	Locoregional skin metastasis, left ear	2	2208	ABO	348	99	0.5	metastasis
3	Distant skin metastasis, back	2	2208	ABO	217	85	0.5	metastasis
0	Primary, left ear	1	2209	ATP8A1	263	85	0.5	primary
1	Lymph node metastasis, left cervical node	1	2209	ATP8A1	261	89	0.5	metastasis
2	Locoregional skin metastasis, left ear	1	2209	ATP8A1	198	32	0.5	metastasis
3	Distant skin metastasis, back	1	2209	ATP8A1	212	93	0.5	metastasis
0	Primary, left ear	1	2210	ZNF469	153	53	0.5	primary
1	Lymph node metastasis, left cervical node	1	2210	ZNF469	141	38	0.5	metastasis
2	Locoregional skin metastasis, left ear	1	2210	ZNF469	136	46	0.5	metastasis
3	Distant skin metastasis, back	1	2210	ZNF469	128	57	0.5	metastasis
0	Primary, left ear	2	2211	PCNXL2	72	50	0.5	primary
1	Lymph node metastasis, left cervical node	2	2211	PCNXL2	114	44	0.5	metastasis
2	Locoregional skin metastasis, left ear	2	2211	PCNXL2	41	18	0.5	metastasis
3	Distant skin metastasis, back	2	2211	PCNXL2	89	40	0.5	metastasis
0	Primary, left ear	4	2212	GRM1	331	108	0.5	primary
1	Lymph node metastasis, left cervical node	4	2212	GRM1	319	103	0.5	metastasis
2	Locoregional skin metastasis, left ear	4	2212	GRM1	326	57	0.5	metastasis
3	Distant skin metastasis, back	4	2212	GRM1	286	100	0.5	metastasis
0	Primary, left ear	3	2213	MUC16	303	123	0.5	primary
1	Lymph node metastasis, left cervical node	3	2213	MUC16	401	132	0.5	metastasis
2	Locoregional skin metastasis, left ear	3	2213	MUC16	409	90	0.5	metastasis
3	Distant skin metastasis, back	3	2213	MUC16	328	82	0.5	metastasis
0	Primary, left ear	2	2214	C10orf71	256	132	0.5	primary
1	Lymph node metastasis, left cervical node	2	2214	C10orf71	269	99	0.5	metastasis
2	Locoregional skin metastasis, left ear	2	2214	C10orf71	312	88	0.5	metastasis
3	Distant skin metastasis, back	2	2214	C10orf71	284	94	0.5	metastasis
0	Primary, left ear	1	2215	PLEKHG4	250	96	0.5	primary
1	Lymph node metastasis, left cervical node	1	2215	PLEKHG4	319	110	0.5	metastasis
2	Locoregional skin metastasis, left ear	1	2215	PLEKHG4	292	79	0.5	metastasis
3	Distant skin metastasis, back	1	2215	PLEKHG4	258	113	0.5	metastasis
0	Primary, left ear	2	2216	OR5M10	9	1	0.5	primary
1	Lymph node metastasis, left cervical node	2	2216	OR5M10	11	8	0.5	metastasis
2	Locoregional skin metastasis, left ear	2	2216	OR5M10	6	2	0.5	metastasis
3	Distant skin metastasis, back	2	2216	OR5M10	17	4	0.5	metastasis
0	Primary, left ear	4	2217	DNAH14	38	11	0.5	primary
1	Lymph node metastasis, left cervical node	4	2217	DNAH14	43	10	0.5	metastasis
2	Locoregional skin metastasis, left ear	4	2217	DNAH14	16	6	0.5	metastasis
3	Distant skin metastasis, back	4	2217	DNAH14	43	10	0.5	metastasis
0	Primary, left ear	6	2218	ABCB11	140	65	0.5	primary
1	Lymph node metastasis, left cervical node	6	2218	ABCB11	155	44	0.5	metastasis
2	Locoregional skin metastasis, left ear	6	2218	ABCB11	72	15	0.5	metastasis
3	Distant skin metastasis, back	6	2218	ABCB11	133	39	0.5	metastasis
0	Primary, left ear	7	2219	SPRR1A	42	15	0.5	primary
1	Lymph node metastasis, left cervical node	7	2219	SPRR1A	38	14	0.5	metastasis
2	Locoregional skin metastasis, left ear	7	2219	SPRR1A	36	10	0.5	metastasis
3	Distant skin metastasis, back	7	2219	SPRR1A	35	9	0.5	metastasis
0	Primary, left ear	2	2220	PSMF1	162	69	0.5	primary
1	Lymph node metastasis, left cervical node	2	2220	PSMF1	159	57	0.5	metastasis
2	Locoregional skin metastasis, left ear	2	2220	PSMF1	174	40	0.5	metastasis
3	Distant skin metastasis, back	2	2220	PSMF1	151	60	0.5	metastasis
0	Primary, left ear	4	2221	C2orf84	28	7	0.5	primary
1	Lymph node metastasis, left cervical node	4	2221	C2orf84	30	6	0.5	metastasis
2	Locoregional skin metastasis, left ear	4	2221	C2orf84	34	2	0.5	metastasis
3	Distant skin metastasis, back	4	2221	C2orf84	33	7	0.5	metastasis
0	Primary, left ear	6	2222	ZNF804A	144	66	0.5	primary
1	Lymph node metastasis, left cervical node	6	2222	ZNF804A	187	42	0.5	metastasis
2	Locoregional skin metastasis, left ear	6	2222	ZNF804A	69	13	0.5	metastasis
3	Distant skin metastasis, back	6	2222	ZNF804A	179	52	0.5	metastasis
0	Primary, left ear	7	2223	KLF17	256	105	0.5	primary
1	Lymph node metastasis, left cervical node	7	2223	KLF17	302	124	0.5	metastasis
2	Locoregional skin metastasis, left ear	7	2223	KLF17	287	62	0.5	metastasis
3	Distant skin metastasis, back	7	2223	KLF17	328	91	0.5	metastasis
0	Primary, left ear	6	2224	BAI3	215	117	0.5	primary
1	Lymph node metastasis, left cervical node	6	2224	BAI3	247	74	0.5	metastasis
2	Locoregional skin metastasis, left ear	6	2224	BAI3	166	33	0.5	metastasis
3	Distant skin metastasis, back	6	2224	BAI3	203	61	0.5	metastasis
0	Primary, left ear	6	2225	SCN7A	41	19	0.5	primary
1	Lymph node metastasis, left cervical node	6	2225	SCN7A	49	9	0.5	metastasis
2	Locoregional skin metastasis, left ear	6	2225	SCN7A	19	4	0.5	metastasis
3	Distant skin metastasis, back	6	2225	SCN7A	37	12	0.5	metastasis
0	Primary, left ear	2	2226	TBCD	268	115	0.5	primary
1	Lymph node metastasis, left cervical node	2	2226	TBCD	377	180	0.5	metastasis
2	Locoregional skin metastasis, left ear	2	2226	TBCD	405	105	0.5	metastasis
3	Distant skin metastasis, back	2	2226	TBCD	352	114	0.5	metastasis
0	Primary, left ear	4	2227	PCSK5	82	23	0.5	primary
1	Lymph node metastasis, left cervical node	4	2227	PCSK5	87	26	0.5	metastasis
2	Locoregional skin metastasis, left ear	4	2227	PCSK5	37	4	0.5	metastasis
3	Distant skin metastasis, back	4	2227	PCSK5	60	20	0.5	metastasis
0	Primary, left ear	6	2228	ZFHX2	115	49	0.5	primary
1	Lymph node metastasis, left cervical node	6	2228	ZFHX2	119	35	0.5	metastasis
2	Locoregional skin metastasis, left ear	6	2228	ZFHX2	121	23	0.5	metastasis
3	Distant skin metastasis, back	6	2228	ZFHX2	114	32	0.5	metastasis
0	Primary, left ear	7	2229	MECOM	146	61	0.5	primary
1	Lymph node metastasis, left cervical node	7	2229	MECOM	126	69	0.5	metastasis
2	Locoregional skin metastasis, left ear	7	2229	MECOM	103	21	0.5	metastasis
3	Distant skin metastasis, back	7	2229	MECOM	134	29	0.5	metastasis
0	Primary, left ear	1	2230	CMIP	190	88	0.5	primary
1	Lymph node metastasis, left cervical node	1	2230	CMIP	255	76	0.5	metastasis
2	Locoregional skin metastasis, left ear	1	2230	CMIP	340	88	0.5	metastasis
3	Distant skin metastasis, back	1	2230	CMIP	245	90	0.5	metastasis
0	Primary, left ear	1	2231	DNAJC1	97	40	0.5	primary
1	Lymph node metastasis, left cervical node	1	2231	DNAJC1	104	22	0.5	metastasis
2	Locoregional skin metastasis, left ear	1	2231	DNAJC1	25	7	0.5	metastasis
3	Distant skin metastasis, back	1	2231	DNAJC1	108	37	0.5	metastasis
0	Primary, left ear	1	2232	SGSM1	43	13	0.5	primary
1	Lymph node metastasis, left cervical node	1	2232	SGSM1	51	14	0.5	metastasis
2	Locoregional skin metastasis, left ear	1	2232	SGSM1	61	11	0.5	metastasis
3	Distant skin metastasis, back	1	2232	SGSM1	43	26	0.5	metastasis
0	Primary, left ear	2	2233	ITGA4	25	15	0.5	primary
1	Lymph node metastasis, left cervical node	2	2233	ITGA4	29	8	0.5	metastasis
2	Locoregional skin metastasis, left ear	2	2233	ITGA4	9	3	0.5	metastasis
3	Distant skin metastasis, back	2	2233	ITGA4	33	14	0.5	metastasis
0	Primary, left ear	2	2234	MICU1	142	59	0.5	primary
1	Lymph node metastasis, left cervical node	2	2234	MICU1	170	76	0.5	metastasis
2	Locoregional skin metastasis, left ear	2	2234	MICU1	188	52	0.5	metastasis
3	Distant skin metastasis, back	2	2234	MICU1	146	60	0.5	metastasis
0	Primary, left ear	1	2235	CBX8	147	74	0.5	primary
1	Lymph node metastasis, left cervical node	1	2235	CBX8	158	46	0.5	metastasis
2	Locoregional skin metastasis, left ear	1	2235	CBX8	160	34	0.5	metastasis
3	Distant skin metastasis, back	1	2235	CBX8	167	91	0.5	metastasis
0	Primary, left ear	2	2236	SEC23B	56	26	0.5	primary
1	Lymph node metastasis, left cervical node	2	2236	SEC23B	94	40	0.5	metastasis
2	Locoregional skin metastasis, left ear	2	2236	SEC23B	74	13	0.5	metastasis
3	Distant skin metastasis, back	2	2236	SEC23B	81	30	0.5	metastasis
0	Primary, left ear	2	2237	SNRPE	130	69	0.5	primary
1	Lymph node metastasis, left cervical node	2	2237	SNRPE	152	69	0.5	metastasis
2	Locoregional skin metastasis, left ear	2	2237	SNRPE	85	13	0.5	metastasis
3	Distant skin metastasis, back	2	2237	SNRPE	183	97	0.5	metastasis
0	Primary, left ear	6	2238	PLEKHH2	69	42	0.5	primary
1	Lymph node metastasis, left cervical node	6	2238	PLEKHH2	93	26	0.5	metastasis
2	Locoregional skin metastasis, left ear	6	2238	PLEKHH2	49	11	0.5	metastasis
3	Distant skin metastasis, back	6	2238	PLEKHH2	87	23	0.5	metastasis
0	Primary, left ear	3	2239	C14orf2	137	39	0.5	primary
1	Lymph node metastasis, left cervical node	3	2239	C14orf2	143	72	0.5	metastasis
2	Locoregional skin metastasis, left ear	3	2239	C14orf2	75	17	0.5	metastasis
3	Distant skin metastasis, back	3	2239	C14orf2	169	30	0.5	metastasis
0	Primary, left ear	2	2240	PRR23B	48	14	0.5	primary
1	Lymph node metastasis, left cervical node	2	2240	PRR23B	59	21	0.5	metastasis
2	Locoregional skin metastasis, left ear	2	2240	PRR23B	65	15	0.5	metastasis
3	Distant skin metastasis, back	2	2240	PRR23B	36	23	0.5	metastasis
0	Primary, left ear	6	2241	ALDH3B2	63	50	0.5	primary
1	Lymph node metastasis, left cervical node	6	2241	ALDH3B2	89	22	0.5	metastasis
2	Locoregional skin metastasis, left ear	6	2241	ALDH3B2	137	40	0.5	metastasis
3	Distant skin metastasis, back	6	2241	ALDH3B2	93	23	0.5	metastasis
0	Primary, left ear	6	2242	SPG7	69	31	0.5	primary
1	Lymph node metastasis, left cervical node	6	2242	SPG7	84	21	0.5	metastasis
2	Locoregional skin metastasis, left ear	6	2242	SPG7	126	32	0.5	metastasis
3	Distant skin metastasis, back	6	2242	SPG7	87	24	0.5	metastasis
0	Primary, left ear	1	2243	GPR148	713	342	0.5	primary
1	Lymph node metastasis, left cervical node	1	2243	GPR148	778	253	0.5	metastasis
2	Locoregional skin metastasis, left ear	1	2243	GPR148	891	198	0.5	metastasis
3	Distant skin metastasis, back	1	2243	GPR148	795	371	0.5	metastasis
0	Primary, left ear	7	2244	C8B	183	69	0.5	primary
1	Lymph node metastasis, left cervical node	7	2244	C8B	205	71	0.5	metastasis
2	Locoregional skin metastasis, left ear	7	2244	C8B	87	17	0.5	metastasis
3	Distant skin metastasis, back	7	2244	C8B	164	58	0.5	metastasis
0	Primary, left ear	7	2245	OR51B2	127	44	0.5	primary
1	Lymph node metastasis, left cervical node	7	2245	OR51B2	115	42	0.5	metastasis
2	Locoregional skin metastasis, left ear	7	2245	OR51B2	65	10	0.5	metastasis
3	Distant skin metastasis, back	7	2245	OR51B2	128	39	0.5	metastasis
0	Primary, left ear	1	2246	C2orf67	106	63	0.5	primary
1	Lymph node metastasis, left cervical node	1	2246	C2orf67	145	26	0.5	metastasis
2	Locoregional skin metastasis, left ear	1	2246	C2orf67	46	4	0.5	metastasis
3	Distant skin metastasis, back	1	2246	C2orf67	77	35	0.5	metastasis
0	Primary, left ear	6	2247	DNAH3	30	19	0.5	primary
1	Lymph node metastasis, left cervical node	6	2247	DNAH3	78	27	0.5	metastasis
2	Locoregional skin metastasis, left ear	6	2247	DNAH3	90	18	0.5	metastasis
3	Distant skin metastasis, back	6	2247	DNAH3	65	12	0.5	metastasis
0	Primary, left ear	2	2248	SYNRG	112	45	0.5	primary
1	Lymph node metastasis, left cervical node	2	2248	SYNRG	114	41	0.5	metastasis
2	Locoregional skin metastasis, left ear	2	2248	SYNRG	52	12	0.5	metastasis
3	Distant skin metastasis, back	2	2248	SYNRG	105	46	0.5	metastasis
0	Primary, left ear	6	2249	DNTT	65	38	0.5	primary
1	Lymph node metastasis, left cervical node	6	2249	DNTT	91	21	0.5	metastasis
2	Locoregional skin metastasis, left ear	6	2249	DNTT	69	16	0.5	metastasis
3	Distant skin metastasis, back	6	2249	DNTT	69	27	0.5	metastasis
0	Primary, left ear	3	2250	HACE1	100	35	0.5	primary
1	Lymph node metastasis, left cervical node	3	2250	HACE1	109	35	0.5	metastasis
2	Locoregional skin metastasis, left ear	3	2250	HACE1	70	7	0.5	metastasis
3	Distant skin metastasis, back	3	2250	HACE1	119	21	0.5	metastasis
0	Primary, left ear	6	2251	ITGA2B	219	122	0.5	primary
1	Lymph node metastasis, left cervical node	6	2251	ITGA2B	321	112	0.5	metastasis
2	Locoregional skin metastasis, left ear	6	2251	ITGA2B	370	58	0.5	metastasis
3	Distant skin metastasis, back	6	2251	ITGA2B	270	91	0.5	metastasis
0	Primary, left ear	2	2252	ALDH8A1	57	35	0.5	primary
1	Lymph node metastasis, left cervical node	2	2252	ALDH8A1	88	32	0.5	metastasis
2	Locoregional skin metastasis, left ear	2	2252	ALDH8A1	109	28	0.5	metastasis
3	Distant skin metastasis, back	2	2252	ALDH8A1	76	22	0.5	metastasis
0	Primary, left ear	2	2253	PLSCR3	63	30	0.5	primary
1	Lymph node metastasis, left cervical node	2	2253	PLSCR3	95	30	0.5	metastasis
2	Locoregional skin metastasis, left ear	2	2253	PLSCR3	73	20	0.5	metastasis
3	Distant skin metastasis, back	2	2253	PLSCR3	77	36	0.5	metastasis
0	Primary, left ear	7	2254	DOLPP1	48	14	0.5	primary
1	Lymph node metastasis, left cervical node	7	2254	DOLPP1	58	24	0.5	metastasis
2	Locoregional skin metastasis, left ear	7	2254	DOLPP1	114	13	0.5	metastasis
3	Distant skin metastasis, back	7	2254	DOLPP1	69	26	0.5	metastasis
0	Primary, left ear	2	2255	PLXDC1	107	54	0.5	primary
1	Lymph node metastasis, left cervical node	2	2255	PLXDC1	139	57	0.5	metastasis
2	Locoregional skin metastasis, left ear	2	2255	PLXDC1	102	25	0.5	metastasis
3	Distant skin metastasis, back	2	2255	PLXDC1	105	52	0.5	metastasis
0	Primary, left ear	2	2256	MPP7	123	69	0.5	primary
1	Lymph node metastasis, left cervical node	2	2256	MPP7	147	48	0.5	metastasis
2	Locoregional skin metastasis, left ear	2	2256	MPP7	192	50	0.5	metastasis
3	Distant skin metastasis, back	2	2256	MPP7	114	38	0.5	metastasis
0	Primary, left ear	7	2257	SHE	83	34	0.5	primary
1	Lymph node metastasis, left cervical node	7	2257	SHE	84	35	0.5	metastasis
2	Locoregional skin metastasis, left ear	7	2257	SHE	94	14	0.5	metastasis
3	Distant skin metastasis, back	7	2257	SHE	77	26	0.5	metastasis
0	Primary, left ear	8	2258	LY75-CD302	261	0	0.5	primary
1	Lymph node metastasis, left cervical node	8	2258	LY75-CD302	295	0	0.5	metastasis
2	Locoregional skin metastasis, left ear	8	2258	LY75-CD302	99	0	0.5	metastasis
3	Distant skin metastasis, back	8	2258	LY75-CD302	174	26	0.5	metastasis
0	Primary, left ear	2	2259	ROS1	196	86	0.5	primary
1	Lymph node metastasis, left cervical node	2	2259	ROS1	207	75	0.5	metastasis
2	Locoregional skin metastasis, left ear	2	2259	ROS1	77	27	0.5	metastasis
3	Distant skin metastasis, back	2	2259	ROS1	181	69	0.5	metastasis
0	Primary, left ear	6	2260	GPS1	88	57	0.5	primary
1	Lymph node metastasis, left cervical node	6	2260	GPS1	145	34	0.5	metastasis
2	Locoregional skin metastasis, left ear	6	2260	GPS1	145	29	0.5	metastasis
3	Distant skin metastasis, back	6	2260	GPS1	119	45	0.5	metastasis
0	Primary, left ear	2	2261	WNT9B	40	14	0.5	primary
1	Lymph node metastasis, left cervical node	2	2261	WNT9B	42	13	0.5	metastasis
2	Locoregional skin metastasis, left ear	2	2261	WNT9B	50	14	0.5	metastasis
3	Distant skin metastasis, back	2	2261	WNT9B	34	19	0.5	metastasis
0	Primary, left ear	1	2262	PIEZO2	108	44	0.5	primary
1	Lymph node metastasis, left cervical node	1	2262	PIEZO2	125	30	0.5	metastasis
2	Locoregional skin metastasis, left ear	1	2262	PIEZO2	106	24	0.5	metastasis
3	Distant skin metastasis, back	1	2262	PIEZO2	86	45	0.5	metastasis
0	Primary, left ear	6	2263	SLIT1	239	120	0.5	primary
1	Lymph node metastasis, left cervical node	6	2263	SLIT1	273	94	0.5	metastasis
2	Locoregional skin metastasis, left ear	6	2263	SLIT1	281	57	0.5	metastasis
3	Distant skin metastasis, back	6	2263	SLIT1	262	91	0.5	metastasis
0	Primary, left ear	7	2264	OR51D1	409	183	0.5	primary
1	Lymph node metastasis, left cervical node	7	2264	OR51D1	461	181	0.5	metastasis
2	Locoregional skin metastasis, left ear	7	2264	OR51D1	483	81	0.5	metastasis
3	Distant skin metastasis, back	7	2264	OR51D1	396	143	0.5	metastasis
0	Primary, left ear	1	2265	OSBP	259	93	0.5	primary
1	Lymph node metastasis, left cervical node	1	2265	OSBP	323	103	0.5	metastasis
2	Locoregional skin metastasis, left ear	1	2265	OSBP	268	76	0.5	metastasis
3	Distant skin metastasis, back	1	2265	OSBP	271	97	0.5	metastasis
0	Primary, left ear	1	2266	CYP2C18	61	19	0.5	primary
1	Lymph node metastasis, left cervical node	1	2266	CYP2C18	47	15	0.5	metastasis
2	Locoregional skin metastasis, left ear	1	2266	CYP2C18	27	7	0.5	metastasis
3	Distant skin metastasis, back	1	2266	CYP2C18	42	18	0.5	metastasis
0	Primary, left ear	2	2267	RAB3A	82	37	0.5	primary
1	Lymph node metastasis, left cervical node	2	2267	RAB3A	123	41	0.5	metastasis
2	Locoregional skin metastasis, left ear	2	2267	RAB3A	135	35	0.5	metastasis
3	Distant skin metastasis, back	2	2267	RAB3A	127	41	0.5	metastasis
0	Primary, left ear	2	2268	SDK2	38	15	0.5	primary
1	Lymph node metastasis, left cervical node	2	2268	SDK2	51	17	0.5	metastasis
2	Locoregional skin metastasis, left ear	2	2268	SDK2	48	13	0.5	metastasis
3	Distant skin metastasis, back	2	2268	SDK2	32	13	0.5	metastasis
0	Primary, left ear	1	2269	TTN	158	70	0.5	primary
1	Lymph node metastasis, left cervical node	1	2269	TTN	153	46	0.5	metastasis
2	Locoregional skin metastasis, left ear	1	2269	TTN	203	31	0.5	metastasis
3	Distant skin metastasis, back	1	2269	TTN	119	58	0.5	metastasis
0	Primary, left ear	2	2270	XYLT1	377	168	0.5	primary
1	Lymph node metastasis, left cervical node	2	2270	XYLT1	488	198	0.5	metastasis
2	Locoregional skin metastasis, left ear	2	2270	XYLT1	578	137	0.5	metastasis
3	Distant skin metastasis, back	2	2270	XYLT1	408	143	0.5	metastasis
0	Primary, left ear	4	2271	CST1	92	26	0.5	primary
1	Lymph node metastasis, left cervical node	4	2271	CST1	121	38	0.5	metastasis
2	Locoregional skin metastasis, left ear	4	2271	CST1	103	18	0.5	metastasis
3	Distant skin metastasis, back	4	2271	CST1	77	23	0.5	metastasis
0	Primary, left ear	2	2272	BOC	55	31	0.5	primary
1	Lymph node metastasis, left cervical node	2	2272	BOC	70	22	0.5	metastasis
2	Locoregional skin metastasis, left ear	2	2272	BOC	76	21	0.5	metastasis
3	Distant skin metastasis, back	2	2272	BOC	50	31	0.5	metastasis
0	Primary, left ear	2	2273	PPP4R4	49	17	0.5	primary
1	Lymph node metastasis, left cervical node	2	2273	PPP4R4	38	23	0.5	metastasis
2	Locoregional skin metastasis, left ear	2	2273	PPP4R4	17	1	0.5	metastasis
3	Distant skin metastasis, back	2	2273	PPP4R4	44	20	0.5	metastasis
0	Primary, left ear	2	2274	UGT1A3	15	7	0.5	primary
1	Lymph node metastasis, left cervical node	2	2274	UGT1A3	26	11	0.5	metastasis
2	Locoregional skin metastasis, left ear	2	2274	UGT1A3	11	4	0.5	metastasis
3	Distant skin metastasis, back	2	2274	UGT1A3	18	11	0.5	metastasis
0	Primary, left ear	2	2275	SUDS3	155	75	0.5	primary
1	Lymph node metastasis, left cervical node	2	2275	SUDS3	171	63	0.5	metastasis
2	Locoregional skin metastasis, left ear	2	2275	SUDS3	188	39	0.5	metastasis
3	Distant skin metastasis, back	2	2275	SUDS3	173	61	0.5	metastasis
0	Primary, left ear	1	2276	CD101	50	15	0.5	primary
1	Lymph node metastasis, left cervical node	1	2276	CD101	54	10	0.5	metastasis
2	Locoregional skin metastasis, left ear	1	2276	CD101	31	13	0.5	metastasis
3	Distant skin metastasis, back	1	2276	CD101	46	16	0.5	metastasis
0	Primary, left ear	2	2277	CCDC11	251	109	0.5	primary
1	Lymph node metastasis, left cervical node	2	2277	CCDC11	263	109	0.5	metastasis
2	Locoregional skin metastasis, left ear	2	2277	CCDC11	264	39	0.5	metastasis
3	Distant skin metastasis, back	2	2277	CCDC11	258	121	0.5	metastasis
0	Primary, left ear	2	2278	SMCR8	78	57	0.5	primary
1	Lymph node metastasis, left cervical node	2	2278	SMCR8	103	54	0.5	metastasis
2	Locoregional skin metastasis, left ear	2	2278	SMCR8	91	19	0.5	metastasis
3	Distant skin metastasis, back	2	2278	SMCR8	111	56	0.5	metastasis
0	Primary, left ear	1	2279	PKD1L3	287	88	0.5	primary
1	Lymph node metastasis, left cervical node	1	2279	PKD1L3	348	111	0.5	metastasis
2	Locoregional skin metastasis, left ear	1	2279	PKD1L3	306	91	0.5	metastasis
3	Distant skin metastasis, back	1	2279	PKD1L3	309	123	0.5	metastasis
0	Primary, left ear	1	2280	UBR3	250	109	0.5	primary
1	Lymph node metastasis, left cervical node	1	2280	UBR3	256	76	0.5	metastasis
2	Locoregional skin metastasis, left ear	1	2280	UBR3	117	19	0.5	metastasis
3	Distant skin metastasis, back	1	2280	UBR3	230	88	0.5	metastasis
0	Primary, left ear	3	2281	MYH2	95	30	0.5	primary
1	Lymph node metastasis, left cervical node	3	2281	MYH2	81	27	0.5	metastasis
2	Locoregional skin metastasis, left ear	3	2281	MYH2	99	19	0.5	metastasis
3	Distant skin metastasis, back	3	2281	MYH2	89	17	0.5	metastasis
0	Primary, left ear	2	2282	PI4KA	113	58	0.5	primary
1	Lymph node metastasis, left cervical node	2	2282	PI4KA	154	76	0.5	metastasis
2	Locoregional skin metastasis, left ear	2	2282	PI4KA	149	28	0.5	metastasis
3	Distant skin metastasis, back	2	2282	PI4KA	114	40	0.5	metastasis
0	Primary, left ear	2	2283	GCAT	250	116	0.5	primary
1	Lymph node metastasis, left cervical node	2	2283	GCAT	290	106	0.5	metastasis
2	Locoregional skin metastasis, left ear	2	2283	GCAT	314	74	0.5	metastasis
3	Distant skin metastasis, back	2	2283	GCAT	245	118	0.5	metastasis
0	Primary, left ear	7	2284	IL18RAP	85	43	0.5	primary
1	Lymph node metastasis, left cervical node	7	2284	IL18RAP	72	27	0.5	metastasis
2	Locoregional skin metastasis, left ear	7	2284	IL18RAP	69	9	0.5	metastasis
3	Distant skin metastasis, back	7	2284	IL18RAP	98	24	0.5	metastasis
0	Primary, left ear	2	2285	NPAS4	50	18	0.5	primary
1	Lymph node metastasis, left cervical node	2	2285	NPAS4	49	22	0.5	metastasis
2	Locoregional skin metastasis, left ear	2	2285	NPAS4	52	11	0.5	metastasis
3	Distant skin metastasis, back	2	2285	NPAS4	52	22	0.5	metastasis
0	Primary, left ear	2	2286	ADCY10	74	36	0.5	primary
1	Lymph node metastasis, left cervical node	2	2286	ADCY10	79	42	0.5	metastasis
2	Locoregional skin metastasis, left ear	2	2286	ADCY10	60	14	0.5	metastasis
3	Distant skin metastasis, back	2	2286	ADCY10	69	24	0.5	metastasis
0	Primary, left ear	1	2287	NLRP3	173	72	0.5	primary
1	Lymph node metastasis, left cervical node	1	2287	NLRP3	206	56	0.5	metastasis
2	Locoregional skin metastasis, left ear	1	2287	NLRP3	191	45	0.5	metastasis
3	Distant skin metastasis, back	1	2287	NLRP3	186	64	0.5	metastasis
0	Primary, left ear	2	2288	CCDC63	25	18	0.5	primary
1	Lymph node metastasis, left cervical node	2	2288	CCDC63	39	11	0.5	metastasis
2	Locoregional skin metastasis, left ear	2	2288	CCDC63	60	6	0.5	metastasis
3	Distant skin metastasis, back	2	2288	CCDC63	40	16	0.5	metastasis
0	Primary, left ear	2	2289	LAD1	163	87	0.5	primary
1	Lymph node metastasis, left cervical node	2	2289	LAD1	166	56	0.5	metastasis
2	Locoregional skin metastasis, left ear	2	2289	LAD1	182	33	0.5	metastasis
3	Distant skin metastasis, back	2	2289	LAD1	135	57	0.5	metastasis
0	Primary, left ear	2	2290	MAP3K11	288	175	0.5	primary
1	Lymph node metastasis, left cervical node	2	2290	MAP3K11	325	121	0.5	metastasis
2	Locoregional skin metastasis, left ear	2	2290	MAP3K11	430	101	0.5	metastasis
3	Distant skin metastasis, back	2	2290	MAP3K11	344	139	0.5	metastasis
0	Primary, left ear	3	2291	DMBX1	107	38	0.5	primary
1	Lymph node metastasis, left cervical node	3	2291	DMBX1	132	39	0.5	metastasis
2	Locoregional skin metastasis, left ear	3	2291	DMBX1	172	32	0.5	metastasis
3	Distant skin metastasis, back	3	2291	DMBX1	126	25	0.5	metastasis
0	Primary, left ear	7	2292	ARRB1	71	26	0.5	primary
1	Lymph node metastasis, left cervical node	7	2292	ARRB1	78	39	0.5	metastasis
2	Locoregional skin metastasis, left ear	7	2292	ARRB1	92	14	0.5	metastasis
3	Distant skin metastasis, back	7	2292	ARRB1	80	26	0.5	metastasis
0	Primary, left ear	2	2293	COMP	70	45	0.5	primary
1	Lymph node metastasis, left cervical node	2	2293	COMP	92	36	0.5	metastasis
2	Locoregional skin metastasis, left ear	2	2293	COMP	102	24	0.5	metastasis
3	Distant skin metastasis, back	2	2293	COMP	93	33	0.5	metastasis
0	Primary, left ear	1	2294	NRXN2	157	73	0.5	primary
1	Lymph node metastasis, left cervical node	1	2294	NRXN2	174	39	0.5	metastasis
2	Locoregional skin metastasis, left ear	1	2294	NRXN2	143	34	0.5	metastasis
3	Distant skin metastasis, back	1	2294	NRXN2	139	50	0.5	metastasis
0	Primary, left ear	6	2295	PRKACG	114	70	0.5	primary
1	Lymph node metastasis, left cervical node	6	2295	PRKACG	165	48	0.5	metastasis
2	Locoregional skin metastasis, left ear	6	2295	PRKACG	157	50	0.5	metastasis
3	Distant skin metastasis, back	6	2295	PRKACG	142	49	0.5	metastasis
0	Primary, left ear	6	2296	OR51L1	146	76	0.5	primary
1	Lymph node metastasis, left cervical node	6	2296	OR51L1	142	45	0.5	metastasis
2	Locoregional skin metastasis, left ear	6	2296	OR51L1	111	31	0.5	metastasis
3	Distant skin metastasis, back	6	2296	OR51L1	143	33	0.5	metastasis
0	Primary, left ear	4	2297	TTN	196	81	0.5	primary
1	Lymph node metastasis, left cervical node	4	2297	TTN	229	59	0.5	metastasis
2	Locoregional skin metastasis, left ear	4	2297	TTN	68	14	0.5	metastasis
3	Distant skin metastasis, back	4	2297	TTN	165	41	0.5	metastasis
0	Primary, left ear	1	2298	PCSK5	71	27	0.5	primary
1	Lymph node metastasis, left cervical node	1	2298	PCSK5	115	20	0.5	metastasis
2	Locoregional skin metastasis, left ear	1	2298	PCSK5	69	20	0.5	metastasis
3	Distant skin metastasis, back	1	2298	PCSK5	61	31	0.5	metastasis
0	Primary, left ear	1	2299	TTN	262	101	0.5	primary
1	Lymph node metastasis, left cervical node	1	2299	TTN	266	88	0.5	metastasis
2	Locoregional skin metastasis, left ear	1	2299	TTN	173	44	0.5	metastasis
3	Distant skin metastasis, back	1	2299	TTN	226	92	0.5	metastasis
0	Primary, left ear	2	2300	PRDM13	83	35	0.5	primary
1	Lymph node metastasis, left cervical node	2	2300	PRDM13	89	49	0.5	metastasis
2	Locoregional skin metastasis, left ear	2	2300	PRDM13	106	16	0.5	metastasis
3	Distant skin metastasis, back	2	2300	PRDM13	111	51	0.5	metastasis
0	Primary, left ear	2	2301	ABCC8	113	59	0.5	primary
1	Lymph node metastasis, left cervical node	2	2301	ABCC8	136	57	0.5	metastasis
2	Locoregional skin metastasis, left ear	2	2301	ABCC8	122	33	0.5	metastasis
3	Distant skin metastasis, back	2	2301	ABCC8	128	35	0.5	metastasis
0	Primary, left ear	7	2302	APLNR	55	33	0.5	primary
1	Lymph node metastasis, left cervical node	7	2302	APLNR	57	33	0.5	metastasis
2	Locoregional skin metastasis, left ear	7	2302	APLNR	95	14	0.5	metastasis
3	Distant skin metastasis, back	7	2302	APLNR	66	17	0.5	metastasis
0	Primary, left ear	4	2303	CCDC141	147	52	0.5	primary
1	Lymph node metastasis, left cervical node	4	2303	CCDC141	168	32	0.5	metastasis
2	Locoregional skin metastasis, left ear	4	2303	CCDC141	131	30	0.5	metastasis
3	Distant skin metastasis, back	4	2303	CCDC141	151	47	0.5	metastasis
0	Primary, left ear	7	2304	GRIN2A	223	86	0.5	primary
1	Lymph node metastasis, left cervical node	7	2304	GRIN2A	228	75	0.5	metastasis
2	Locoregional skin metastasis, left ear	7	2304	GRIN2A	244	49	0.5	metastasis
3	Distant skin metastasis, back	7	2304	GRIN2A	199	63	0.5	metastasis
0	Primary, left ear	2	2305	ALOX12	26	20	0.5	primary
1	Lymph node metastasis, left cervical node	2	2305	ALOX12	36	38	0.5	metastasis
2	Locoregional skin metastasis, left ear	2	2305	ALOX12	36	8	0.5	metastasis
3	Distant skin metastasis, back	2	2305	ALOX12	45	7	0.5	metastasis
0	Primary, left ear	1	2306	RFX2	83	38	0.5	primary
1	Lymph node metastasis, left cervical node	1	2306	RFX2	107	33	0.5	metastasis
2	Locoregional skin metastasis, left ear	1	2306	RFX2	120	24	0.5	metastasis
3	Distant skin metastasis, back	1	2306	RFX2	85	45	0.5	metastasis
0	Primary, left ear	2	2307	OR1L3	468	232	0.5	primary
1	Lymph node metastasis, left cervical node	2	2307	OR1L3	511	192	0.5	metastasis
2	Locoregional skin metastasis, left ear	2	2307	OR1L3	299	53	0.5	metastasis
3	Distant skin metastasis, back	2	2307	OR1L3	466	165	0.5	metastasis
0	Primary, left ear	1	2308	DPYD	328	144	0.5	primary
1	Lymph node metastasis, left cervical node	1	2308	DPYD	322	108	0.5	metastasis
2	Locoregional skin metastasis, left ear	1	2308	DPYD	153	38	0.5	metastasis
3	Distant skin metastasis, back	1	2308	DPYD	279	94	0.5	metastasis
0	Primary, left ear	2	2309	DDX54	24	11	0.5	primary
1	Lymph node metastasis, left cervical node	2	2309	DDX54	32	12	0.5	metastasis
2	Locoregional skin metastasis, left ear	2	2309	DDX54	34	6	0.5	metastasis
3	Distant skin metastasis, back	2	2309	DDX54	30	12	0.5	metastasis
0	Primary, left ear	6	2310	MYO6	120	61	0.5	primary
1	Lymph node metastasis, left cervical node	6	2310	MYO6	139	44	0.5	metastasis
2	Locoregional skin metastasis, left ear	6	2310	MYO6	134	34	0.5	metastasis
3	Distant skin metastasis, back	6	2310	MYO6	126	32	0.5	metastasis
0	Primary, left ear	6	2311	IMMT	32	19	0.5	primary
1	Lymph node metastasis, left cervical node	6	2311	IMMT	47	14	0.5	metastasis
2	Locoregional skin metastasis, left ear	6	2311	IMMT	15	7	0.5	metastasis
3	Distant skin metastasis, back	6	2311	IMMT	36	8	0.5	metastasis
0	Primary, left ear	6	2312	KRTAP13-1	122	62	0.5	primary
1	Lymph node metastasis, left cervical node	6	2312	KRTAP13-1	140	40	0.5	metastasis
2	Locoregional skin metastasis, left ear	6	2312	KRTAP13-1	92	35	0.5	metastasis
3	Distant skin metastasis, back	6	2312	KRTAP13-1	146	44	0.5	metastasis
0	Primary, left ear	2	2313	DUSP10	96	47	0.5	primary
1	Lymph node metastasis, left cervical node	2	2313	DUSP10	85	40	0.5	metastasis
2	Locoregional skin metastasis, left ear	2	2313	DUSP10	128	38	0.5	metastasis
3	Distant skin metastasis, back	2	2313	DUSP10	101	55	0.5	metastasis
0	Primary, left ear	2	2314	PWP2	180	107	0.5	primary
1	Lymph node metastasis, left cervical node	2	2314	PWP2	255	97	0.5	metastasis
2	Locoregional skin metastasis, left ear	2	2314	PWP2	201	49	0.5	metastasis
3	Distant skin metastasis, back	2	2314	PWP2	220	73	0.5	metastasis
0	Primary, left ear	2	2315	SLC22A18	121	56	0.5	primary
1	Lymph node metastasis, left cervical node	2	2315	SLC22A18	121	53	0.5	metastasis
2	Locoregional skin metastasis, left ear	2	2315	SLC22A18	171	36	0.5	metastasis
3	Distant skin metastasis, back	2	2315	SLC22A18	150	64	0.5	metastasis
0	Primary, left ear	7	2316	IL36B	178	84	0.5	primary
1	Lymph node metastasis, left cervical node	7	2316	IL36B	190	76	0.5	metastasis
2	Locoregional skin metastasis, left ear	7	2316	IL36B	122	20	0.5	metastasis
3	Distant skin metastasis, back	7	2316	IL36B	233	48	0.5	metastasis
0	Primary, left ear	2	2317	MUC4	252	109	0.5	primary
1	Lymph node metastasis, left cervical node	2	2317	MUC4	293	126	0.5	metastasis
2	Locoregional skin metastasis, left ear	2	2317	MUC4	426	82	0.5	metastasis
3	Distant skin metastasis, back	2	2317	MUC4	281	112	0.5	metastasis
0	Primary, left ear	1	2318	PGAP3	80	25	0.5	primary
1	Lymph node metastasis, left cervical node	1	2318	PGAP3	80	23	0.5	metastasis
2	Locoregional skin metastasis, left ear	1	2318	PGAP3	98	23	0.5	metastasis
3	Distant skin metastasis, back	1	2318	PGAP3	75	28	0.5	metastasis
0	Primary, left ear	7	2319	SUSD4	118	42	0.5	primary
1	Lymph node metastasis, left cervical node	7	2319	SUSD4	127	57	0.5	metastasis
2	Locoregional skin metastasis, left ear	7	2319	SUSD4	165	25	0.5	metastasis
3	Distant skin metastasis, back	7	2319	SUSD4	109	29	0.5	metastasis
0	Primary, left ear	2	2320	HMGCS2	20	12	0.5	primary
1	Lymph node metastasis, left cervical node	2	2320	HMGCS2	39	13	0.5	metastasis
2	Locoregional skin metastasis, left ear	2	2320	HMGCS2	37	8	0.5	metastasis
3	Distant skin metastasis, back	2	2320	HMGCS2	44	15	0.5	metastasis
0	Primary, left ear	5	2321	BCLAF1	369	52	0.5	primary
1	Lymph node metastasis, left cervical node	5	2321	BCLAF1	400	57	0.5	metastasis
2	Locoregional skin metastasis, left ear	5	2321	BCLAF1	162	16	0.5	metastasis
3	Distant skin metastasis, back	5	2321	BCLAF1	408	81	0.5	metastasis
0	Primary, left ear	7	2322	OR51F2	176	102	0.5	primary
1	Lymph node metastasis, left cervical node	7	2322	OR51F2	204	82	0.5	metastasis
2	Locoregional skin metastasis, left ear	7	2322	OR51F2	184	41	0.5	metastasis
3	Distant skin metastasis, back	7	2322	OR51F2	210	56	0.5	metastasis
0	Primary, left ear	6	2323	PANX2	151	77	0.5	primary
1	Lymph node metastasis, left cervical node	6	2323	PANX2	192	54	0.5	metastasis
2	Locoregional skin metastasis, left ear	6	2323	PANX2	217	45	0.5	metastasis
3	Distant skin metastasis, back	6	2323	PANX2	185	61	0.5	metastasis
0	Primary, left ear	7	2324	TTN	318	166	0.5	primary
1	Lymph node metastasis, left cervical node	7	2324	TTN	312	128	0.5	metastasis
2	Locoregional skin metastasis, left ear	7	2324	TTN	109	25	0.5	metastasis
3	Distant skin metastasis, back	7	2324	TTN	336	94	0.5	metastasis
0	Primary, left ear	2	2325	SCN7A	191	88	0.5	primary
1	Lymph node metastasis, left cervical node	2	2325	SCN7A	179	65	0.5	metastasis
2	Locoregional skin metastasis, left ear	2	2325	SCN7A	85	16	0.5	metastasis
3	Distant skin metastasis, back	2	2325	SCN7A	191	80	0.5	metastasis
0	Primary, left ear	1	2326	CALB2	122	37	0.5	primary
1	Lymph node metastasis, left cervical node	1	2326	CALB2	125	46	0.5	metastasis
2	Locoregional skin metastasis, left ear	1	2326	CALB2	101	23	0.5	metastasis
3	Distant skin metastasis, back	1	2326	CALB2	111	50	0.5	metastasis
0	Primary, left ear	2	2327	SNAPIN	88	37	0.5	primary
1	Lymph node metastasis, left cervical node	2	2327	SNAPIN	137	50	0.5	metastasis
2	Locoregional skin metastasis, left ear	2	2327	SNAPIN	78	27	0.5	metastasis
3	Distant skin metastasis, back	2	2327	SNAPIN	120	51	0.5	metastasis
0	Primary, left ear	2	2328	WDR38	95	59	0.5	primary
1	Lymph node metastasis, left cervical node	2	2328	WDR38	96	32	0.5	metastasis
2	Locoregional skin metastasis, left ear	2	2328	WDR38	144	32	0.5	metastasis
3	Distant skin metastasis, back	2	2328	WDR38	125	48	0.5	metastasis
0	Primary, left ear	4	2329	LAMA3	102	30	0.5	primary
1	Lymph node metastasis, left cervical node	4	2329	LAMA3	94	33	0.5	metastasis
2	Locoregional skin metastasis, left ear	4	2329	LAMA3	105	9	0.5	metastasis
3	Distant skin metastasis, back	4	2329	LAMA3	100	30	0.5	metastasis
0	Primary, left ear	6	2330	SUSD4	72	44	0.5	primary
1	Lymph node metastasis, left cervical node	6	2330	SUSD4	72	16	0.5	metastasis
2	Locoregional skin metastasis, left ear	6	2330	SUSD4	75	18	0.5	metastasis
3	Distant skin metastasis, back	6	2330	SUSD4	69	29	0.5	metastasis
0	Primary, left ear	8	2331	TBX19	35	0	0.5	primary
1	Lymph node metastasis, left cervical node	8	2331	TBX19	26	0	0.5	metastasis
2	Locoregional skin metastasis, left ear	8	2331	TBX19	28	0	0.5	metastasis
3	Distant skin metastasis, back	8	2331	TBX19	18	4	0.5	metastasis
0	Primary, left ear	2	2332	PPP4R4	101	54	0.5	primary
1	Lymph node metastasis, left cervical node	2	2332	PPP4R4	103	53	0.5	metastasis
2	Locoregional skin metastasis, left ear	2	2332	PPP4R4	49	11	0.5	metastasis
3	Distant skin metastasis, back	2	2332	PPP4R4	94	48	0.5	metastasis
0	Primary, left ear	2	2333	XDH	240	117	0.5	primary
1	Lymph node metastasis, left cervical node	2	2333	XDH	311	106	0.5	metastasis
2	Locoregional skin metastasis, left ear	2	2333	XDH	189	49	0.5	metastasis
3	Distant skin metastasis, back	2	2333	XDH	255	87	0.5	metastasis
0	Primary, left ear	2	2334	ANKRD24	27	16	0.5	primary
1	Lymph node metastasis, left cervical node	2	2334	ANKRD24	39	16	0.5	metastasis
2	Locoregional skin metastasis, left ear	2	2334	ANKRD24	26	13	0.5	metastasis
3	Distant skin metastasis, back	2	2334	ANKRD24	43	14	0.5	metastasis
0	Primary, left ear	2	2335	GCC2	18	10	0.5	primary
1	Lymph node metastasis, left cervical node	2	2335	GCC2	18	11	0.5	metastasis
2	Locoregional skin metastasis, left ear	2	2335	GCC2	3	1	0.5	metastasis
3	Distant skin metastasis, back	2	2335	GCC2	22	5	0.5	metastasis
0	Primary, left ear	7	2336	C14orf135	298	96	0.5	primary
1	Lymph node metastasis, left cervical node	7	2336	C14orf135	291	112	0.5	metastasis
2	Locoregional skin metastasis, left ear	7	2336	C14orf135	141	41	0.5	metastasis
3	Distant skin metastasis, back	7	2336	C14orf135	273	100	0.5	metastasis
0	Primary, left ear	6	2337	AKAP6	277	150	0.5	primary
1	Lymph node metastasis, left cervical node	6	2337	AKAP6	329	100	0.5	metastasis
2	Locoregional skin metastasis, left ear	6	2337	AKAP6	209	45	0.5	metastasis
3	Distant skin metastasis, back	6	2337	AKAP6	307	103	0.5	metastasis
0	Primary, left ear	1	2338	STAT4	184	67	0.5	primary
1	Lymph node metastasis, left cervical node	1	2338	STAT4	145	51	0.5	metastasis
2	Locoregional skin metastasis, left ear	1	2338	STAT4	80	21	0.5	metastasis
3	Distant skin metastasis, back	1	2338	STAT4	143	53	0.5	metastasis
0	Primary, left ear	2	2339	APOD	62	39	0.5	primary
1	Lymph node metastasis, left cervical node	2	2339	APOD	97	40	0.5	metastasis
2	Locoregional skin metastasis, left ear	2	2339	APOD	87	18	0.5	metastasis
3	Distant skin metastasis, back	2	2339	APOD	67	44	0.5	metastasis
0	Primary, left ear	2	2340	EP400	59	29	0.5	primary
1	Lymph node metastasis, left cervical node	2	2340	EP400	71	29	0.5	metastasis
2	Locoregional skin metastasis, left ear	2	2340	EP400	64	11	0.5	metastasis
3	Distant skin metastasis, back	2	2340	EP400	50	24	0.5	metastasis
0	Primary, left ear	2	2341	TCRA	316	163	0.5	primary
1	Lymph node metastasis, left cervical node	2	2341	TCRA	299	129	0.5	metastasis
2	Locoregional skin metastasis, left ear	2	2341	TCRA	339	65	0.5	metastasis
3	Distant skin metastasis, back	2	2341	TCRA	359	123	0.5	metastasis
0	Primary, left ear	7	2342	PCSK9	70	29	0.5	primary
1	Lymph node metastasis, left cervical node	7	2342	PCSK9	69	38	0.5	metastasis
2	Locoregional skin metastasis, left ear	7	2342	PCSK9	108	16	0.5	metastasis
3	Distant skin metastasis, back	7	2342	PCSK9	76	30	0.5	metastasis
0	Primary, left ear	5	2343	OR2T4	188	28	0.5	primary
1	Lymph node metastasis, left cervical node	5	2343	OR2T4	177	18	0.5	metastasis
2	Locoregional skin metastasis, left ear	5	2343	OR2T4	201	10	0.5	metastasis
3	Distant skin metastasis, back	5	2343	OR2T4	151	17	0.5	metastasis
0	Primary, left ear	2	2344	AGPS	52	20	0.5	primary
1	Lymph node metastasis, left cervical node	2	2344	AGPS	45	19	0.5	metastasis
2	Locoregional skin metastasis, left ear	2	2344	AGPS	13	6	0.5	metastasis
3	Distant skin metastasis, back	2	2344	AGPS	58	17	0.5	metastasis
0	Primary, left ear	7	2345	NT5DC4	238	96	0.5	primary
1	Lymph node metastasis, left cervical node	7	2345	NT5DC4	272	89	0.5	metastasis
2	Locoregional skin metastasis, left ear	7	2345	NT5DC4	296	60	0.5	metastasis
3	Distant skin metastasis, back	7	2345	NT5DC4	262	85	0.5	metastasis
0	Primary, left ear	2	2346	YIPF7	25	6	0.5	primary
1	Lymph node metastasis, left cervical node	2	2346	YIPF7	15	2	0.5	metastasis
2	Locoregional skin metastasis, left ear	2	2346	YIPF7	20	8	0.5	metastasis
3	Distant skin metastasis, back	2	2346	YIPF7	13	3	0.5	metastasis
0	Primary, left ear	1	2347	WIZ	43	17	0.5	primary
1	Lymph node metastasis, left cervical node	1	2347	WIZ	62	15	0.5	metastasis
2	Locoregional skin metastasis, left ear	1	2347	WIZ	56	14	0.5	metastasis
3	Distant skin metastasis, back	1	2347	WIZ	46	24	0.5	metastasis
0	Primary, left ear	7	2348	PNLDC1	149	69	0.5	primary
1	Lymph node metastasis, left cervical node	7	2348	PNLDC1	177	64	0.5	metastasis
2	Locoregional skin metastasis, left ear	7	2348	PNLDC1	208	35	0.5	metastasis
3	Distant skin metastasis, back	7	2348	PNLDC1	177	51	0.5	metastasis
0	Primary, left ear	2	2349	CSDC2	219	116	0.5	primary
1	Lymph node metastasis, left cervical node	2	2349	CSDC2	283	122	0.5	metastasis
2	Locoregional skin metastasis, left ear	2	2349	CSDC2	341	83	0.5	metastasis
3	Distant skin metastasis, back	2	2349	CSDC2	258	120	0.5	metastasis
0	Primary, left ear	1	2350	FAM57B	67	15	0.5	primary
1	Lymph node metastasis, left cervical node	1	2350	FAM57B	114	34	0.5	metastasis
2	Locoregional skin metastasis, left ear	1	2350	FAM57B	53	20	0.5	metastasis
3	Distant skin metastasis, back	1	2350	FAM57B	66	20	0.5	metastasis
0	Primary, left ear	2	2351	DNAH6	85	38	0.5	primary
1	Lymph node metastasis, left cervical node	2	2351	DNAH6	83	44	0.5	metastasis
2	Locoregional skin metastasis, left ear	2	2351	DNAH6	61	16	0.5	metastasis
3	Distant skin metastasis, back	2	2351	DNAH6	82	37	0.5	metastasis
0	Primary, left ear	1	2352	ST8SIA3	475	190	0.5	primary
1	Lymph node metastasis, left cervical node	1	2352	ST8SIA3	512	157	0.5	metastasis
2	Locoregional skin metastasis, left ear	1	2352	ST8SIA3	270	52	0.5	metastasis
3	Distant skin metastasis, back	1	2352	ST8SIA3	432	153	0.5	metastasis
0	Primary, left ear	2	2353	KRT17	9	4	0.5	primary
1	Lymph node metastasis, left cervical node	2	2353	KRT17	9	2	0.5	metastasis
2	Locoregional skin metastasis, left ear	2	2353	KRT17	10	1	0.5	metastasis
3	Distant skin metastasis, back	2	2353	KRT17	18	4	0.5	metastasis
0	Primary, left ear	7	2354	MAMDC4	209	95	0.5	primary
1	Lymph node metastasis, left cervical node	7	2354	MAMDC4	203	93	0.5	metastasis
2	Locoregional skin metastasis, left ear	7	2354	MAMDC4	232	49	0.5	metastasis
3	Distant skin metastasis, back	7	2354	MAMDC4	238	76	0.5	metastasis
0	Primary, left ear	2	2355	OR2W3	488	239	0.5	primary
1	Lymph node metastasis, left cervical node	2	2355	OR2W3	576	222	0.5	metastasis
2	Locoregional skin metastasis, left ear	2	2355	OR2W3	581	126	0.5	metastasis
3	Distant skin metastasis, back	2	2355	OR2W3	519	177	0.5	metastasis
0	Primary, left ear	2	2356	RIN3	116	53	0.5	primary
1	Lymph node metastasis, left cervical node	2	2356	RIN3	125	49	0.5	metastasis
2	Locoregional skin metastasis, left ear	2	2356	RIN3	100	38	0.5	metastasis
3	Distant skin metastasis, back	2	2356	RIN3	119	46	0.5	metastasis
0	Primary, left ear	7	2357	ACVR2A	210	85	0.5	primary
1	Lymph node metastasis, left cervical node	7	2357	ACVR2A	229	81	0.5	metastasis
2	Locoregional skin metastasis, left ear	7	2357	ACVR2A	81	19	0.5	metastasis
3	Distant skin metastasis, back	7	2357	ACVR2A	184	50	0.5	metastasis
0	Primary, left ear	2	2358	VSX1	43	27	0.5	primary
1	Lymph node metastasis, left cervical node	2	2358	VSX1	39	27	0.5	metastasis
2	Locoregional skin metastasis, left ear	2	2358	VSX1	32	15	0.5	metastasis
3	Distant skin metastasis, back	2	2358	VSX1	51	21	0.5	metastasis
0	Primary, left ear	6	2359	APOB	102	61	0.5	primary
1	Lymph node metastasis, left cervical node	6	2359	APOB	109	31	0.5	metastasis
2	Locoregional skin metastasis, left ear	6	2359	APOB	65	12	0.5	metastasis
3	Distant skin metastasis, back	6	2359	APOB	104	26	0.5	metastasis
0	Primary, left ear	2	2360	PTPRK	126	43	0.5	primary
1	Lymph node metastasis, left cervical node	2	2360	PTPRK	126	54	0.5	metastasis
2	Locoregional skin metastasis, left ear	2	2360	PTPRK	125	31	0.5	metastasis
3	Distant skin metastasis, back	2	2360	PTPRK	113	48	0.5	metastasis
0	Primary, left ear	4	2361	SYK	234	106	0.5	primary
1	Lymph node metastasis, left cervical node	4	2361	SYK	275	79	0.5	metastasis
2	Locoregional skin metastasis, left ear	4	2361	SYK	294	51	0.5	metastasis
3	Distant skin metastasis, back	4	2361	SYK	217	62	0.5	metastasis
0	Primary, left ear	2	2362	CR1	14	7	0.5	primary
1	Lymph node metastasis, left cervical node	2	2362	CR1	25	5	0.5	metastasis
2	Locoregional skin metastasis, left ear	2	2362	CR1	10	3	0.5	metastasis
3	Distant skin metastasis, back	2	2362	CR1	25	10	0.5	metastasis
0	Primary, left ear	7	2363	KRT13	151	62	0.5	primary
1	Lymph node metastasis, left cervical node	7	2363	KRT13	193	69	0.5	metastasis
2	Locoregional skin metastasis, left ear	7	2363	KRT13	193	41	0.5	metastasis
3	Distant skin metastasis, back	7	2363	KRT13	169	48	0.5	metastasis
0	Primary, left ear	2	2364	FBRS	135	87	0.5	primary
1	Lymph node metastasis, left cervical node	2	2364	FBRS	194	57	0.5	metastasis
2	Locoregional skin metastasis, left ear	2	2364	FBRS	192	58	0.5	metastasis
3	Distant skin metastasis, back	2	2364	FBRS	135	67	0.5	metastasis
0	Primary, left ear	2	2365	NIN	107	45	0.5	primary
1	Lymph node metastasis, left cervical node	2	2365	NIN	113	53	0.5	metastasis
2	Locoregional skin metastasis, left ear	2	2365	NIN	38	14	0.5	metastasis
3	Distant skin metastasis, back	2	2365	NIN	82	29	0.5	metastasis
0	Primary, left ear	1	2366	ANO3	166	70	0.5	primary
1	Lymph node metastasis, left cervical node	1	2366	ANO3	200	62	0.5	metastasis
2	Locoregional skin metastasis, left ear	1	2366	ANO3	137	30	0.5	metastasis
3	Distant skin metastasis, back	1	2366	ANO3	166	55	0.5	metastasis
0	Primary, left ear	7	2367	KRTAP11-1	78	40	0.5	primary
1	Lymph node metastasis, left cervical node	7	2367	KRTAP11-1	93	32	0.5	metastasis
2	Locoregional skin metastasis, left ear	7	2367	KRTAP11-1	93	13	0.5	metastasis
3	Distant skin metastasis, back	7	2367	KRTAP11-1	80	24	0.5	metastasis
0	Primary, left ear	2	2368	PROKR1	375	204	0.5	primary
1	Lymph node metastasis, left cervical node	2	2368	PROKR1	431	161	0.5	metastasis
2	Locoregional skin metastasis, left ear	2	2368	PROKR1	544	140	0.5	metastasis
3	Distant skin metastasis, back	2	2368	PROKR1	437	196	0.5	metastasis
0	Primary, left ear	7	2369	PARD3	15	6	0.5	primary
1	Lymph node metastasis, left cervical node	7	2369	PARD3	16	12	0.5	metastasis
2	Locoregional skin metastasis, left ear	7	2369	PARD3	37	3	0.5	metastasis
3	Distant skin metastasis, back	7	2369	PARD3	22	4	0.5	metastasis
0	Primary, left ear	6	2370	COL9A2	121	80	0.5	primary
1	Lymph node metastasis, left cervical node	6	2370	COL9A2	152	49	0.5	metastasis
2	Locoregional skin metastasis, left ear	6	2370	COL9A2	154	48	0.5	metastasis
3	Distant skin metastasis, back	6	2370	COL9A2	193	55	0.5	metastasis
0	Primary, left ear	6	2371	SRSF11	70	41	0.5	primary
1	Lymph node metastasis, left cervical node	6	2371	SRSF11	86	30	0.5	metastasis
2	Locoregional skin metastasis, left ear	6	2371	SRSF11	49	5	0.5	metastasis
3	Distant skin metastasis, back	6	2371	SRSF11	64	19	0.5	metastasis
0	Primary, left ear	2	2372	FAM69A	7	3	0.5	primary
1	Lymph node metastasis, left cervical node	2	2372	FAM69A	6	3	0.5	metastasis
2	Locoregional skin metastasis, left ear	2	2372	FAM69A	4	0	0.5	metastasis
3	Distant skin metastasis, back	2	2372	FAM69A	8	5	0.5	metastasis
0	Primary, left ear	3	2373	VWA3B	135	61	0.5	primary
1	Lymph node metastasis, left cervical node	3	2373	VWA3B	157	42	0.5	metastasis
2	Locoregional skin metastasis, left ear	3	2373	VWA3B	74	17	0.5	metastasis
3	Distant skin metastasis, back	3	2373	VWA3B	175	32	0.5	metastasis
0	Primary, left ear	6	2374	ARHGAP25	262	118	0.5	primary
1	Lymph node metastasis, left cervical node	6	2374	ARHGAP25	306	96	0.5	metastasis
2	Locoregional skin metastasis, left ear	6	2374	ARHGAP25	227	46	0.5	metastasis
3	Distant skin metastasis, back	6	2374	ARHGAP25	293	87	0.5	metastasis
0	Primary, left ear	2	2375	AATK	73	24	0.5	primary
1	Lymph node metastasis, left cervical node	2	2375	AATK	40	21	0.5	metastasis
2	Locoregional skin metastasis, left ear	2	2375	AATK	63	16	0.5	metastasis
3	Distant skin metastasis, back	2	2375	AATK	70	25	0.5	metastasis
0	Primary, left ear	2	2376	PKP4	46	30	0.5	primary
1	Lymph node metastasis, left cervical node	2	2376	PKP4	60	32	0.5	metastasis
2	Locoregional skin metastasis, left ear	2	2376	PKP4	67	18	0.5	metastasis
3	Distant skin metastasis, back	2	2376	PKP4	37	13	0.5	metastasis
0	Primary, left ear	4	2377	VAV1	115	50	0.5	primary
1	Lymph node metastasis, left cervical node	4	2377	VAV1	198	63	0.5	metastasis
2	Locoregional skin metastasis, left ear	4	2377	VAV1	169	28	0.5	metastasis
3	Distant skin metastasis, back	4	2377	VAV1	145	36	0.5	metastasis
0	Primary, left ear	2	2378	USH2A	318	163	0.5	primary
1	Lymph node metastasis, left cervical node	2	2378	USH2A	397	155	0.5	metastasis
2	Locoregional skin metastasis, left ear	2	2378	USH2A	311	83	0.5	metastasis
3	Distant skin metastasis, back	2	2378	USH2A	317	114	0.5	metastasis
0	Primary, left ear	7	2379	ELK4	105	44	0.5	primary
1	Lymph node metastasis, left cervical node	7	2379	ELK4	104	40	0.5	metastasis
2	Locoregional skin metastasis, left ear	7	2379	ELK4	109	30	0.5	metastasis
3	Distant skin metastasis, back	7	2379	ELK4	136	34	0.5	metastasis
0	Primary, left ear	2	2380	DENR	68	36	0.5	primary
1	Lymph node metastasis, left cervical node	2	2380	DENR	105	41	0.5	metastasis
2	Locoregional skin metastasis, left ear	2	2380	DENR	32	15	0.5	metastasis
3	Distant skin metastasis, back	2	2380	DENR	76	29	0.5	metastasis
0	Primary, left ear	7	2381	PCSK5	68	23	0.5	primary
1	Lymph node metastasis, left cervical node	7	2381	PCSK5	64	39	0.5	metastasis
2	Locoregional skin metastasis, left ear	7	2381	PCSK5	107	26	0.5	metastasis
3	Distant skin metastasis, back	7	2381	PCSK5	70	15	0.5	metastasis
0	Primary, left ear	2	2382	P2RX1	78	42	0.5	primary
1	Lymph node metastasis, left cervical node	2	2382	P2RX1	91	43	0.5	metastasis
2	Locoregional skin metastasis, left ear	2	2382	P2RX1	115	27	0.5	metastasis
3	Distant skin metastasis, back	2	2382	P2RX1	90	36	0.5	metastasis
0	Primary, left ear	1	2383	HIVEP3	308	114	0.5	primary
1	Lymph node metastasis, left cervical node	1	2383	HIVEP3	336	119	0.5	metastasis
2	Locoregional skin metastasis, left ear	1	2383	HIVEP3	351	73	0.5	metastasis
3	Distant skin metastasis, back	1	2383	HIVEP3	289	160	0.5	metastasis
0	Primary, left ear	2	2384	DYNC1H1	213	77	0.5	primary
1	Lymph node metastasis, left cervical node	2	2384	DYNC1H1	232	101	0.5	metastasis
2	Locoregional skin metastasis, left ear	2	2384	DYNC1H1	272	64	0.5	metastasis
3	Distant skin metastasis, back	2	2384	DYNC1H1	219	103	0.5	metastasis
0	Primary, left ear	1	2385	TMEM200A	152	51	0.5	primary
1	Lymph node metastasis, left cervical node	1	2385	TMEM200A	149	36	0.5	metastasis
2	Locoregional skin metastasis, left ear	1	2385	TMEM200A	88	20	0.5	metastasis
3	Distant skin metastasis, back	1	2385	TMEM200A	108	49	0.5	metastasis
0	Primary, left ear	2	2386	LAMC2	132	49	0.5	primary
1	Lymph node metastasis, left cervical node	2	2386	LAMC2	135	53	0.5	metastasis
2	Locoregional skin metastasis, left ear	2	2386	LAMC2	115	30	0.5	metastasis
3	Distant skin metastasis, back	2	2386	LAMC2	99	34	0.5	metastasis
0	Primary, left ear	7	2387	SGMS1	39	13	0.5	primary
1	Lymph node metastasis, left cervical node	7	2387	SGMS1	30	12	0.5	metastasis
2	Locoregional skin metastasis, left ear	7	2387	SGMS1	36	4	0.5	metastasis
3	Distant skin metastasis, back	7	2387	SGMS1	38	13	0.5	metastasis
0	Primary, left ear	2	2388	SRGAP2	256	136	0.5	primary
1	Lymph node metastasis, left cervical node	2	2388	SRGAP2	248	116	0.5	metastasis
2	Locoregional skin metastasis, left ear	2	2388	SRGAP2	297	90	0.5	metastasis
3	Distant skin metastasis, back	2	2388	SRGAP2	305	112	0.5	metastasis
0	Primary, left ear	7	2389	ABI3BP	168	86	0.5	primary
1	Lymph node metastasis, left cervical node	7	2389	ABI3BP	150	55	0.5	metastasis
2	Locoregional skin metastasis, left ear	7	2389	ABI3BP	151	17	0.5	metastasis
3	Distant skin metastasis, back	7	2389	ABI3BP	149	39	0.5	metastasis
0	Primary, left ear	2	2390	CYP2D7P1	14	7	0.5	primary
1	Lymph node metastasis, left cervical node	2	2390	CYP2D7P1	24	20	0.5	metastasis
2	Locoregional skin metastasis, left ear	2	2390	CYP2D7P1	19	15	0.5	metastasis
3	Distant skin metastasis, back	2	2390	CYP2D7P1	20	8	0.5	metastasis
0	Primary, left ear	7	2391	TTC7B	159	65	0.5	primary
1	Lymph node metastasis, left cervical node	7	2391	TTC7B	202	78	0.5	metastasis
2	Locoregional skin metastasis, left ear	7	2391	TTC7B	248	42	0.5	metastasis
3	Distant skin metastasis, back	7	2391	TTC7B	166	49	0.5	metastasis
0	Primary, left ear	7	2392	MSTN	134	54	0.5	primary
1	Lymph node metastasis, left cervical node	7	2392	MSTN	149	53	0.5	metastasis
2	Locoregional skin metastasis, left ear	7	2392	MSTN	55	11	0.5	metastasis
3	Distant skin metastasis, back	7	2392	MSTN	148	48	0.5	metastasis
0	Primary, left ear	2	2393	RTN4IP1	96	47	0.5	primary
1	Lymph node metastasis, left cervical node	2	2393	RTN4IP1	107	40	0.5	metastasis
2	Locoregional skin metastasis, left ear	2	2393	RTN4IP1	82	17	0.5	metastasis
3	Distant skin metastasis, back	2	2393	RTN4IP1	130	65	0.5	metastasis
0	Primary, left ear	2	2394	MACROD2	39	19	0.5	primary
1	Lymph node metastasis, left cervical node	2	2394	MACROD2	38	18	0.5	metastasis
2	Locoregional skin metastasis, left ear	2	2394	MACROD2	19	1	0.5	metastasis
3	Distant skin metastasis, back	2	2394	MACROD2	37	11	0.5	metastasis
0	Primary, left ear	2	2395	S100A7	96	49	0.5	primary
1	Lymph node metastasis, left cervical node	2	2395	S100A7	128	43	0.5	metastasis
2	Locoregional skin metastasis, left ear	2	2395	S100A7	153	34	0.5	metastasis
3	Distant skin metastasis, back	2	2395	S100A7	124	46	0.5	metastasis
0	Primary, left ear	7	2396	STAC2	171	66	0.5	primary
1	Lymph node metastasis, left cervical node	7	2396	STAC2	181	64	0.5	metastasis
2	Locoregional skin metastasis, left ear	7	2396	STAC2	169	32	0.5	metastasis
3	Distant skin metastasis, back	7	2396	STAC2	182	64	0.5	metastasis
0	Primary, left ear	1	2397	MNT	111	52	0.5	primary
1	Lymph node metastasis, left cervical node	1	2397	MNT	125	37	0.5	metastasis
2	Locoregional skin metastasis, left ear	1	2397	MNT	118	12	0.5	metastasis
3	Distant skin metastasis, back	1	2397	MNT	116	49	0.5	metastasis
0	Primary, left ear	6	2398	CCDC108	40	28	0.5	primary
1	Lymph node metastasis, left cervical node	6	2398	CCDC108	51	10	0.5	metastasis
2	Locoregional skin metastasis, left ear	6	2398	CCDC108	81	13	0.5	metastasis
3	Distant skin metastasis, back	6	2398	CCDC108	54	11	0.5	metastasis
0	Primary, left ear	7	2399	SIPA1	38	18	0.5	primary
1	Lymph node metastasis, left cervical node	7	2399	SIPA1	42	13	0.5	metastasis
2	Locoregional skin metastasis, left ear	7	2399	SIPA1	55	8	0.5	metastasis
3	Distant skin metastasis, back	7	2399	SIPA1	38	10	0.5	metastasis
0	Primary, left ear	2	2400	ZNF689	60	24	0.5	primary
1	Lymph node metastasis, left cervical node	2	2400	ZNF689	62	26	0.5	metastasis
2	Locoregional skin metastasis, left ear	2	2400	ZNF689	80	16	0.5	metastasis
3	Distant skin metastasis, back	2	2400	ZNF689	72	34	0.5	metastasis
0	Primary, left ear	4	2401	VCAM1	151	46	0.5	primary
1	Lymph node metastasis, left cervical node	4	2401	VCAM1	121	42	0.5	metastasis
2	Locoregional skin metastasis, left ear	4	2401	VCAM1	51	10	0.5	metastasis
3	Distant skin metastasis, back	4	2401	VCAM1	134	38	0.5	metastasis
0	Primary, left ear	7	2402	OR6Y1	372	138	0.5	primary
1	Lymph node metastasis, left cervical node	7	2402	OR6Y1	396	149	0.5	metastasis
2	Locoregional skin metastasis, left ear	7	2402	OR6Y1	291	73	0.5	metastasis
3	Distant skin metastasis, back	7	2402	OR6Y1	354	114	0.5	metastasis
0	Primary, left ear	1	2403	IGHMBP2	95	46	0.5	primary
1	Lymph node metastasis, left cervical node	1	2403	IGHMBP2	124	35	0.5	metastasis
2	Locoregional skin metastasis, left ear	1	2403	IGHMBP2	135	25	0.5	metastasis
3	Distant skin metastasis, back	1	2403	IGHMBP2	107	40	0.5	metastasis
0	Primary, left ear	2	2404	AP1M1	231	124	0.5	primary
1	Lymph node metastasis, left cervical node	2	2404	AP1M1	274	106	0.5	metastasis
2	Locoregional skin metastasis, left ear	2	2404	AP1M1	327	70	0.5	metastasis
3	Distant skin metastasis, back	2	2404	AP1M1	248	91	0.5	metastasis
0	Primary, left ear	2	2405	BC014150	19	8	0.5	primary
1	Lymph node metastasis, left cervical node	2	2405	BC014150	23	10	0.5	metastasis
2	Locoregional skin metastasis, left ear	2	2405	BC014150	34	8	0.5	metastasis
3	Distant skin metastasis, back	2	2405	BC014150	26	12	0.5	metastasis
0	Primary, left ear	2	2406	USP43	53	24	0.5	primary
1	Lymph node metastasis, left cervical node	2	2406	USP43	63	23	0.5	metastasis
2	Locoregional skin metastasis, left ear	2	2406	USP43	71	15	0.5	metastasis
3	Distant skin metastasis, back	2	2406	USP43	61	23	0.5	metastasis
0	Primary, left ear	2	2407	NOTCH2	375	188	0.5	primary
1	Lymph node metastasis, left cervical node	2	2407	NOTCH2	365	124	0.5	metastasis
2	Locoregional skin metastasis, left ear	2	2407	NOTCH2	246	56	0.5	metastasis
3	Distant skin metastasis, back	2	2407	NOTCH2	359	136	0.5	metastasis
0	Primary, left ear	2	2408	TMEM156	69	40	0.5	primary
1	Lymph node metastasis, left cervical node	2	2408	TMEM156	78	24	0.5	metastasis
2	Locoregional skin metastasis, left ear	2	2408	TMEM156	53	7	0.5	metastasis
3	Distant skin metastasis, back	2	2408	TMEM156	84	47	0.5	metastasis
0	Primary, left ear	1	2409	KIAA1958	115	49	0.5	primary
1	Lymph node metastasis, left cervical node	1	2409	KIAA1958	171	55	0.5	metastasis
2	Locoregional skin metastasis, left ear	1	2409	KIAA1958	218	27	0.5	metastasis
3	Distant skin metastasis, back	1	2409	KIAA1958	122	58	0.5	metastasis
0	Primary, left ear	2	2410	SYNE1	118	53	0.5	primary
1	Lymph node metastasis, left cervical node	2	2410	SYNE1	114	44	0.5	metastasis
2	Locoregional skin metastasis, left ear	2	2410	SYNE1	87	28	0.5	metastasis
3	Distant skin metastasis, back	2	2410	SYNE1	110	42	0.5	metastasis
0	Primary, left ear	2	2411	CLCN7	31	18	0.5	primary
1	Lymph node metastasis, left cervical node	2	2411	CLCN7	42	17	0.5	metastasis
2	Locoregional skin metastasis, left ear	2	2411	CLCN7	50	9	0.5	metastasis
3	Distant skin metastasis, back	2	2411	CLCN7	32	17	0.5	metastasis
0	Primary, left ear	7	2412	MYH15	268	113	0.5	primary
1	Lymph node metastasis, left cervical node	7	2412	MYH15	280	120	0.5	metastasis
2	Locoregional skin metastasis, left ear	7	2412	MYH15	134	21	0.5	metastasis
3	Distant skin metastasis, back	7	2412	MYH15	242	73	0.5	metastasis
0	Primary, left ear	2	2413	C1orf173	542	225	0.5	primary
1	Lymph node metastasis, left cervical node	2	2413	C1orf173	551	209	0.5	metastasis
2	Locoregional skin metastasis, left ear	2	2413	C1orf173	208	53	0.5	metastasis
3	Distant skin metastasis, back	2	2413	C1orf173	464	177	0.5	metastasis
0	Primary, left ear	2	2414	CHD3	3	3	0.5	primary
1	Lymph node metastasis, left cervical node	2	2414	CHD3	5	8	0.5	metastasis
2	Locoregional skin metastasis, left ear	2	2414	CHD3	9	6	0.5	metastasis
3	Distant skin metastasis, back	2	2414	CHD3	11	3	0.5	metastasis
0	Primary, left ear	2	2415	TAGAP	65	37	0.5	primary
1	Lymph node metastasis, left cervical node	2	2415	TAGAP	62	31	0.5	metastasis
2	Locoregional skin metastasis, left ear	2	2415	TAGAP	53	19	0.5	metastasis
3	Distant skin metastasis, back	2	2415	TAGAP	71	38	0.5	metastasis
0	Primary, left ear	6	2416	CR2	129	78	0.5	primary
1	Lymph node metastasis, left cervical node	6	2416	CR2	164	59	0.5	metastasis
2	Locoregional skin metastasis, left ear	6	2416	CR2	135	21	0.5	metastasis
3	Distant skin metastasis, back	6	2416	CR2	120	34	0.5	metastasis
0	Primary, left ear	1	2417	LRRC33	165	82	0.5	primary
1	Lymph node metastasis, left cervical node	1	2417	LRRC33	202	57	0.5	metastasis
2	Locoregional skin metastasis, left ear	1	2417	LRRC33	231	42	0.5	metastasis
3	Distant skin metastasis, back	1	2417	LRRC33	190	81	0.5	metastasis
0	Primary, left ear	2	2418	MAST3	170	71	0.5	primary
1	Lymph node metastasis, left cervical node	2	2418	MAST3	177	80	0.5	metastasis
2	Locoregional skin metastasis, left ear	2	2418	MAST3	198	56	0.5	metastasis
3	Distant skin metastasis, back	2	2418	MAST3	175	88	0.5	metastasis
0	Primary, left ear	7	2419	MUC16	146	60	0.5	primary
1	Lymph node metastasis, left cervical node	7	2419	MUC16	163	66	0.5	metastasis
2	Locoregional skin metastasis, left ear	7	2419	MUC16	181	41	0.5	metastasis
3	Distant skin metastasis, back	7	2419	MUC16	151	46	0.5	metastasis
0	Primary, left ear	6	2420	UNC93A	248	121	0.5	primary
1	Lymph node metastasis, left cervical node	6	2420	UNC93A	308	91	0.5	metastasis
2	Locoregional skin metastasis, left ear	6	2420	UNC93A	449	87	0.5	metastasis
3	Distant skin metastasis, back	6	2420	UNC93A	264	94	0.5	metastasis
0	Primary, left ear	6	2421	DNAH9	25	22	0.5	primary
1	Lymph node metastasis, left cervical node	6	2421	DNAH9	24	3	0.5	metastasis
2	Locoregional skin metastasis, left ear	6	2421	DNAH9	30	7	0.5	metastasis
3	Distant skin metastasis, back	6	2421	DNAH9	26	7	0.5	metastasis
0	Primary, left ear	6	2422	ASXL3	216	110	0.5	primary
1	Lymph node metastasis, left cervical node	6	2422	ASXL3	263	62	0.5	metastasis
2	Locoregional skin metastasis, left ear	6	2422	ASXL3	222	49	0.5	metastasis
3	Distant skin metastasis, back	6	2422	ASXL3	213	70	0.5	metastasis
0	Primary, left ear	2	2423	COL15A1	356	184	0.5	primary
1	Lymph node metastasis, left cervical node	2	2423	COL15A1	394	166	0.5	metastasis
2	Locoregional skin metastasis, left ear	2	2423	COL15A1	376	105	0.5	metastasis
3	Distant skin metastasis, back	2	2423	COL15A1	426	182	0.5	metastasis
0	Primary, left ear	1	2424	GPR144	121	57	0.5	primary
1	Lymph node metastasis, left cervical node	1	2424	GPR144	130	34	0.5	metastasis
2	Locoregional skin metastasis, left ear	1	2424	GPR144	178	50	0.5	metastasis
3	Distant skin metastasis, back	1	2424	GPR144	122	46	0.5	metastasis
0	Primary, left ear	4	2425	DNER	109	28	0.5	primary
1	Lymph node metastasis, left cervical node	4	2425	DNER	122	46	0.5	metastasis
2	Locoregional skin metastasis, left ear	4	2425	DNER	88	8	0.5	metastasis
3	Distant skin metastasis, back	4	2425	DNER	102	40	0.5	metastasis
0	Primary, left ear	6	2426	OR51F2	423	210	0.5	primary
1	Lymph node metastasis, left cervical node	6	2426	OR51F2	459	141	0.5	metastasis
2	Locoregional skin metastasis, left ear	6	2426	OR51F2	315	71	0.5	metastasis
3	Distant skin metastasis, back	6	2426	OR51F2	419	115	0.5	metastasis
0	Primary, left ear	7	2427	C12orf63	146	51	0.5	primary
1	Lymph node metastasis, left cervical node	7	2427	C12orf63	154	58	0.5	metastasis
2	Locoregional skin metastasis, left ear	7	2427	C12orf63	58	10	0.5	metastasis
3	Distant skin metastasis, back	7	2427	C12orf63	131	39	0.5	metastasis
0	Primary, left ear	4	2428	PAPPA2	184	77	0.5	primary
1	Lymph node metastasis, left cervical node	4	2428	PAPPA2	232	63	0.5	metastasis
2	Locoregional skin metastasis, left ear	4	2428	PAPPA2	96	11	0.5	metastasis
3	Distant skin metastasis, back	4	2428	PAPPA2	156	35	0.5	metastasis
0	Primary, left ear	4	2429	RORB	154	54	0.5	primary
1	Lymph node metastasis, left cervical node	4	2429	RORB	143	43	0.5	metastasis
2	Locoregional skin metastasis, left ear	4	2429	RORB	160	26	0.5	metastasis
3	Distant skin metastasis, back	4	2429	RORB	140	38	0.5	metastasis
0	Primary, left ear	7	2430	HLF	58	27	0.5	primary
1	Lymph node metastasis, left cervical node	7	2430	HLF	81	30	0.5	metastasis
2	Locoregional skin metastasis, left ear	7	2430	HLF	57	19	0.5	metastasis
3	Distant skin metastasis, back	7	2430	HLF	71	10	0.5	metastasis
0	Primary, left ear	4	2431	EPHB1	54	18	0.5	primary
1	Lymph node metastasis, left cervical node	4	2431	EPHB1	65	12	0.5	metastasis
2	Locoregional skin metastasis, left ear	4	2431	EPHB1	64	10	0.5	metastasis
3	Distant skin metastasis, back	4	2431	EPHB1	58	17	0.5	metastasis
0	Primary, left ear	1	2432	OR51T1	227	110	0.5	primary
1	Lymph node metastasis, left cervical node	1	2432	OR51T1	255	73	0.5	metastasis
2	Locoregional skin metastasis, left ear	1	2432	OR51T1	251	45	0.5	metastasis
3	Distant skin metastasis, back	1	2432	OR51T1	200	77	0.5	metastasis
0	Primary, left ear	2	2433	MAN1B1	86	29	0.5	primary
1	Lymph node metastasis, left cervical node	2	2433	MAN1B1	68	49	0.5	metastasis
2	Locoregional skin metastasis, left ear	2	2433	MAN1B1	116	33	0.5	metastasis
3	Distant skin metastasis, back	2	2433	MAN1B1	93	39	0.5	metastasis
0	Primary, left ear	2	2434	CDH2	44	16	0.5	primary
1	Lymph node metastasis, left cervical node	2	2434	CDH2	61	22	0.5	metastasis
2	Locoregional skin metastasis, left ear	2	2434	CDH2	41	14	0.5	metastasis
3	Distant skin metastasis, back	2	2434	CDH2	43	20	0.5	metastasis
0	Primary, left ear	2	2435	SLC17A8	24	8	0.5	primary
1	Lymph node metastasis, left cervical node	2	2435	SLC17A8	28	13	0.5	metastasis
2	Locoregional skin metastasis, left ear	2	2435	SLC17A8	20	6	0.5	metastasis
3	Distant skin metastasis, back	2	2435	SLC17A8	20	11	0.5	metastasis
0	Primary, left ear	6	2436	PIWIL1	74	33	0.5	primary
1	Lymph node metastasis, left cervical node	6	2436	PIWIL1	85	24	0.5	metastasis
2	Locoregional skin metastasis, left ear	6	2436	PIWIL1	67	20	0.5	metastasis
3	Distant skin metastasis, back	6	2436	PIWIL1	93	22	0.5	metastasis
0	Primary, left ear	6	2437	SYNE1	151	70	0.5	primary
1	Lymph node metastasis, left cervical node	6	2437	SYNE1	183	55	0.5	metastasis
2	Locoregional skin metastasis, left ear	6	2437	SYNE1	199	39	0.5	metastasis
3	Distant skin metastasis, back	6	2437	SYNE1	187	62	0.5	metastasis
0	Primary, left ear	6	2438	DCBLD2	486	249	0.5	primary
1	Lymph node metastasis, left cervical node	6	2438	DCBLD2	534	141	0.5	metastasis
2	Locoregional skin metastasis, left ear	6	2438	DCBLD2	426	92	0.5	metastasis
3	Distant skin metastasis, back	6	2438	DCBLD2	493	182	0.5	metastasis
0	Primary, left ear	7	2439	NMS	87	39	0.5	primary
1	Lymph node metastasis, left cervical node	7	2439	NMS	94	43	0.5	metastasis
2	Locoregional skin metastasis, left ear	7	2439	NMS	54	8	0.5	metastasis
3	Distant skin metastasis, back	7	2439	NMS	115	33	0.5	metastasis
0	Primary, left ear	2	2440	BBX	19	9	0.5	primary
1	Lymph node metastasis, left cervical node	2	2440	BBX	10	5	0.5	metastasis
2	Locoregional skin metastasis, left ear	2	2440	BBX	11	1	0.5	metastasis
3	Distant skin metastasis, back	2	2440	BBX	11	8	0.5	metastasis
0	Primary, left ear	6	2441	TTN	112	77	0.5	primary
1	Lymph node metastasis, left cervical node	6	2441	TTN	127	48	0.5	metastasis
2	Locoregional skin metastasis, left ear	6	2441	TTN	78	12	0.5	metastasis
3	Distant skin metastasis, back	6	2441	TTN	139	41	0.5	metastasis
0	Primary, left ear	6	2442	OR10X1	78	49	0.5	primary
1	Lymph node metastasis, left cervical node	6	2442	OR10X1	93	14	0.5	metastasis
2	Locoregional skin metastasis, left ear	6	2442	OR10X1	58	8	0.5	metastasis
3	Distant skin metastasis, back	6	2442	OR10X1	80	20	0.5	metastasis
0	Primary, left ear	7	2443	PSD	62	23	0.5	primary
1	Lymph node metastasis, left cervical node	7	2443	PSD	64	32	0.5	metastasis
2	Locoregional skin metastasis, left ear	7	2443	PSD	83	8	0.5	metastasis
3	Distant skin metastasis, back	7	2443	PSD	77	14	0.5	metastasis
0	Primary, left ear	7	2444	SLC5A3	436	177	0.5	primary
1	Lymph node metastasis, left cervical node	7	2444	SLC5A3	434	180	0.5	metastasis
2	Locoregional skin metastasis, left ear	7	2444	SLC5A3	361	78	0.5	metastasis
3	Distant skin metastasis, back	7	2444	SLC5A3	385	143	0.5	metastasis
0	Primary, left ear	6	2445	PELP1	290	158	0.5	primary
1	Lymph node metastasis, left cervical node	6	2445	PELP1	395	125	0.5	metastasis
2	Locoregional skin metastasis, left ear	6	2445	PELP1	417	84	0.5	metastasis
3	Distant skin metastasis, back	6	2445	PELP1	383	110	0.5	metastasis
0	Primary, left ear	4	2446	VRTN	93	35	0.5	primary
1	Lymph node metastasis, left cervical node	4	2446	VRTN	130	32	0.5	metastasis
2	Locoregional skin metastasis, left ear	4	2446	VRTN	107	17	0.5	metastasis
3	Distant skin metastasis, back	4	2446	VRTN	100	33	0.5	metastasis
0	Primary, left ear	7	2447	SLC8A1	144	61	0.5	primary
1	Lymph node metastasis, left cervical node	7	2447	SLC8A1	135	58	0.5	metastasis
2	Locoregional skin metastasis, left ear	7	2447	SLC8A1	81	24	0.5	metastasis
3	Distant skin metastasis, back	7	2447	SLC8A1	132	31	0.5	metastasis
0	Primary, left ear	2	2448	MUC16	75	41	0.5	primary
1	Lymph node metastasis, left cervical node	2	2448	MUC16	93	52	0.5	metastasis
2	Locoregional skin metastasis, left ear	2	2448	MUC16	126	26	0.5	metastasis
3	Distant skin metastasis, back	2	2448	MUC16	89	32	0.5	metastasis
0	Primary, left ear	3	2449	ARAP2	332	111	0.5	primary
1	Lymph node metastasis, left cervical node	3	2449	ARAP2	309	103	0.5	metastasis
2	Locoregional skin metastasis, left ear	3	2449	ARAP2	182	40	0.5	metastasis
3	Distant skin metastasis, back	3	2449	ARAP2	386	89	0.5	metastasis
0	Primary, left ear	1	2450	TUB	45	24	0.5	primary
1	Lymph node metastasis, left cervical node	1	2450	TUB	64	14	0.5	metastasis
2	Locoregional skin metastasis, left ear	1	2450	TUB	60	13	0.5	metastasis
3	Distant skin metastasis, back	1	2450	TUB	45	22	0.5	metastasis
0	Primary, left ear	2	2451	TMEM180	27	6	0.5	primary
1	Lymph node metastasis, left cervical node	2	2451	TMEM180	41	14	0.5	metastasis
2	Locoregional skin metastasis, left ear	2	2451	TMEM180	44	9	0.5	metastasis
3	Distant skin metastasis, back	2	2451	TMEM180	31	17	0.5	metastasis
0	Primary, left ear	7	2452	MUC16	191	71	0.5	primary
1	Lymph node metastasis, left cervical node	7	2452	MUC16	231	104	0.5	metastasis
2	Locoregional skin metastasis, left ear	7	2452	MUC16	201	41	0.5	metastasis
3	Distant skin metastasis, back	7	2452	MUC16	192	50	0.5	metastasis
0	Primary, left ear	7	2453	TNC	32	14	0.5	primary
1	Lymph node metastasis, left cervical node	7	2453	TNC	34	12	0.5	metastasis
2	Locoregional skin metastasis, left ear	7	2453	TNC	34	7	0.5	metastasis
3	Distant skin metastasis, back	7	2453	TNC	36	7	0.5	metastasis
0	Primary, left ear	2	2454	PECR	92	39	0.5	primary
1	Lymph node metastasis, left cervical node	2	2454	PECR	84	33	0.5	metastasis
2	Locoregional skin metastasis, left ear	2	2454	PECR	58	11	0.5	metastasis
3	Distant skin metastasis, back	2	2454	PECR	84	36	0.5	metastasis
0	Primary, left ear	1	2455	MUC6	124	26	0.5	primary
1	Lymph node metastasis, left cervical node	1	2455	MUC6	142	49	0.5	metastasis
2	Locoregional skin metastasis, left ear	1	2455	MUC6	149	30	0.5	metastasis
3	Distant skin metastasis, back	1	2455	MUC6	115	50	0.5	metastasis
0	Primary, left ear	2	2456	PRSS36	77	44	0.5	primary
1	Lymph node metastasis, left cervical node	2	2456	PRSS36	112	37	0.5	metastasis
2	Locoregional skin metastasis, left ear	2	2456	PRSS36	146	23	0.5	metastasis
3	Distant skin metastasis, back	2	2456	PRSS36	114	57	0.5	metastasis
0	Primary, left ear	2	2457	COL6A5	70	38	0.5	primary
1	Lymph node metastasis, left cervical node	2	2457	COL6A5	62	28	0.5	metastasis
2	Locoregional skin metastasis, left ear	2	2457	COL6A5	40	11	0.5	metastasis
3	Distant skin metastasis, back	2	2457	COL6A5	77	39	0.5	metastasis
0	Primary, left ear	7	2458	DNAH6	130	54	0.5	primary
1	Lymph node metastasis, left cervical node	7	2458	DNAH6	125	46	0.5	metastasis
2	Locoregional skin metastasis, left ear	7	2458	DNAH6	83	16	0.5	metastasis
3	Distant skin metastasis, back	7	2458	DNAH6	124	38	0.5	metastasis
0	Primary, left ear	4	2459	ANK3	363	104	0.5	primary
1	Lymph node metastasis, left cervical node	4	2459	ANK3	326	76	0.5	metastasis
2	Locoregional skin metastasis, left ear	4	2459	ANK3	264	48	0.5	metastasis
3	Distant skin metastasis, back	4	2459	ANK3	320	93	0.5	metastasis
0	Primary, left ear	2	2460	TIAM2	158	83	0.5	primary
1	Lymph node metastasis, left cervical node	2	2460	TIAM2	221	87	0.5	metastasis
2	Locoregional skin metastasis, left ear	2	2460	TIAM2	98	24	0.5	metastasis
3	Distant skin metastasis, back	2	2460	TIAM2	212	90	0.5	metastasis
0	Primary, left ear	7	2461	C1orf168	259	97	0.5	primary
1	Lymph node metastasis, left cervical node	7	2461	C1orf168	222	90	0.5	metastasis
2	Locoregional skin metastasis, left ear	7	2461	C1orf168	174	41	0.5	metastasis
3	Distant skin metastasis, back	7	2461	C1orf168	200	61	0.5	metastasis
0	Primary, left ear	5	2462	SYT15	413	75	0.5	primary
1	Lymph node metastasis, left cervical node	5	2462	SYT15	491	67	0.5	metastasis
2	Locoregional skin metastasis, left ear	5	2462	SYT15	480	46	0.5	metastasis
3	Distant skin metastasis, back	5	2462	SYT15	468	80	0.5	metastasis
0	Primary, left ear	2	2463	COL19A1	173	107	0.5	primary
1	Lymph node metastasis, left cervical node	2	2463	COL19A1	192	65	0.5	metastasis
2	Locoregional skin metastasis, left ear	2	2463	COL19A1	216	45	0.5	metastasis
3	Distant skin metastasis, back	2	2463	COL19A1	164	65	0.5	metastasis
0	Primary, left ear	1	2464	PRMT6	161	64	0.5	primary
1	Lymph node metastasis, left cervical node	1	2464	PRMT6	128	39	0.5	metastasis
2	Locoregional skin metastasis, left ear	1	2464	PRMT6	148	42	0.5	metastasis
3	Distant skin metastasis, back	1	2464	PRMT6	133	68	0.5	metastasis
0	Primary, left ear	4	2465	ITGAX	132	44	0.5	primary
1	Lymph node metastasis, left cervical node	4	2465	ITGAX	139	51	0.5	metastasis
2	Locoregional skin metastasis, left ear	4	2465	ITGAX	164	21	0.5	metastasis
3	Distant skin metastasis, back	4	2465	ITGAX	127	46	0.5	metastasis
0	Primary, left ear	2	2466	GUCY2D	105	49	0.5	primary
1	Lymph node metastasis, left cervical node	2	2466	GUCY2D	138	47	0.5	metastasis
2	Locoregional skin metastasis, left ear	2	2466	GUCY2D	143	36	0.5	metastasis
3	Distant skin metastasis, back	2	2466	GUCY2D	112	46	0.5	metastasis
0	Primary, left ear	2	2467	OPTC	55	42	0.5	primary
1	Lymph node metastasis, left cervical node	2	2467	OPTC	61	30	0.5	metastasis
2	Locoregional skin metastasis, left ear	2	2467	OPTC	65	16	0.5	metastasis
3	Distant skin metastasis, back	2	2467	OPTC	46	17	0.5	metastasis
0	Primary, left ear	6	2468	SETBP1	316	145	0.5	primary
1	Lymph node metastasis, left cervical node	6	2468	SETBP1	377	103	0.5	metastasis
2	Locoregional skin metastasis, left ear	6	2468	SETBP1	324	66	0.5	metastasis
3	Distant skin metastasis, back	6	2468	SETBP1	364	113	0.5	metastasis
0	Primary, left ear	2	2469	AX748291	26	11	0.5	primary
1	Lymph node metastasis, left cervical node	2	2469	AX748291	33	10	0.5	metastasis
2	Locoregional skin metastasis, left ear	2	2469	AX748291	29	8	0.5	metastasis
3	Distant skin metastasis, back	2	2469	AX748291	31	12	0.5	metastasis
0	Primary, left ear	2	2470	PTPRC	97	42	0.5	primary
1	Lymph node metastasis, left cervical node	2	2470	PTPRC	99	42	0.5	metastasis
2	Locoregional skin metastasis, left ear	2	2470	PTPRC	30	10	0.5	metastasis
3	Distant skin metastasis, back	2	2470	PTPRC	81	34	0.5	metastasis
0	Primary, left ear	2	2471	MRGPRD	117	58	0.5	primary
1	Lymph node metastasis, left cervical node	2	2471	MRGPRD	154	69	0.5	metastasis
2	Locoregional skin metastasis, left ear	2	2471	MRGPRD	198	33	0.5	metastasis
3	Distant skin metastasis, back	2	2471	MRGPRD	129	50	0.5	metastasis
0	Primary, left ear	2	2472	CADPS	36	16	0.5	primary
1	Lymph node metastasis, left cervical node	2	2472	CADPS	44	12	0.5	metastasis
2	Locoregional skin metastasis, left ear	2	2472	CADPS	44	13	0.5	metastasis
3	Distant skin metastasis, back	2	2472	CADPS	47	19	0.5	metastasis
0	Primary, left ear	1	2473	GRIN2A	117	50	0.5	primary
1	Lymph node metastasis, left cervical node	1	2473	GRIN2A	136	41	0.5	metastasis
2	Locoregional skin metastasis, left ear	1	2473	GRIN2A	103	21	0.5	metastasis
3	Distant skin metastasis, back	1	2473	GRIN2A	123	51	0.5	metastasis
0	Primary, left ear	2	2474	PLIN5	158	87	0.5	primary
1	Lymph node metastasis, left cervical node	2	2474	PLIN5	182	81	0.5	metastasis
2	Locoregional skin metastasis, left ear	2	2474	PLIN5	229	50	0.5	metastasis
3	Distant skin metastasis, back	2	2474	PLIN5	212	94	0.5	metastasis
0	Primary, left ear	2	2475	ZNF598	61	37	0.5	primary
1	Lymph node metastasis, left cervical node	2	2475	ZNF598	89	34	0.5	metastasis
2	Locoregional skin metastasis, left ear	2	2475	ZNF598	107	28	0.5	metastasis
3	Distant skin metastasis, back	2	2475	ZNF598	93	38	0.5	metastasis
0	Primary, left ear	2	2476	NUMA1	48	19	0.5	primary
1	Lymph node metastasis, left cervical node	2	2476	NUMA1	40	18	0.5	metastasis
2	Locoregional skin metastasis, left ear	2	2476	NUMA1	24	6	0.5	metastasis
3	Distant skin metastasis, back	2	2476	NUMA1	34	22	0.5	metastasis
0	Primary, left ear	6	2477	TRA	287	147	0.5	primary
1	Lymph node metastasis, left cervical node	6	2477	TRA	343	90	0.5	metastasis
2	Locoregional skin metastasis, left ear	6	2477	TRA	245	63	0.5	metastasis
3	Distant skin metastasis, back	6	2477	TRA	287	102	0.5	metastasis
0	Primary, left ear	2	2478	ANO4	155	79	0.5	primary
1	Lymph node metastasis, left cervical node	2	2478	ANO4	153	67	0.5	metastasis
2	Locoregional skin metastasis, left ear	2	2478	ANO4	48	20	0.5	metastasis
3	Distant skin metastasis, back	2	2478	ANO4	170	53	0.5	metastasis
0	Primary, left ear	7	2479	CPO	204	77	0.5	primary
1	Lymph node metastasis, left cervical node	7	2479	CPO	226	88	0.5	metastasis
2	Locoregional skin metastasis, left ear	7	2479	CPO	141	28	0.5	metastasis
3	Distant skin metastasis, back	7	2479	CPO	203	77	0.5	metastasis
0	Primary, left ear	2	2480	C1orf106	80	40	0.5	primary
1	Lymph node metastasis, left cervical node	2	2480	C1orf106	105	45	0.5	metastasis
2	Locoregional skin metastasis, left ear	2	2480	C1orf106	82	20	0.5	metastasis
3	Distant skin metastasis, back	2	2480	C1orf106	85	44	0.5	metastasis
0	Primary, left ear	2	2481	ADCY10	110	62	0.5	primary
1	Lymph node metastasis, left cervical node	2	2481	ADCY10	134	74	0.5	metastasis
2	Locoregional skin metastasis, left ear	2	2481	ADCY10	147	29	0.5	metastasis
3	Distant skin metastasis, back	2	2481	ADCY10	117	41	0.5	metastasis
0	Primary, left ear	6	2482	GLG1	108	55	0.5	primary
1	Lymph node metastasis, left cervical node	6	2482	GLG1	170	23	0.5	metastasis
2	Locoregional skin metastasis, left ear	6	2482	GLG1	121	24	0.5	metastasis
3	Distant skin metastasis, back	6	2482	GLG1	135	30	0.5	metastasis
0	Primary, left ear	2	2483	DES	38	23	0.5	primary
1	Lymph node metastasis, left cervical node	2	2483	DES	53	26	0.5	metastasis
2	Locoregional skin metastasis, left ear	2	2483	DES	47	14	0.5	metastasis
3	Distant skin metastasis, back	2	2483	DES	46	16	0.5	metastasis
0	Primary, left ear	6	2484	ICA1L	79	50	0.5	primary
1	Lymph node metastasis, left cervical node	6	2484	ICA1L	108	23	0.5	metastasis
2	Locoregional skin metastasis, left ear	6	2484	ICA1L	45	10	0.5	metastasis
3	Distant skin metastasis, back	6	2484	ICA1L	79	23	0.5	metastasis
0	Primary, left ear	4	2485	CDK18	221	70	0.5	primary
1	Lymph node metastasis, left cervical node	4	2485	CDK18	266	94	0.5	metastasis
2	Locoregional skin metastasis, left ear	4	2485	CDK18	281	44	0.5	metastasis
3	Distant skin metastasis, back	4	2485	CDK18	250	95	0.5	metastasis
0	Primary, left ear	2	2486	SLC14A2	97	51	0.5	primary
1	Lymph node metastasis, left cervical node	2	2486	SLC14A2	121	49	0.5	metastasis
2	Locoregional skin metastasis, left ear	2	2486	SLC14A2	170	36	0.5	metastasis
3	Distant skin metastasis, back	2	2486	SLC14A2	105	50	0.5	metastasis
0	Primary, left ear	2	2487	C19orf45	1	3	0.5	primary
1	Lymph node metastasis, left cervical node	2	2487	C19orf45	8	7	0.5	metastasis
2	Locoregional skin metastasis, left ear	2	2487	C19orf45	7	8	0.5	metastasis
3	Distant skin metastasis, back	2	2487	C19orf45	4	4	0.5	metastasis
0	Primary, left ear	2	2488	HDGFRP2	31	13	0.5	primary
1	Lymph node metastasis, left cervical node	2	2488	HDGFRP2	33	14	0.5	metastasis
2	Locoregional skin metastasis, left ear	2	2488	HDGFRP2	19	5	0.5	metastasis
3	Distant skin metastasis, back	2	2488	HDGFRP2	17	7	0.5	metastasis
0	Primary, left ear	7	2489	MPPED2	33	12	0.5	primary
1	Lymph node metastasis, left cervical node	7	2489	MPPED2	32	14	0.5	metastasis
2	Locoregional skin metastasis, left ear	7	2489	MPPED2	29	7	0.5	metastasis
3	Distant skin metastasis, back	7	2489	MPPED2	34	9	0.5	metastasis
0	Primary, left ear	2	2490	ALPK2	216	126	0.5	primary
1	Lymph node metastasis, left cervical node	2	2490	ALPK2	240	116	0.5	metastasis
2	Locoregional skin metastasis, left ear	2	2490	ALPK2	182	45	0.5	metastasis
3	Distant skin metastasis, back	2	2490	ALPK2	211	92	0.5	metastasis
0	Primary, left ear	2	2491	FRMPD2	43	11	0.5	primary
1	Lymph node metastasis, left cervical node	2	2491	FRMPD2	34	15	0.5	metastasis
2	Locoregional skin metastasis, left ear	2	2491	FRMPD2	25	6	0.5	metastasis
3	Distant skin metastasis, back	2	2491	FRMPD2	38	16	0.5	metastasis
0	Primary, left ear	2	2492	KCNH1	231	98	0.5	primary
1	Lymph node metastasis, left cervical node	2	2492	KCNH1	202	70	0.5	metastasis
2	Locoregional skin metastasis, left ear	2	2492	KCNH1	273	67	0.5	metastasis
3	Distant skin metastasis, back	2	2492	KCNH1	173	60	0.5	metastasis
0	Primary, left ear	4	2493	COX10	33	6	0.5	primary
1	Lymph node metastasis, left cervical node	4	2493	COX10	22	4	0.5	metastasis
2	Locoregional skin metastasis, left ear	4	2493	COX10	16	6	0.5	metastasis
3	Distant skin metastasis, back	4	2493	COX10	8	1	0.5	metastasis
0	Primary, left ear	7	2494	KCTD17	662	327	0.5	primary
1	Lymph node metastasis, left cervical node	7	2494	KCTD17	764	276	0.5	metastasis
2	Locoregional skin metastasis, left ear	7	2494	KCTD17	862	179	0.5	metastasis
3	Distant skin metastasis, back	7	2494	KCTD17	803	263	0.5	metastasis
0	Primary, left ear	2	2495	DNAI2	37	21	0.5	primary
1	Lymph node metastasis, left cervical node	2	2495	DNAI2	67	27	0.5	metastasis
2	Locoregional skin metastasis, left ear	2	2495	DNAI2	56	10	0.5	metastasis
3	Distant skin metastasis, back	2	2495	DNAI2	54	18	0.5	metastasis
0	Primary, left ear	1	2496	BEND4	126	55	0.5	primary
1	Lymph node metastasis, left cervical node	1	2496	BEND4	195	61	0.5	metastasis
2	Locoregional skin metastasis, left ear	1	2496	BEND4	195	28	0.5	metastasis
3	Distant skin metastasis, back	1	2496	BEND4	137	55	0.5	metastasis
0	Primary, left ear	2	2497	CDH24	21	3	0.5	primary
1	Lymph node metastasis, left cervical node	2	2497	CDH24	19	7	0.5	metastasis
2	Locoregional skin metastasis, left ear	2	2497	CDH24	10	5	0.5	metastasis
3	Distant skin metastasis, back	2	2497	CDH24	4	2	0.5	metastasis
0	Primary, left ear	1	2498	LAMB3	159	59	0.5	primary
1	Lymph node metastasis, left cervical node	1	2498	LAMB3	182	47	0.5	metastasis
2	Locoregional skin metastasis, left ear	1	2498	LAMB3	191	35	0.5	metastasis
3	Distant skin metastasis, back	1	2498	LAMB3	166	69	0.5	metastasis
0	Primary, left ear	4	2499	VSIG10	67	22	0.5	primary
1	Lymph node metastasis, left cervical node	4	2499	VSIG10	86	26	0.5	metastasis
2	Locoregional skin metastasis, left ear	4	2499	VSIG10	72	14	0.5	metastasis
3	Distant skin metastasis, back	4	2499	VSIG10	71	19	0.5	metastasis
0	Primary, left ear	2	2500	TLE2	87	40	0.5	primary
1	Lymph node metastasis, left cervical node	2	2500	TLE2	140	62	0.5	metastasis
2	Locoregional skin metastasis, left ear	2	2500	TLE2	146	25	0.5	metastasis
3	Distant skin metastasis, back	2	2500	TLE2	94	36	0.5	metastasis
0	Primary, left ear	4	2501	Allele frequency alterNAte base	152	68	0.5	primary
1	Lymph node metastasis, left cervical node	4	2501	Allele frequency alterNAte base	162	45	0.5	metastasis
2	Locoregional skin metastasis, left ear	4	2501	Allele frequency alterNAte base	292	44	0.5	metastasis
3	Distant skin metastasis, back	4	2501	Allele frequency alterNAte base	191	52	0.5	metastasis
0	Primary, left ear	6	2502	OR5R1	21	11	0.5	primary
1	Lymph node metastasis, left cervical node	6	2502	OR5R1	25	4	0.5	metastasis
2	Locoregional skin metastasis, left ear	6	2502	OR5R1	14	5	0.5	metastasis
3	Distant skin metastasis, back	6	2502	OR5R1	28	7	0.5	metastasis
0	Primary, left ear	6	2503	SHANK3	20	13	0.5	primary
1	Lymph node metastasis, left cervical node	6	2503	SHANK3	43	5	0.5	metastasis
2	Locoregional skin metastasis, left ear	6	2503	SHANK3	38	17	0.5	metastasis
3	Distant skin metastasis, back	6	2503	SHANK3	32	8	0.5	metastasis
0	Primary, left ear	1	2504	LRP1B	102	42	0.5	primary
1	Lymph node metastasis, left cervical node	1	2504	LRP1B	112	32	0.5	metastasis
2	Locoregional skin metastasis, left ear	1	2504	LRP1B	74	11	0.5	metastasis
3	Distant skin metastasis, back	1	2504	LRP1B	78	30	0.5	metastasis
0	Primary, left ear	7	2505	AMBRA1	59	19	0.5	primary
1	Lymph node metastasis, left cervical node	7	2505	AMBRA1	56	30	0.5	metastasis
2	Locoregional skin metastasis, left ear	7	2505	AMBRA1	57	13	0.5	metastasis
3	Distant skin metastasis, back	7	2505	AMBRA1	59	18	0.5	metastasis
0	Primary, left ear	6	2506	FSIP2	175	87	0.5	primary
1	Lymph node metastasis, left cervical node	6	2506	FSIP2	170	53	0.5	metastasis
2	Locoregional skin metastasis, left ear	6	2506	FSIP2	78	21	0.5	metastasis
3	Distant skin metastasis, back	6	2506	FSIP2	148	47	0.5	metastasis
0	Primary, left ear	7	2507	KIAA1244	139	64	0.5	primary
1	Lymph node metastasis, left cervical node	7	2507	KIAA1244	204	73	0.5	metastasis
2	Locoregional skin metastasis, left ear	7	2507	KIAA1244	141	31	0.5	metastasis
3	Distant skin metastasis, back	7	2507	KIAA1244	163	49	0.5	metastasis
0	Primary, left ear	2	2508	TTF1	29	14	0.5	primary
1	Lymph node metastasis, left cervical node	2	2508	TTF1	47	13	0.5	metastasis
2	Locoregional skin metastasis, left ear	2	2508	TTF1	19	8	0.5	metastasis
3	Distant skin metastasis, back	2	2508	TTF1	41	13	0.5	metastasis
0	Primary, left ear	6	2509	COL10A1	242	126	0.5	primary
1	Lymph node metastasis, left cervical node	6	2509	COL10A1	278	80	0.5	metastasis
2	Locoregional skin metastasis, left ear	6	2509	COL10A1	198	39	0.5	metastasis
3	Distant skin metastasis, back	6	2509	COL10A1	236	70	0.5	metastasis
0	Primary, left ear	2	2510	ANKRD62	19	10	0.5	primary
1	Lymph node metastasis, left cervical node	2	2510	ANKRD62	13	6	0.5	metastasis
2	Locoregional skin metastasis, left ear	2	2510	ANKRD62	5	3	0.5	metastasis
3	Distant skin metastasis, back	2	2510	ANKRD62	17	8	0.5	metastasis
0	Primary, left ear	4	2511	ABCA10	86	26	0.5	primary
1	Lymph node metastasis, left cervical node	4	2511	ABCA10	90	15	0.5	metastasis
2	Locoregional skin metastasis, left ear	4	2511	ABCA10	34	9	0.5	metastasis
3	Distant skin metastasis, back	4	2511	ABCA10	82	28	0.5	metastasis
0	Primary, left ear	2	2512	GFRA4	31	10	0.5	primary
1	Lymph node metastasis, left cervical node	2	2512	GFRA4	28	13	0.5	metastasis
2	Locoregional skin metastasis, left ear	2	2512	GFRA4	21	8	0.5	metastasis
3	Distant skin metastasis, back	2	2512	GFRA4	28	9	0.5	metastasis
0	Primary, left ear	2	2513	C2CD4D	31	16	0.5	primary
1	Lymph node metastasis, left cervical node	2	2513	C2CD4D	33	16	0.5	metastasis
2	Locoregional skin metastasis, left ear	2	2513	C2CD4D	61	18	0.5	metastasis
3	Distant skin metastasis, back	2	2513	C2CD4D	49	13	0.5	metastasis
0	Primary, left ear	2	2514	MYH1	233	115	0.5	primary
1	Lymph node metastasis, left cervical node	2	2514	MYH1	273	106	0.5	metastasis
2	Locoregional skin metastasis, left ear	2	2514	MYH1	224	59	0.5	metastasis
3	Distant skin metastasis, back	2	2514	MYH1	224	65	0.5	metastasis
0	Primary, left ear	6	2515	SFTPA2	203	109	0.5	primary
1	Lymph node metastasis, left cervical node	6	2515	SFTPA2	255	73	0.5	metastasis
2	Locoregional skin metastasis, left ear	6	2515	SFTPA2	209	63	0.5	metastasis
3	Distant skin metastasis, back	6	2515	SFTPA2	229	84	0.5	metastasis
0	Primary, left ear	2	2516	FAM177B	42	22	0.5	primary
1	Lymph node metastasis, left cervical node	2	2516	FAM177B	52	33	0.5	metastasis
2	Locoregional skin metastasis, left ear	2	2516	FAM177B	24	4	0.5	metastasis
3	Distant skin metastasis, back	2	2516	FAM177B	39	16	0.5	metastasis
0	Primary, left ear	2	2517	PLA2G6	152	95	0.5	primary
1	Lymph node metastasis, left cervical node	2	2517	PLA2G6	201	108	0.5	metastasis
2	Locoregional skin metastasis, left ear	2	2517	PLA2G6	342	77	0.5	metastasis
3	Distant skin metastasis, back	2	2517	PLA2G6	225	95	0.5	metastasis
0	Primary, left ear	3	2518	PCDH15	143	51	0.5	primary
1	Lymph node metastasis, left cervical node	3	2518	PCDH15	141	42	0.5	metastasis
2	Locoregional skin metastasis, left ear	3	2518	PCDH15	94	12	0.5	metastasis
3	Distant skin metastasis, back	3	2518	PCDH15	151	33	0.5	metastasis
0	Primary, left ear	7	2519	ROBO2	217	97	0.5	primary
1	Lymph node metastasis, left cervical node	7	2519	ROBO2	244	108	0.5	metastasis
2	Locoregional skin metastasis, left ear	7	2519	ROBO2	274	47	0.5	metastasis
3	Distant skin metastasis, back	7	2519	ROBO2	255	83	0.5	metastasis
0	Primary, left ear	7	2520	IL18RAP	130	53	0.5	primary
1	Lymph node metastasis, left cervical node	7	2520	IL18RAP	145	51	0.5	metastasis
2	Locoregional skin metastasis, left ear	7	2520	IL18RAP	74	16	0.5	metastasis
3	Distant skin metastasis, back	7	2520	IL18RAP	142	43	0.5	metastasis
0	Primary, left ear	7	2521	ALMS1	697	325	0.5	primary
1	Lymph node metastasis, left cervical node	7	2521	ALMS1	746	289	0.5	metastasis
2	Locoregional skin metastasis, left ear	7	2521	ALMS1	510	131	0.5	metastasis
3	Distant skin metastasis, back	7	2521	ALMS1	680	205	0.5	metastasis
0	Primary, left ear	7	2522	TMEM132B	104	49	0.5	primary
1	Lymph node metastasis, left cervical node	7	2522	TMEM132B	129	46	0.5	metastasis
2	Locoregional skin metastasis, left ear	7	2522	TMEM132B	150	29	0.5	metastasis
3	Distant skin metastasis, back	7	2522	TMEM132B	122	42	0.5	metastasis
0	Primary, left ear	7	2523	ABCA8	180	74	0.5	primary
1	Lymph node metastasis, left cervical node	7	2523	ABCA8	174	62	0.5	metastasis
2	Locoregional skin metastasis, left ear	7	2523	ABCA8	89	22	0.5	metastasis
3	Distant skin metastasis, back	7	2523	ABCA8	195	66	0.5	metastasis
0	Primary, left ear	6	2524	KCNMA1	84	47	0.5	primary
1	Lymph node metastasis, left cervical node	6	2524	KCNMA1	95	29	0.5	metastasis
2	Locoregional skin metastasis, left ear	6	2524	KCNMA1	52	15	0.5	metastasis
3	Distant skin metastasis, back	6	2524	KCNMA1	79	21	0.5	metastasis
0	Primary, left ear	2	2525	2013-03-02 00	50	19	0.5	primary
1	Lymph node metastasis, left cervical node	2	2525	2013-03-02 00	70	27	0.5	metastasis
2	Locoregional skin metastasis, left ear	2	2525	2013-03-02 00	29	6	0.5	metastasis
3	Distant skin metastasis, back	2	2525	2013-03-02 00	49	16	0.5	metastasis
0	Primary, left ear	7	2526	SPPL2B	108	56	0.5	primary
1	Lymph node metastasis, left cervical node	7	2526	SPPL2B	134	77	0.5	metastasis
2	Locoregional skin metastasis, left ear	7	2526	SPPL2B	172	30	0.5	metastasis
3	Distant skin metastasis, back	7	2526	SPPL2B	121	37	0.5	metastasis
0	Primary, left ear	2	2527	TICAM1	62	24	0.5	primary
1	Lymph node metastasis, left cervical node	2	2527	TICAM1	86	36	0.5	metastasis
2	Locoregional skin metastasis, left ear	2	2527	TICAM1	63	17	0.5	metastasis
3	Distant skin metastasis, back	2	2527	TICAM1	84	38	0.5	metastasis
0	Primary, left ear	3	2528	MUC16	197	68	0.5	primary
1	Lymph node metastasis, left cervical node	3	2528	MUC16	121	52	0.5	metastasis
2	Locoregional skin metastasis, left ear	3	2528	MUC16	170	33	0.5	metastasis
3	Distant skin metastasis, back	3	2528	MUC16	168	36	0.5	metastasis
0	Primary, left ear	2	2529	PJCG1	8	0	0.5	primary
1	Lymph node metastasis, left cervical node	2	2529	PJCG1	3	1	0.5	metastasis
2	Locoregional skin metastasis, left ear	2	2529	PJCG1	6	0	0.5	metastasis
3	Distant skin metastasis, back	2	2529	PJCG1	9	5	0.5	metastasis
0	Primary, left ear	8	2530	MRVI1	27	0	0.5	primary
1	Lymph node metastasis, left cervical node	8	2530	MRVI1	34	0	0.5	metastasis
2	Locoregional skin metastasis, left ear	8	2530	MRVI1	38	0	0.5	metastasis
3	Distant skin metastasis, back	8	2530	MRVI1	26	6	0.5	metastasis
0	Primary, left ear	7	2531	ROBO2	125	61	0.5	primary
1	Lymph node metastasis, left cervical node	7	2531	ROBO2	124	48	0.5	metastasis
2	Locoregional skin metastasis, left ear	7	2531	ROBO2	128	22	0.5	metastasis
3	Distant skin metastasis, back	7	2531	ROBO2	144	36	0.5	metastasis
0	Primary, left ear	2	2532	CXXC1	794	372	0.5	primary
1	Lymph node metastasis, left cervical node	2	2532	CXXC1	788	297	0.5	metastasis
2	Locoregional skin metastasis, left ear	2	2532	CXXC1	1081	256	0.5	metastasis
3	Distant skin metastasis, back	2	2532	CXXC1	853	480	0.5	metastasis
0	Primary, left ear	4	2533	C3orf56	387	136	0.5	primary
1	Lymph node metastasis, left cervical node	4	2533	C3orf56	441	119	0.5	metastasis
2	Locoregional skin metastasis, left ear	4	2533	C3orf56	359	66	0.5	metastasis
3	Distant skin metastasis, back	4	2533	C3orf56	336	90	0.5	metastasis
0	Primary, left ear	2	2534	CPO	133	62	0.5	primary
1	Lymph node metastasis, left cervical node	2	2534	CPO	134	50	0.5	metastasis
2	Locoregional skin metastasis, left ear	2	2534	CPO	45	18	0.5	metastasis
3	Distant skin metastasis, back	2	2534	CPO	113	31	0.5	metastasis
0	Primary, left ear	1	2535	OSBPL11	124	50	0.5	primary
1	Lymph node metastasis, left cervical node	1	2535	OSBPL11	167	49	0.5	metastasis
2	Locoregional skin metastasis, left ear	1	2535	OSBPL11	76	9	0.5	metastasis
3	Distant skin metastasis, back	1	2535	OSBPL11	131	52	0.5	metastasis
0	Primary, left ear	2	2536	C16orf96	102	44	0.5	primary
1	Lymph node metastasis, left cervical node	2	2536	C16orf96	133	61	0.5	metastasis
2	Locoregional skin metastasis, left ear	2	2536	C16orf96	149	28	0.5	metastasis
3	Distant skin metastasis, back	2	2536	C16orf96	135	55	0.5	metastasis
0	Primary, left ear	6	2537	EPS8L3	24	9	0.5	primary
1	Lymph node metastasis, left cervical node	6	2537	EPS8L3	45	9	0.5	metastasis
2	Locoregional skin metastasis, left ear	6	2537	EPS8L3	30	10	0.5	metastasis
3	Distant skin metastasis, back	6	2537	EPS8L3	22	4	0.5	metastasis
0	Primary, left ear	7	2538	SLAMF8	408	180	0.5	primary
1	Lymph node metastasis, left cervical node	7	2538	SLAMF8	467	171	0.5	metastasis
2	Locoregional skin metastasis, left ear	7	2538	SLAMF8	587	124	0.5	metastasis
3	Distant skin metastasis, back	7	2538	SLAMF8	465	151	0.5	metastasis
0	Primary, left ear	1	2539	TTN	103	34	0.5	primary
1	Lymph node metastasis, left cervical node	1	2539	TTN	78	20	0.5	metastasis
2	Locoregional skin metastasis, left ear	1	2539	TTN	40	13	0.5	metastasis
3	Distant skin metastasis, back	1	2539	TTN	70	30	0.5	metastasis
0	Primary, left ear	2	2540	IGFBP2	61	31	0.5	primary
1	Lymph node metastasis, left cervical node	2	2540	IGFBP2	45	36	0.5	metastasis
2	Locoregional skin metastasis, left ear	2	2540	IGFBP2	95	16	0.5	metastasis
3	Distant skin metastasis, back	2	2540	IGFBP2	45	21	0.5	metastasis
0	Primary, left ear	2	2541	CD1E	43	18	0.5	primary
1	Lymph node metastasis, left cervical node	2	2541	CD1E	46	14	0.5	metastasis
2	Locoregional skin metastasis, left ear	2	2541	CD1E	51	12	0.5	metastasis
3	Distant skin metastasis, back	2	2541	CD1E	36	15	0.5	metastasis
0	Primary, left ear	7	2542	TTN	169	62	0.5	primary
1	Lymph node metastasis, left cervical node	7	2542	TTN	124	61	0.5	metastasis
2	Locoregional skin metastasis, left ear	7	2542	TTN	152	34	0.5	metastasis
3	Distant skin metastasis, back	7	2542	TTN	143	41	0.5	metastasis
0	Primary, left ear	2	2543	PKD1L2	107	43	0.5	primary
1	Lymph node metastasis, left cervical node	2	2543	PKD1L2	153	54	0.5	metastasis
2	Locoregional skin metastasis, left ear	2	2543	PKD1L2	117	31	0.5	metastasis
3	Distant skin metastasis, back	2	2543	PKD1L2	136	58	0.5	metastasis
0	Primary, left ear	6	2544	WNK2	259	158	0.5	primary
1	Lymph node metastasis, left cervical node	6	2544	WNK2	348	117	0.5	metastasis
2	Locoregional skin metastasis, left ear	6	2544	WNK2	431	106	0.5	metastasis
3	Distant skin metastasis, back	6	2544	WNK2	359	113	0.5	metastasis
0	Primary, left ear	7	2545	PTPRK	136	45	0.5	primary
1	Lymph node metastasis, left cervical node	7	2545	PTPRK	112	40	0.5	metastasis
2	Locoregional skin metastasis, left ear	7	2545	PTPRK	37	8	0.5	metastasis
3	Distant skin metastasis, back	7	2545	PTPRK	108	33	0.5	metastasis
0	Primary, left ear	2	2546	API5	58	17	0.5	primary
1	Lymph node metastasis, left cervical node	2	2546	API5	29	26	0.5	metastasis
2	Locoregional skin metastasis, left ear	2	2546	API5	20	6	0.5	metastasis
3	Distant skin metastasis, back	2	2546	API5	45	15	0.5	metastasis
0	Primary, left ear	6	2547	MCM2	68	33	0.5	primary
1	Lymph node metastasis, left cervical node	6	2547	MCM2	114	33	0.5	metastasis
2	Locoregional skin metastasis, left ear	6	2547	MCM2	79	15	0.5	metastasis
3	Distant skin metastasis, back	6	2547	MCM2	102	19	0.5	metastasis
0	Primary, left ear	1	2548	SDK2	40	13	0.5	primary
1	Lymph node metastasis, left cervical node	1	2548	SDK2	53	14	0.5	metastasis
2	Locoregional skin metastasis, left ear	1	2548	SDK2	36	9	0.5	metastasis
3	Distant skin metastasis, back	1	2548	SDK2	35	15	0.5	metastasis
0	Primary, left ear	2	2549	ARRDC1	114	49	0.5	primary
1	Lymph node metastasis, left cervical node	2	2549	ARRDC1	113	44	0.5	metastasis
2	Locoregional skin metastasis, left ear	2	2549	ARRDC1	149	41	0.5	metastasis
3	Distant skin metastasis, back	2	2549	ARRDC1	113	47	0.5	metastasis
0	Primary, left ear	2	2550	DNAH7	19	15	0.5	primary
1	Lymph node metastasis, left cervical node	2	2550	DNAH7	17	11	0.5	metastasis
2	Locoregional skin metastasis, left ear	2	2550	DNAH7	29	5	0.5	metastasis
3	Distant skin metastasis, back	2	2550	DNAH7	12	12	0.5	metastasis
0	Primary, left ear	2	2551	OAS3	79	31	0.5	primary
1	Lymph node metastasis, left cervical node	2	2551	OAS3	112	46	0.5	metastasis
2	Locoregional skin metastasis, left ear	2	2551	OAS3	156	40	0.5	metastasis
3	Distant skin metastasis, back	2	2551	OAS3	100	40	0.5	metastasis
0	Primary, left ear	7	2552	GPHB5	153	73	0.5	primary
1	Lymph node metastasis, left cervical node	7	2552	GPHB5	187	74	0.5	metastasis
2	Locoregional skin metastasis, left ear	7	2552	GPHB5	177	33	0.5	metastasis
3	Distant skin metastasis, back	7	2552	GPHB5	153	51	0.5	metastasis
0	Primary, left ear	4	2553	MYH13	107	40	0.5	primary
1	Lymph node metastasis, left cervical node	4	2553	MYH13	104	27	0.5	metastasis
2	Locoregional skin metastasis, left ear	4	2553	MYH13	98	21	0.5	metastasis
3	Distant skin metastasis, back	4	2553	MYH13	94	29	0.5	metastasis
0	Primary, left ear	2	2554	PIDD	146	78	0.5	primary
1	Lymph node metastasis, left cervical node	2	2554	PIDD	161	48	0.5	metastasis
2	Locoregional skin metastasis, left ear	2	2554	PIDD	209	57	0.5	metastasis
3	Distant skin metastasis, back	2	2554	PIDD	166	76	0.5	metastasis
0	Primary, left ear	6	2555	EXOC3L4	38	17	0.5	primary
1	Lymph node metastasis, left cervical node	6	2555	EXOC3L4	44	13	0.5	metastasis
2	Locoregional skin metastasis, left ear	6	2555	EXOC3L4	65	12	0.5	metastasis
3	Distant skin metastasis, back	6	2555	EXOC3L4	38	7	0.5	metastasis
0	Primary, left ear	1	2556	OR52B4	108	53	0.5	primary
1	Lymph node metastasis, left cervical node	1	2556	OR52B4	125	41	0.5	metastasis
2	Locoregional skin metastasis, left ear	1	2556	OR52B4	138	22	0.5	metastasis
3	Distant skin metastasis, back	1	2556	OR52B4	120	46	0.5	metastasis
0	Primary, left ear	7	2557	TLK2	47	17	0.5	primary
1	Lymph node metastasis, left cervical node	7	2557	TLK2	42	22	0.5	metastasis
2	Locoregional skin metastasis, left ear	7	2557	TLK2	27	5	0.5	metastasis
3	Distant skin metastasis, back	7	2557	TLK2	40	10	0.5	metastasis
0	Primary, left ear	6	2558	ABCC11	71	39	0.5	primary
1	Lymph node metastasis, left cervical node	6	2558	ABCC11	81	22	0.5	metastasis
2	Locoregional skin metastasis, left ear	6	2558	ABCC11	105	22	0.5	metastasis
3	Distant skin metastasis, back	6	2558	ABCC11	87	30	0.5	metastasis
0	Primary, left ear	7	2559	RXRA	377	172	0.5	primary
1	Lymph node metastasis, left cervical node	7	2559	RXRA	365	141	0.5	metastasis
2	Locoregional skin metastasis, left ear	7	2559	RXRA	435	82	0.5	metastasis
3	Distant skin metastasis, back	7	2559	RXRA	392	120	0.5	metastasis
0	Primary, left ear	2	2560	YSK4	52	28	0.5	primary
1	Lymph node metastasis, left cervical node	2	2560	YSK4	58	16	0.5	metastasis
2	Locoregional skin metastasis, left ear	2	2560	YSK4	41	13	0.5	metastasis
3	Distant skin metastasis, back	2	2560	YSK4	41	17	0.5	metastasis
0	Primary, left ear	2	2561	LTBP1	75	40	0.5	primary
1	Lymph node metastasis, left cervical node	2	2561	LTBP1	108	28	0.5	metastasis
2	Locoregional skin metastasis, left ear	2	2561	LTBP1	43	22	0.5	metastasis
3	Distant skin metastasis, back	2	2561	LTBP1	72	29	0.5	metastasis
0	Primary, left ear	7	2562	OTOP2	67	29	0.5	primary
1	Lymph node metastasis, left cervical node	7	2562	OTOP2	90	33	0.5	metastasis
2	Locoregional skin metastasis, left ear	7	2562	OTOP2	106	24	0.5	metastasis
3	Distant skin metastasis, back	7	2562	OTOP2	77	21	0.5	metastasis
0	Primary, left ear	2	2563	SPI1	34	20	0.5	primary
1	Lymph node metastasis, left cervical node	2	2563	SPI1	46	20	0.5	metastasis
2	Locoregional skin metastasis, left ear	2	2563	SPI1	71	14	0.5	metastasis
3	Distant skin metastasis, back	2	2563	SPI1	55	19	0.5	metastasis
0	Primary, left ear	6	2564	NLRP10	137	65	0.5	primary
1	Lymph node metastasis, left cervical node	6	2564	NLRP10	148	44	0.5	metastasis
2	Locoregional skin metastasis, left ear	6	2564	NLRP10	74	17	0.5	metastasis
3	Distant skin metastasis, back	6	2564	NLRP10	149	33	0.5	metastasis
0	Primary, left ear	1	2565	TTLL11	301	136	0.5	primary
1	Lymph node metastasis, left cervical node	1	2565	TTLL11	350	122	0.5	metastasis
2	Locoregional skin metastasis, left ear	1	2565	TTLL11	432	91	0.5	metastasis
3	Distant skin metastasis, back	1	2565	TTLL11	335	134	0.5	metastasis
0	Primary, left ear	1	2566	UMODL1	261	104	0.5	primary
1	Lymph node metastasis, left cervical node	1	2566	UMODL1	286	108	0.5	metastasis
2	Locoregional skin metastasis, left ear	1	2566	UMODL1	324	65	0.5	metastasis
3	Distant skin metastasis, back	1	2566	UMODL1	227	94	0.5	metastasis
0	Primary, left ear	6	2567	DCAF5	212	90	0.5	primary
1	Lymph node metastasis, left cervical node	6	2567	DCAF5	264	73	0.5	metastasis
2	Locoregional skin metastasis, left ear	6	2567	DCAF5	321	82	0.5	metastasis
3	Distant skin metastasis, back	6	2567	DCAF5	208	68	0.5	metastasis
0	Primary, left ear	2	2568	DNAH10	193	89	0.5	primary
1	Lymph node metastasis, left cervical node	2	2568	DNAH10	214	89	0.5	metastasis
2	Locoregional skin metastasis, left ear	2	2568	DNAH10	237	58	0.5	metastasis
3	Distant skin metastasis, back	2	2568	DNAH10	198	66	0.5	metastasis
0	Primary, left ear	6	2569	OAS3	135	67	0.5	primary
1	Lymph node metastasis, left cervical node	6	2569	OAS3	190	60	0.5	metastasis
2	Locoregional skin metastasis, left ear	6	2569	OAS3	184	29	0.5	metastasis
3	Distant skin metastasis, back	6	2569	OAS3	132	39	0.5	metastasis
0	Primary, left ear	7	2570	SERPINA10	221	107	0.5	primary
1	Lymph node metastasis, left cervical node	7	2570	SERPINA10	237	81	0.5	metastasis
2	Locoregional skin metastasis, left ear	7	2570	SERPINA10	245	35	0.5	metastasis
3	Distant skin metastasis, back	7	2570	SERPINA10	191	64	0.5	metastasis
0	Primary, left ear	7	2571	MAST2	62	25	0.5	primary
1	Lymph node metastasis, left cervical node	7	2571	MAST2	62	25	0.5	metastasis
2	Locoregional skin metastasis, left ear	7	2571	MAST2	75	17	0.5	metastasis
3	Distant skin metastasis, back	7	2571	MAST2	66	12	0.5	metastasis
0	Primary, left ear	6	2572	SERPINA5	36	25	0.5	primary
1	Lymph node metastasis, left cervical node	6	2572	SERPINA5	68	16	0.5	metastasis
2	Locoregional skin metastasis, left ear	6	2572	SERPINA5	57	4	0.5	metastasis
3	Distant skin metastasis, back	6	2572	SERPINA5	50	12	0.5	metastasis
0	Primary, left ear	1	2573	CREBBP	26	8	0.5	primary
1	Lymph node metastasis, left cervical node	1	2573	CREBBP	27	7	0.5	metastasis
2	Locoregional skin metastasis, left ear	1	2573	CREBBP	46	6	0.5	metastasis
3	Distant skin metastasis, back	1	2573	CREBBP	24	12	0.5	metastasis
0	Primary, left ear	2	2574	ITGA3	99	75	0.5	primary
1	Lymph node metastasis, left cervical node	2	2574	ITGA3	137	52	0.5	metastasis
2	Locoregional skin metastasis, left ear	2	2574	ITGA3	89	17	0.5	metastasis
3	Distant skin metastasis, back	2	2574	ITGA3	126	47	0.5	metastasis
0	Primary, left ear	4	2575	TBX15	120	54	0.5	primary
1	Lymph node metastasis, left cervical node	4	2575	TBX15	122	36	0.5	metastasis
2	Locoregional skin metastasis, left ear	4	2575	TBX15	144	18	0.5	metastasis
3	Distant skin metastasis, back	4	2575	TBX15	127	32	0.5	metastasis
0	Primary, left ear	7	2576	FAM19A1	883	352	0.5	primary
1	Lymph node metastasis, left cervical node	7	2576	FAM19A1	938	341	0.5	metastasis
2	Locoregional skin metastasis, left ear	7	2576	FAM19A1	903	172	0.5	metastasis
3	Distant skin metastasis, back	7	2576	FAM19A1	749	244	0.5	metastasis
0	Primary, left ear	2	2577	OR2G2	360	140	0.5	primary
1	Lymph node metastasis, left cervical node	2	2577	OR2G2	396	165	0.5	metastasis
2	Locoregional skin metastasis, left ear	2	2577	OR2G2	182	59	0.5	metastasis
3	Distant skin metastasis, back	2	2577	OR2G2	355	129	0.5	metastasis
0	Primary, left ear	7	2578	COL8A1	65	34	0.5	primary
1	Lymph node metastasis, left cervical node	7	2578	COL8A1	79	29	0.5	metastasis
2	Locoregional skin metastasis, left ear	7	2578	COL8A1	49	9	0.5	metastasis
3	Distant skin metastasis, back	7	2578	COL8A1	72	17	0.5	metastasis
0	Primary, left ear	4	2579	DCDC5	193	64	0.5	primary
1	Lymph node metastasis, left cervical node	4	2579	DCDC5	172	50	0.5	metastasis
2	Locoregional skin metastasis, left ear	4	2579	DCDC5	69	14	0.5	metastasis
3	Distant skin metastasis, back	4	2579	DCDC5	165	58	0.5	metastasis
0	Primary, left ear	2	2580	TASP1	38	22	0.5	primary
1	Lymph node metastasis, left cervical node	2	2580	TASP1	38	12	0.5	metastasis
2	Locoregional skin metastasis, left ear	2	2580	TASP1	31	10	0.5	metastasis
3	Distant skin metastasis, back	2	2580	TASP1	32	14	0.5	metastasis
0	Primary, left ear	1	2581	PIP5K1B	208	88	0.5	primary
1	Lymph node metastasis, left cervical node	1	2581	PIP5K1B	228	64	0.5	metastasis
2	Locoregional skin metastasis, left ear	1	2581	PIP5K1B	143	31	0.5	metastasis
3	Distant skin metastasis, back	1	2581	PIP5K1B	158	52	0.5	metastasis
0	Primary, left ear	1	2582	GLT25D1	34	18	0.5	primary
1	Lymph node metastasis, left cervical node	1	2582	GLT25D1	32	7	0.5	metastasis
2	Locoregional skin metastasis, left ear	1	2582	GLT25D1	46	8	0.5	metastasis
3	Distant skin metastasis, back	1	2582	GLT25D1	45	18	0.5	metastasis
0	Primary, left ear	2	2583	RUNDC3A	58	27	0.5	primary
1	Lymph node metastasis, left cervical node	2	2583	RUNDC3A	49	23	0.5	metastasis
2	Locoregional skin metastasis, left ear	2	2583	RUNDC3A	80	16	0.5	metastasis
3	Distant skin metastasis, back	2	2583	RUNDC3A	57	31	0.5	metastasis
0	Primary, left ear	2	2584	ZNF24	170	87	0.5	primary
1	Lymph node metastasis, left cervical node	2	2584	ZNF24	200	78	0.5	metastasis
2	Locoregional skin metastasis, left ear	2	2584	ZNF24	92	18	0.5	metastasis
3	Distant skin metastasis, back	2	2584	ZNF24	177	57	0.5	metastasis
0	Primary, left ear	2	2585	CLVS2	39	23	0.5	primary
1	Lymph node metastasis, left cervical node	2	2585	CLVS2	42	25	0.5	metastasis
2	Locoregional skin metastasis, left ear	2	2585	CLVS2	22	3	0.5	metastasis
3	Distant skin metastasis, back	2	2585	CLVS2	48	15	0.5	metastasis
0	Primary, left ear	6	2586	ALK	99	59	0.5	primary
1	Lymph node metastasis, left cervical node	6	2586	ALK	108	35	0.5	metastasis
2	Locoregional skin metastasis, left ear	6	2586	ALK	93	30	0.5	metastasis
3	Distant skin metastasis, back	6	2586	ALK	135	40	0.5	metastasis
0	Primary, left ear	7	2587	MANEA	123	52	0.5	primary
1	Lymph node metastasis, left cervical node	7	2587	MANEA	126	55	0.5	metastasis
2	Locoregional skin metastasis, left ear	7	2587	MANEA	45	7	0.5	metastasis
3	Distant skin metastasis, back	7	2587	MANEA	116	30	0.5	metastasis
0	Primary, left ear	2	2588	NTAN1	179	71	0.5	primary
1	Lymph node metastasis, left cervical node	2	2588	NTAN1	190	67	0.5	metastasis
2	Locoregional skin metastasis, left ear	2	2588	NTAN1	82	23	0.5	metastasis
3	Distant skin metastasis, back	2	2588	NTAN1	157	58	0.5	metastasis
0	Primary, left ear	2	2589	CASQ1	106	55	0.5	primary
1	Lymph node metastasis, left cervical node	2	2589	CASQ1	124	36	0.5	metastasis
2	Locoregional skin metastasis, left ear	2	2589	CASQ1	90	25	0.5	metastasis
3	Distant skin metastasis, back	2	2589	CASQ1	115	46	0.5	metastasis
0	Primary, left ear	7	2590	CR2	188	75	0.5	primary
1	Lymph node metastasis, left cervical node	7	2590	CR2	214	72	0.5	metastasis
2	Locoregional skin metastasis, left ear	7	2590	CR2	104	24	0.5	metastasis
3	Distant skin metastasis, back	7	2590	CR2	157	40	0.5	metastasis
0	Primary, left ear	2	2591	ABCC13	166	70	0.5	primary
1	Lymph node metastasis, left cervical node	2	2591	ABCC13	164	75	0.5	metastasis
2	Locoregional skin metastasis, left ear	2	2591	ABCC13	78	18	0.5	metastasis
3	Distant skin metastasis, back	2	2591	ABCC13	145	84	0.5	metastasis
0	Primary, left ear	2	2592	KCNK13	60	34	0.5	primary
1	Lymph node metastasis, left cervical node	2	2592	KCNK13	86	34	0.5	metastasis
2	Locoregional skin metastasis, left ear	2	2592	KCNK13	94	27	0.5	metastasis
3	Distant skin metastasis, back	2	2592	KCNK13	84	27	0.5	metastasis
0	Primary, left ear	6	2593	TTN	100	50	0.5	primary
1	Lymph node metastasis, left cervical node	6	2593	TTN	110	26	0.5	metastasis
2	Locoregional skin metastasis, left ear	6	2593	TTN	38	13	0.5	metastasis
3	Distant skin metastasis, back	6	2593	TTN	73	19	0.5	metastasis
0	Primary, left ear	7	2594	ANKS1B	189	82	0.5	primary
1	Lymph node metastasis, left cervical node	7	2594	ANKS1B	190	80	0.5	metastasis
2	Locoregional skin metastasis, left ear	7	2594	ANKS1B	76	20	0.5	metastasis
3	Distant skin metastasis, back	7	2594	ANKS1B	195	45	0.5	metastasis
0	Primary, left ear	7	2595	SLC9A9	376	142	0.5	primary
1	Lymph node metastasis, left cervical node	7	2595	SLC9A9	346	127	0.5	metastasis
2	Locoregional skin metastasis, left ear	7	2595	SLC9A9	134	27	0.5	metastasis
3	Distant skin metastasis, back	7	2595	SLC9A9	343	90	0.5	metastasis
0	Primary, left ear	7	2596	KANK4	76	26	0.5	primary
1	Lymph node metastasis, left cervical node	7	2596	KANK4	72	37	0.5	metastasis
2	Locoregional skin metastasis, left ear	7	2596	KANK4	75	13	0.5	metastasis
3	Distant skin metastasis, back	7	2596	KANK4	68	24	0.5	metastasis
0	Primary, left ear	2	2597	FSD1	31	15	0.5	primary
1	Lymph node metastasis, left cervical node	2	2597	FSD1	57	15	0.5	metastasis
2	Locoregional skin metastasis, left ear	2	2597	FSD1	44	13	0.5	metastasis
3	Distant skin metastasis, back	2	2597	FSD1	48	19	0.5	metastasis
0	Primary, left ear	6	2598	ZBTB11	27	16	0.5	primary
1	Lymph node metastasis, left cervical node	6	2598	ZBTB11	32	4	0.5	metastasis
2	Locoregional skin metastasis, left ear	6	2598	ZBTB11	32	3	0.5	metastasis
3	Distant skin metastasis, back	6	2598	ZBTB11	38	7	0.5	metastasis
0	Primary, left ear	2	2599	DNAH10	59	30	0.5	primary
1	Lymph node metastasis, left cervical node	2	2599	DNAH10	71	28	0.5	metastasis
2	Locoregional skin metastasis, left ear	2	2599	DNAH10	48	9	0.5	metastasis
3	Distant skin metastasis, back	2	2599	DNAH10	60	17	0.5	metastasis
0	Primary, left ear	1	2600	2013-09-01 00	200	73	0.5	primary
1	Lymph node metastasis, left cervical node	1	2600	2013-09-01 00	225	63	0.5	metastasis
2	Locoregional skin metastasis, left ear	1	2600	2013-09-01 00	176	44	0.5	metastasis
3	Distant skin metastasis, back	1	2600	2013-09-01 00	272	102	0.5	metastasis
0	Primary, left ear	2	2601	DIO3	275	139	0.5	primary
1	Lymph node metastasis, left cervical node	2	2601	DIO3	331	160	0.5	metastasis
2	Locoregional skin metastasis, left ear	2	2601	DIO3	435	89	0.5	metastasis
3	Distant skin metastasis, back	2	2601	DIO3	297	127	0.5	metastasis
0	Primary, left ear	4	2602	SLC9A4	416	170	0.5	primary
1	Lymph node metastasis, left cervical node	4	2602	SLC9A4	382	105	0.5	metastasis
2	Locoregional skin metastasis, left ear	4	2602	SLC9A4	529	108	0.5	metastasis
3	Distant skin metastasis, back	4	2602	SLC9A4	417	131	0.5	metastasis
0	Primary, left ear	1	2603	TDRD5	50	35	0.5	primary
1	Lymph node metastasis, left cervical node	1	2603	TDRD5	96	16	0.5	metastasis
2	Locoregional skin metastasis, left ear	1	2603	TDRD5	22	9	0.5	metastasis
3	Distant skin metastasis, back	1	2603	TDRD5	57	28	0.5	metastasis
0	Primary, left ear	2	2604	SLC22A6	19	4	0.5	primary
1	Lymph node metastasis, left cervical node	2	2604	SLC22A6	17	9	0.5	metastasis
2	Locoregional skin metastasis, left ear	2	2604	SLC22A6	26	8	0.5	metastasis
3	Distant skin metastasis, back	2	2604	SLC22A6	14	6	0.5	metastasis
0	Primary, left ear	2	2605	UNK	140	87	0.5	primary
1	Lymph node metastasis, left cervical node	2	2605	UNK	121	54	0.5	metastasis
2	Locoregional skin metastasis, left ear	2	2605	UNK	112	54	0.5	metastasis
3	Distant skin metastasis, back	2	2605	UNK	163	89	0.5	metastasis
0	Primary, left ear	2	2606	GALNT14	148	75	0.5	primary
1	Lymph node metastasis, left cervical node	2	2606	GALNT14	140	49	0.5	metastasis
2	Locoregional skin metastasis, left ear	2	2606	GALNT14	156	51	0.5	metastasis
3	Distant skin metastasis, back	2	2606	GALNT14	138	46	0.5	metastasis
0	Primary, left ear	6	2607	AIM1	68	36	0.5	primary
1	Lymph node metastasis, left cervical node	6	2607	AIM1	91	23	0.5	metastasis
2	Locoregional skin metastasis, left ear	6	2607	AIM1	28	7	0.5	metastasis
3	Distant skin metastasis, back	6	2607	AIM1	84	28	0.5	metastasis
0	Primary, left ear	2	2608	LTBP1	33	12	0.5	primary
1	Lymph node metastasis, left cervical node	2	2608	LTBP1	32	11	0.5	metastasis
2	Locoregional skin metastasis, left ear	2	2608	LTBP1	40	13	0.5	metastasis
3	Distant skin metastasis, back	2	2608	LTBP1	33	10	0.5	metastasis
0	Primary, left ear	6	2609	KCNT1	47	27	0.5	primary
1	Lymph node metastasis, left cervical node	6	2609	KCNT1	46	10	0.5	metastasis
2	Locoregional skin metastasis, left ear	6	2609	KCNT1	73	14	0.5	metastasis
3	Distant skin metastasis, back	6	2609	KCNT1	69	13	0.5	metastasis
0	Primary, left ear	2	2610	MYO18B	34	18	0.5	primary
1	Lymph node metastasis, left cervical node	2	2610	MYO18B	35	15	0.5	metastasis
2	Locoregional skin metastasis, left ear	2	2610	MYO18B	35	10	0.5	metastasis
3	Distant skin metastasis, back	2	2610	MYO18B	21	16	0.5	metastasis
0	Primary, left ear	2	2611	YLPM1	71	36	0.5	primary
1	Lymph node metastasis, left cervical node	2	2611	YLPM1	78	37	0.5	metastasis
2	Locoregional skin metastasis, left ear	2	2611	YLPM1	95	35	0.5	metastasis
3	Distant skin metastasis, back	2	2611	YLPM1	86	22	0.5	metastasis
0	Primary, left ear	6	2612	OR7E24	49	29	0.5	primary
1	Lymph node metastasis, left cervical node	6	2612	OR7E24	55	16	0.5	metastasis
2	Locoregional skin metastasis, left ear	6	2612	OR7E24	28	6	0.5	metastasis
3	Distant skin metastasis, back	6	2612	OR7E24	48	13	0.5	metastasis
0	Primary, left ear	4	2613	OR5AC2	84	26	0.5	primary
1	Lymph node metastasis, left cervical node	4	2613	OR5AC2	100	29	0.5	metastasis
2	Locoregional skin metastasis, left ear	4	2613	OR5AC2	73	16	0.5	metastasis
3	Distant skin metastasis, back	4	2613	OR5AC2	66	23	0.5	metastasis
0	Primary, left ear	2	2614	KRT31	146	82	0.5	primary
1	Lymph node metastasis, left cervical node	2	2614	KRT31	182	88	0.5	metastasis
2	Locoregional skin metastasis, left ear	2	2614	KRT31	138	51	0.5	metastasis
3	Distant skin metastasis, back	2	2614	KRT31	183	69	0.5	metastasis
0	Primary, left ear	1	2615	PITPNC1	156	71	0.5	primary
1	Lymph node metastasis, left cervical node	1	2615	PITPNC1	197	57	0.5	metastasis
2	Locoregional skin metastasis, left ear	1	2615	PITPNC1	100	18	0.5	metastasis
3	Distant skin metastasis, back	1	2615	PITPNC1	170	62	0.5	metastasis
0	Primary, left ear	2	2616	SHCBP1L	72	38	0.5	primary
1	Lymph node metastasis, left cervical node	2	2616	SHCBP1L	99	40	0.5	metastasis
2	Locoregional skin metastasis, left ear	2	2616	SHCBP1L	48	11	0.5	metastasis
3	Distant skin metastasis, back	2	2616	SHCBP1L	89	45	0.5	metastasis
0	Primary, left ear	2	2617	MCM5	43	23	0.5	primary
1	Lymph node metastasis, left cervical node	2	2617	MCM5	65	29	0.5	metastasis
2	Locoregional skin metastasis, left ear	2	2617	MCM5	51	13	0.5	metastasis
3	Distant skin metastasis, back	2	2617	MCM5	51	17	0.5	metastasis
0	Primary, left ear	6	2618	CCDC30	51	28	0.5	primary
1	Lymph node metastasis, left cervical node	6	2618	CCDC30	71	23	0.5	metastasis
2	Locoregional skin metastasis, left ear	6	2618	CCDC30	31	10	0.5	metastasis
3	Distant skin metastasis, back	6	2618	CCDC30	75	18	0.5	metastasis
0	Primary, left ear	7	2619	PRDM1	181	77	0.5	primary
1	Lymph node metastasis, left cervical node	7	2619	PRDM1	176	88	0.5	metastasis
2	Locoregional skin metastasis, left ear	7	2619	PRDM1	222	60	0.5	metastasis
3	Distant skin metastasis, back	7	2619	PRDM1	203	51	0.5	metastasis
0	Primary, left ear	6	2620	RGS13	102	50	0.5	primary
1	Lymph node metastasis, left cervical node	6	2620	RGS13	103	31	0.5	metastasis
2	Locoregional skin metastasis, left ear	6	2620	RGS13	36	9	0.5	metastasis
3	Distant skin metastasis, back	6	2620	RGS13	104	25	0.5	metastasis
0	Primary, left ear	1	2621	FASTKD5	217	100	0.5	primary
1	Lymph node metastasis, left cervical node	1	2621	FASTKD5	277	89	0.5	metastasis
2	Locoregional skin metastasis, left ear	1	2621	FASTKD5	145	41	0.5	metastasis
3	Distant skin metastasis, back	1	2621	FASTKD5	221	89	0.5	metastasis
0	Primary, left ear	6	2622	SLC26A9	14	11	0.5	primary
1	Lymph node metastasis, left cervical node	6	2622	SLC26A9	29	8	0.5	metastasis
2	Locoregional skin metastasis, left ear	6	2622	SLC26A9	37	10	0.5	metastasis
3	Distant skin metastasis, back	6	2622	SLC26A9	21	3	0.5	metastasis
0	Primary, left ear	6	2623	ARID4A	83	36	0.5	primary
1	Lymph node metastasis, left cervical node	6	2623	ARID4A	134	33	0.5	metastasis
2	Locoregional skin metastasis, left ear	6	2623	ARID4A	53	19	0.5	metastasis
3	Distant skin metastasis, back	6	2623	ARID4A	91	26	0.5	metastasis
0	Primary, left ear	6	2624	CDK3	65	36	0.5	primary
1	Lymph node metastasis, left cervical node	6	2624	CDK3	94	30	0.5	metastasis
2	Locoregional skin metastasis, left ear	6	2624	CDK3	103	19	0.5	metastasis
3	Distant skin metastasis, back	6	2624	CDK3	93	33	0.5	metastasis
0	Primary, left ear	1	2625	LEPREL1	220	98	0.5	primary
1	Lymph node metastasis, left cervical node	1	2625	LEPREL1	298	83	0.5	metastasis
2	Locoregional skin metastasis, left ear	1	2625	LEPREL1	122	27	0.5	metastasis
3	Distant skin metastasis, back	1	2625	LEPREL1	237	83	0.5	metastasis
0	Primary, left ear	7	2626	PTGER2	241	106	0.5	primary
1	Lymph node metastasis, left cervical node	7	2626	PTGER2	206	80	0.5	metastasis
2	Locoregional skin metastasis, left ear	7	2626	PTGER2	100	24	0.5	metastasis
3	Distant skin metastasis, back	7	2626	PTGER2	230	77	0.5	metastasis
0	Primary, left ear	1	2627	SPTB	795	305	0.5	primary
1	Lymph node metastasis, left cervical node	1	2627	SPTB	749	253	0.5	metastasis
2	Locoregional skin metastasis, left ear	1	2627	SPTB	696	192	0.5	metastasis
3	Distant skin metastasis, back	1	2627	SPTB	674	260	0.5	metastasis
0	Primary, left ear	6	2628	AP1B1	141	89	0.5	primary
1	Lymph node metastasis, left cervical node	6	2628	AP1B1	188	53	0.5	metastasis
2	Locoregional skin metastasis, left ear	6	2628	AP1B1	241	47	0.5	metastasis
3	Distant skin metastasis, back	6	2628	AP1B1	153	56	0.5	metastasis
0	Primary, left ear	6	2629	CCDC141	165	91	0.5	primary
1	Lymph node metastasis, left cervical node	6	2629	CCDC141	217	53	0.5	metastasis
2	Locoregional skin metastasis, left ear	6	2629	CCDC141	43	12	0.5	metastasis
3	Distant skin metastasis, back	6	2629	CCDC141	165	37	0.5	metastasis
0	Primary, left ear	2	2630	TIAM2	37	23	0.5	primary
1	Lymph node metastasis, left cervical node	2	2630	TIAM2	54	15	0.5	metastasis
2	Locoregional skin metastasis, left ear	2	2630	TIAM2	74	18	0.5	metastasis
3	Distant skin metastasis, back	2	2630	TIAM2	59	27	0.5	metastasis
0	Primary, left ear	2	2631	E2F8	83	50	0.5	primary
1	Lymph node metastasis, left cervical node	2	2631	E2F8	96	46	0.5	metastasis
2	Locoregional skin metastasis, left ear	2	2631	E2F8	99	28	0.5	metastasis
3	Distant skin metastasis, back	2	2631	E2F8	79	26	0.5	metastasis
0	Primary, left ear	7	2632	SPATA17	118	48	0.5	primary
1	Lymph node metastasis, left cervical node	7	2632	SPATA17	94	35	0.5	metastasis
2	Locoregional skin metastasis, left ear	7	2632	SPATA17	36	6	0.5	metastasis
3	Distant skin metastasis, back	7	2632	SPATA17	105	35	0.5	metastasis
0	Primary, left ear	2	2633	CYP2C19	151	76	0.5	primary
1	Lymph node metastasis, left cervical node	2	2633	CYP2C19	151	56	0.5	metastasis
2	Locoregional skin metastasis, left ear	2	2633	CYP2C19	94	20	0.5	metastasis
3	Distant skin metastasis, back	2	2633	CYP2C19	152	49	0.5	metastasis
0	Primary, left ear	2	2634	MPL	34	13	0.5	primary
1	Lymph node metastasis, left cervical node	2	2634	MPL	51	15	0.5	metastasis
2	Locoregional skin metastasis, left ear	2	2634	MPL	30	7	0.5	metastasis
3	Distant skin metastasis, back	2	2634	MPL	24	21	0.5	metastasis
0	Primary, left ear	7	2635	APOB	460	204	0.5	primary
1	Lymph node metastasis, left cervical node	7	2635	APOB	446	150	0.5	metastasis
2	Locoregional skin metastasis, left ear	7	2635	APOB	384	66	0.5	metastasis
3	Distant skin metastasis, back	7	2635	APOB	415	102	0.5	metastasis
0	Primary, left ear	2	2636	DSG4	59	31	0.5	primary
1	Lymph node metastasis, left cervical node	2	2636	DSG4	52	16	0.5	metastasis
2	Locoregional skin metastasis, left ear	2	2636	DSG4	22	5	0.5	metastasis
3	Distant skin metastasis, back	2	2636	DSG4	57	19	0.5	metastasis
0	Primary, left ear	2	2637	NFATC2IP	39	21	0.5	primary
1	Lymph node metastasis, left cervical node	2	2637	NFATC2IP	47	26	0.5	metastasis
2	Locoregional skin metastasis, left ear	2	2637	NFATC2IP	69	14	0.5	metastasis
3	Distant skin metastasis, back	2	2637	NFATC2IP	56	24	0.5	metastasis
0	Primary, left ear	2	2638	LGALS8	19	10	0.5	primary
1	Lymph node metastasis, left cervical node	2	2638	LGALS8	13	6	0.5	metastasis
2	Locoregional skin metastasis, left ear	2	2638	LGALS8	7	0	0.5	metastasis
3	Distant skin metastasis, back	2	2638	LGALS8	16	6	0.5	metastasis
0	Primary, left ear	7	2639	CNTNAP5	715	294	0.5	primary
1	Lymph node metastasis, left cervical node	7	2639	CNTNAP5	644	264	0.5	metastasis
2	Locoregional skin metastasis, left ear	7	2639	CNTNAP5	465	110	0.5	metastasis
3	Distant skin metastasis, back	7	2639	CNTNAP5	660	225	0.5	metastasis
0	Primary, left ear	2	2640	USP31	37	27	0.5	primary
1	Lymph node metastasis, left cervical node	2	2640	USP31	42	26	0.5	metastasis
2	Locoregional skin metastasis, left ear	2	2640	USP31	68	22	0.5	metastasis
3	Distant skin metastasis, back	2	2640	USP31	56	14	0.5	metastasis
0	Primary, left ear	1	2641	GLE1	250	105	0.5	primary
1	Lymph node metastasis, left cervical node	1	2641	GLE1	355	103	0.5	metastasis
2	Locoregional skin metastasis, left ear	1	2641	GLE1	309	53	0.5	metastasis
3	Distant skin metastasis, back	1	2641	GLE1	319	147	0.5	metastasis
0	Primary, left ear	2	2642	GPR158	97	41	0.5	primary
1	Lymph node metastasis, left cervical node	2	2642	GPR158	112	37	0.5	metastasis
2	Locoregional skin metastasis, left ear	2	2642	GPR158	90	30	0.5	metastasis
3	Distant skin metastasis, back	2	2642	GPR158	87	27	0.5	metastasis
0	Primary, left ear	1	2643	NEB	37	19	0.5	primary
1	Lymph node metastasis, left cervical node	1	2643	NEB	51	12	0.5	metastasis
2	Locoregional skin metastasis, left ear	1	2643	NEB	49	11	0.5	metastasis
3	Distant skin metastasis, back	1	2643	NEB	64	26	0.5	metastasis
0	Primary, left ear	6	2644	OR4L1	319	152	0.5	primary
1	Lymph node metastasis, left cervical node	6	2644	OR4L1	372	102	0.5	metastasis
2	Locoregional skin metastasis, left ear	6	2644	OR4L1	273	62	0.5	metastasis
3	Distant skin metastasis, back	6	2644	OR4L1	289	85	0.5	metastasis
0	Primary, left ear	2	2645	ZNF266	120	68	0.5	primary
1	Lymph node metastasis, left cervical node	2	2645	ZNF266	228	70	0.5	metastasis
2	Locoregional skin metastasis, left ear	2	2645	ZNF266	106	28	0.5	metastasis
3	Distant skin metastasis, back	2	2645	ZNF266	141	61	0.5	metastasis
0	Primary, left ear	6	2646	ACOT4	132	69	0.5	primary
1	Lymph node metastasis, left cervical node	6	2646	ACOT4	205	51	0.5	metastasis
2	Locoregional skin metastasis, left ear	6	2646	ACOT4	75	13	0.5	metastasis
3	Distant skin metastasis, back	6	2646	ACOT4	142	47	0.5	metastasis
0	Primary, left ear	7	2647	SLC8A1	45	15	0.5	primary
1	Lymph node metastasis, left cervical node	7	2647	SLC8A1	28	10	0.5	metastasis
2	Locoregional skin metastasis, left ear	7	2647	SLC8A1	59	8	0.5	metastasis
3	Distant skin metastasis, back	7	2647	SLC8A1	34	11	0.5	metastasis
0	Primary, left ear	2	2648	WDR92	137	60	0.5	primary
1	Lymph node metastasis, left cervical node	2	2648	WDR92	169	56	0.5	metastasis
2	Locoregional skin metastasis, left ear	2	2648	WDR92	78	24	0.5	metastasis
3	Distant skin metastasis, back	2	2648	WDR92	156	67	0.5	metastasis
0	Primary, left ear	2	2649	EIF4G2	94	49	0.5	primary
1	Lymph node metastasis, left cervical node	2	2649	EIF4G2	113	41	0.5	metastasis
2	Locoregional skin metastasis, left ear	2	2649	EIF4G2	84	11	0.5	metastasis
3	Distant skin metastasis, back	2	2649	EIF4G2	82	42	0.5	metastasis
0	Primary, left ear	2	2650	TDRD5	72	35	0.5	primary
1	Lymph node metastasis, left cervical node	2	2650	TDRD5	90	41	0.5	metastasis
2	Locoregional skin metastasis, left ear	2	2650	TDRD5	51	13	0.5	metastasis
3	Distant skin metastasis, back	2	2650	TDRD5	67	32	0.5	metastasis
0	Primary, left ear	7	2651	EPHA4	50	20	0.5	primary
1	Lymph node metastasis, left cervical node	7	2651	EPHA4	44	18	0.5	metastasis
2	Locoregional skin metastasis, left ear	7	2651	EPHA4	28	7	0.5	metastasis
3	Distant skin metastasis, back	7	2651	EPHA4	51	13	0.5	metastasis
0	Primary, left ear	6	2652	PTPRK	57	30	0.5	primary
1	Lymph node metastasis, left cervical node	6	2652	PTPRK	60	16	0.5	metastasis
2	Locoregional skin metastasis, left ear	6	2652	PTPRK	22	10	0.5	metastasis
3	Distant skin metastasis, back	6	2652	PTPRK	70	19	0.5	metastasis
0	Primary, left ear	2	2653	CCKBR	341	162	0.5	primary
1	Lymph node metastasis, left cervical node	2	2653	CCKBR	419	149	0.5	metastasis
2	Locoregional skin metastasis, left ear	2	2653	CCKBR	626	139	0.5	metastasis
3	Distant skin metastasis, back	2	2653	CCKBR	337	147	0.5	metastasis
0	Primary, left ear	3	2654	LPPR1	281	73	0.5	primary
1	Lymph node metastasis, left cervical node	3	2654	LPPR1	223	72	0.5	metastasis
2	Locoregional skin metastasis, left ear	3	2654	LPPR1	215	33	0.5	metastasis
3	Distant skin metastasis, back	3	2654	LPPR1	237	43	0.5	metastasis
0	Primary, left ear	2	2655	MSH4	75	51	0.5	primary
1	Lymph node metastasis, left cervical node	2	2655	MSH4	69	30	0.5	metastasis
2	Locoregional skin metastasis, left ear	2	2655	MSH4	37	13	0.5	metastasis
3	Distant skin metastasis, back	2	2655	MSH4	69	29	0.5	metastasis
0	Primary, left ear	5	2656	PPYR1	606	132	0.5	primary
1	Lymph node metastasis, left cervical node	5	2656	PPYR1	763	112	0.5	metastasis
2	Locoregional skin metastasis, left ear	5	2656	PPYR1	838	81	0.5	metastasis
3	Distant skin metastasis, back	5	2656	PPYR1	668	107	0.5	metastasis
0	Primary, left ear	6	2657	TNC	31	13	0.5	primary
1	Lymph node metastasis, left cervical node	6	2657	TNC	62	19	0.5	metastasis
2	Locoregional skin metastasis, left ear	6	2657	TNC	35	8	0.5	metastasis
3	Distant skin metastasis, back	6	2657	TNC	42	11	0.5	metastasis
0	Primary, left ear	2	2658	KAT8	28	12	0.5	primary
1	Lymph node metastasis, left cervical node	2	2658	KAT8	31	14	0.5	metastasis
2	Locoregional skin metastasis, left ear	2	2658	KAT8	41	10	0.5	metastasis
3	Distant skin metastasis, back	2	2658	KAT8	34	15	0.5	metastasis
0	Primary, left ear	6	2659	MYH1	130	67	0.5	primary
1	Lymph node metastasis, left cervical node	6	2659	MYH1	140	41	0.5	metastasis
2	Locoregional skin metastasis, left ear	6	2659	MYH1	73	14	0.5	metastasis
3	Distant skin metastasis, back	6	2659	MYH1	113	37	0.5	metastasis
0	Primary, left ear	7	2660	SERPINA10	265	127	0.5	primary
1	Lymph node metastasis, left cervical node	7	2660	SERPINA10	329	131	0.5	metastasis
2	Locoregional skin metastasis, left ear	7	2660	SERPINA10	309	62	0.5	metastasis
3	Distant skin metastasis, back	7	2660	SERPINA10	267	81	0.5	metastasis
0	Primary, left ear	3	2661	STAT4	140	41	0.5	primary
1	Lymph node metastasis, left cervical node	3	2661	STAT4	153	45	0.5	metastasis
2	Locoregional skin metastasis, left ear	3	2661	STAT4	57	17	0.5	metastasis
3	Distant skin metastasis, back	3	2661	STAT4	140	34	0.5	metastasis
0	Primary, left ear	2	2662	SPDYC	204	107	0.5	primary
1	Lymph node metastasis, left cervical node	2	2662	SPDYC	259	102	0.5	metastasis
2	Locoregional skin metastasis, left ear	2	2662	SPDYC	271	65	0.5	metastasis
3	Distant skin metastasis, back	2	2662	SPDYC	227	92	0.5	metastasis
0	Primary, left ear	0	2663	MIA2	280	0	0.5	primary
1	Lymph node metastasis, left cervical node	0	2663	MIA2	339	0	0.5	metastasis
2	Locoregional skin metastasis, left ear	0	2663	MIA2	120	24	0.5	metastasis
3	Distant skin metastasis, back	0	2663	MIA2	316	0	0.5	metastasis
0	Primary, left ear	6	2664	KCTD17	175	101	0.5	primary
1	Lymph node metastasis, left cervical node	6	2664	KCTD17	261	80	0.5	metastasis
2	Locoregional skin metastasis, left ear	6	2664	KCTD17	257	40	0.5	metastasis
3	Distant skin metastasis, back	6	2664	KCTD17	242	85	0.5	metastasis
0	Primary, left ear	2	2665	IVL	22	6	0.5	primary
1	Lymph node metastasis, left cervical node	2	2665	IVL	29	14	0.5	metastasis
2	Locoregional skin metastasis, left ear	2	2665	IVL	19	5	0.5	metastasis
3	Distant skin metastasis, back	2	2665	IVL	17	8	0.5	metastasis
0	Primary, left ear	7	2666	ADAMTS14	32	8	0.5	primary
1	Lymph node metastasis, left cervical node	7	2666	ADAMTS14	28	10	0.5	metastasis
2	Locoregional skin metastasis, left ear	7	2666	ADAMTS14	34	4	0.5	metastasis
3	Distant skin metastasis, back	7	2666	ADAMTS14	21	6	0.5	metastasis
0	Primary, left ear	2	2667	FLVCR2	52	26	0.5	primary
1	Lymph node metastasis, left cervical node	2	2667	FLVCR2	73	34	0.5	metastasis
2	Locoregional skin metastasis, left ear	2	2667	FLVCR2	49	11	0.5	metastasis
3	Distant skin metastasis, back	2	2667	FLVCR2	53	26	0.5	metastasis
0	Primary, left ear	2	2668	ASXL3	192	77	0.5	primary
1	Lymph node metastasis, left cervical node	2	2668	ASXL3	211	75	0.5	metastasis
2	Locoregional skin metastasis, left ear	2	2668	ASXL3	76	41	0.5	metastasis
3	Distant skin metastasis, back	2	2668	ASXL3	209	77	0.5	metastasis
0	Primary, left ear	1	2669	PPP6R3	294	112	0.5	primary
1	Lymph node metastasis, left cervical node	1	2669	PPP6R3	353	95	0.5	metastasis
2	Locoregional skin metastasis, left ear	1	2669	PPP6R3	86	20	0.5	metastasis
3	Distant skin metastasis, back	1	2669	PPP6R3	233	106	0.5	metastasis
0	Primary, left ear	2	2670	AK8	31	17	0.5	primary
1	Lymph node metastasis, left cervical node	2	2670	AK8	34	12	0.5	metastasis
2	Locoregional skin metastasis, left ear	2	2670	AK8	28	7	0.5	metastasis
3	Distant skin metastasis, back	2	2670	AK8	25	5	0.5	metastasis
0	Primary, left ear	2	2671	KIAA0430	227	134	0.5	primary
1	Lymph node metastasis, left cervical node	2	2671	KIAA0430	347	138	0.5	metastasis
2	Locoregional skin metastasis, left ear	2	2671	KIAA0430	262	64	0.5	metastasis
3	Distant skin metastasis, back	2	2671	KIAA0430	314	95	0.5	metastasis
0	Primary, left ear	4	2672	CFHR4	15	5	0.5	primary
1	Lymph node metastasis, left cervical node	4	2672	CFHR4	12	2	0.5	metastasis
2	Locoregional skin metastasis, left ear	4	2672	CFHR4	9	0	0.5	metastasis
3	Distant skin metastasis, back	4	2672	CFHR4	19	3	0.5	metastasis
0	Primary, left ear	7	2673	OR52I2	64	32	0.5	primary
1	Lymph node metastasis, left cervical node	7	2673	OR52I2	65	28	0.5	metastasis
2	Locoregional skin metastasis, left ear	7	2673	OR52I2	74	9	0.5	metastasis
3	Distant skin metastasis, back	7	2673	OR52I2	59	18	0.5	metastasis
0	Primary, left ear	6	2674	AHNAK2	72	36	0.5	primary
1	Lymph node metastasis, left cervical node	6	2674	AHNAK2	86	28	0.5	metastasis
2	Locoregional skin metastasis, left ear	6	2674	AHNAK2	101	20	0.5	metastasis
3	Distant skin metastasis, back	6	2674	AHNAK2	90	22	0.5	metastasis
0	Primary, left ear	7	2675	IMPG2	329	158	0.5	primary
1	Lymph node metastasis, left cervical node	7	2675	IMPG2	414	162	0.5	metastasis
2	Locoregional skin metastasis, left ear	7	2675	IMPG2	332	65	0.5	metastasis
3	Distant skin metastasis, back	7	2675	IMPG2	369	114	0.5	metastasis
0	Primary, left ear	2	2676	TSGA10	165	97	0.5	primary
1	Lymph node metastasis, left cervical node	2	2676	TSGA10	175	73	0.5	metastasis
2	Locoregional skin metastasis, left ear	2	2676	TSGA10	145	38	0.5	metastasis
3	Distant skin metastasis, back	2	2676	TSGA10	191	78	0.5	metastasis
0	Primary, left ear	3	2677	AFAP1L2	34	13	0.5	primary
1	Lymph node metastasis, left cervical node	3	2677	AFAP1L2	46	13	0.5	metastasis
2	Locoregional skin metastasis, left ear	3	2677	AFAP1L2	51	10	0.5	metastasis
3	Distant skin metastasis, back	3	2677	AFAP1L2	50	6	0.5	metastasis
0	Primary, left ear	4	2678	CCDC78	162	67	0.5	primary
1	Lymph node metastasis, left cervical node	4	2678	CCDC78	169	43	0.5	metastasis
2	Locoregional skin metastasis, left ear	4	2678	CCDC78	228	33	0.5	metastasis
3	Distant skin metastasis, back	4	2678	CCDC78	211	83	0.5	metastasis
0	Primary, left ear	7	2679	FAM75D5	655	291	0.5	primary
1	Lymph node metastasis, left cervical node	7	2679	FAM75D5	635	299	0.5	metastasis
2	Locoregional skin metastasis, left ear	7	2679	FAM75D5	752	141	0.5	metastasis
3	Distant skin metastasis, back	7	2679	FAM75D5	634	179	0.5	metastasis
0	Primary, left ear	4	2680	OLFM3	433	186	0.5	primary
1	Lymph node metastasis, left cervical node	4	2680	OLFM3	497	147	0.5	metastasis
2	Locoregional skin metastasis, left ear	4	2680	OLFM3	353	59	0.5	metastasis
3	Distant skin metastasis, back	4	2680	OLFM3	403	135	0.5	metastasis
0	Primary, left ear	2	2681	A4GNT	61	32	0.5	primary
1	Lymph node metastasis, left cervical node	2	2681	A4GNT	63	28	0.5	metastasis
2	Locoregional skin metastasis, left ear	2	2681	A4GNT	89	22	0.5	metastasis
3	Distant skin metastasis, back	2	2681	A4GNT	64	25	0.5	metastasis
0	Primary, left ear	6	2682	ITIH5	125	64	0.5	primary
1	Lymph node metastasis, left cervical node	6	2682	ITIH5	206	64	0.5	metastasis
2	Locoregional skin metastasis, left ear	6	2682	ITIH5	133	37	0.5	metastasis
3	Distant skin metastasis, back	6	2682	ITIH5	129	32	0.5	metastasis
0	Primary, left ear	2	2683	KRTAP4-6	23	17	0.5	primary
1	Lymph node metastasis, left cervical node	2	2683	KRTAP4-6	28	13	0.5	metastasis
2	Locoregional skin metastasis, left ear	2	2683	KRTAP4-6	37	5	0.5	metastasis
3	Distant skin metastasis, back	2	2683	KRTAP4-6	24	13	0.5	metastasis
0	Primary, left ear	2	2684	OR5H6	21	9	0.5	primary
1	Lymph node metastasis, left cervical node	2	2684	OR5H6	19	9	0.5	metastasis
2	Locoregional skin metastasis, left ear	2	2684	OR5H6	9	3	0.5	metastasis
3	Distant skin metastasis, back	2	2684	OR5H6	18	12	0.5	metastasis
0	Primary, left ear	8	2685	FMO2	42	0	0.5	primary
1	Lymph node metastasis, left cervical node	8	2685	FMO2	37	0	0.5	metastasis
2	Locoregional skin metastasis, left ear	8	2685	FMO2	31	0	0.5	metastasis
3	Distant skin metastasis, back	8	2685	FMO2	31	4	0.5	metastasis
0	Primary, left ear	7	2686	PLG	74	44	0.5	primary
1	Lymph node metastasis, left cervical node	7	2686	PLG	79	32	0.5	metastasis
2	Locoregional skin metastasis, left ear	7	2686	PLG	123	25	0.5	metastasis
3	Distant skin metastasis, back	7	2686	PLG	77	17	0.5	metastasis
0	Primary, left ear	2	2687	PRKD3	53	32	0.5	primary
1	Lymph node metastasis, left cervical node	2	2687	PRKD3	74	22	0.5	metastasis
2	Locoregional skin metastasis, left ear	2	2687	PRKD3	25	7	0.5	metastasis
3	Distant skin metastasis, back	2	2687	PRKD3	45	24	0.5	metastasis
0	Primary, left ear	2	2688	SMC5	77	31	0.5	primary
1	Lymph node metastasis, left cervical node	2	2688	SMC5	105	33	0.5	metastasis
2	Locoregional skin metastasis, left ear	2	2688	SMC5	34	12	0.5	metastasis
3	Distant skin metastasis, back	2	2688	SMC5	75	28	0.5	metastasis
0	Primary, left ear	2	2689	KRT15	174	92	0.5	primary
1	Lymph node metastasis, left cervical node	2	2689	KRT15	189	67	0.5	metastasis
2	Locoregional skin metastasis, left ear	2	2689	KRT15	247	46	0.5	metastasis
3	Distant skin metastasis, back	2	2689	KRT15	201	70	0.5	metastasis
0	Primary, left ear	2	2690	FAM124B	52	35	0.5	primary
1	Lymph node metastasis, left cervical node	2	2690	FAM124B	47	30	0.5	metastasis
2	Locoregional skin metastasis, left ear	2	2690	FAM124B	50	7	0.5	metastasis
3	Distant skin metastasis, back	2	2690	FAM124B	47	24	0.5	metastasis
0	Primary, left ear	5	2691	ACSM5	37	9	0.5	primary
1	Lymph node metastasis, left cervical node	5	2691	ACSM5	28	5	0.5	metastasis
2	Locoregional skin metastasis, left ear	5	2691	ACSM5	26	2	0.5	metastasis
3	Distant skin metastasis, back	5	2691	ACSM5	21	3	0.5	metastasis
0	Primary, left ear	2	2692	DSC1	52	33	0.5	primary
1	Lymph node metastasis, left cervical node	2	2692	DSC1	58	15	0.5	metastasis
2	Locoregional skin metastasis, left ear	2	2692	DSC1	52	14	0.5	metastasis
3	Distant skin metastasis, back	2	2692	DSC1	53	21	0.5	metastasis
0	Primary, left ear	2	2693	RHBDL1	133	66	0.5	primary
1	Lymph node metastasis, left cervical node	2	2693	RHBDL1	116	57	0.5	metastasis
2	Locoregional skin metastasis, left ear	2	2693	RHBDL1	146	33	0.5	metastasis
3	Distant skin metastasis, back	2	2693	RHBDL1	160	66	0.5	metastasis
0	Primary, left ear	7	2694	SHANK2	81	23	0.5	primary
1	Lymph node metastasis, left cervical node	7	2694	SHANK2	58	28	0.5	metastasis
2	Locoregional skin metastasis, left ear	7	2694	SHANK2	77	11	0.5	metastasis
3	Distant skin metastasis, back	7	2694	SHANK2	62	17	0.5	metastasis
0	Primary, left ear	2	2695	CNTNAP4	65	42	0.5	primary
1	Lymph node metastasis, left cervical node	2	2695	CNTNAP4	91	28	0.5	metastasis
2	Locoregional skin metastasis, left ear	2	2695	CNTNAP4	51	8	0.5	metastasis
3	Distant skin metastasis, back	2	2695	CNTNAP4	73	27	0.5	metastasis
0	Primary, left ear	7	2696	ANXA9	214	95	0.5	primary
1	Lymph node metastasis, left cervical node	7	2696	ANXA9	263	104	0.5	metastasis
2	Locoregional skin metastasis, left ear	7	2696	ANXA9	216	48	0.5	metastasis
3	Distant skin metastasis, back	7	2696	ANXA9	246	75	0.5	metastasis
0	Primary, left ear	4	2697	CDYL2	74	28	0.5	primary
1	Lymph node metastasis, left cervical node	4	2697	CDYL2	108	27	0.5	metastasis
2	Locoregional skin metastasis, left ear	4	2697	CDYL2	81	18	0.5	metastasis
3	Distant skin metastasis, back	4	2697	CDYL2	102	23	0.5	metastasis
0	Primary, left ear	1	2698	FASTKD5	276	108	0.5	primary
1	Lymph node metastasis, left cervical node	1	2698	FASTKD5	296	103	0.5	metastasis
2	Locoregional skin metastasis, left ear	1	2698	FASTKD5	281	66	0.5	metastasis
3	Distant skin metastasis, back	1	2698	FASTKD5	284	105	0.5	metastasis
0	Primary, left ear	1	2699	ZNF423	256	111	0.5	primary
1	Lymph node metastasis, left cervical node	1	2699	ZNF423	345	100	0.5	metastasis
2	Locoregional skin metastasis, left ear	1	2699	ZNF423	373	93	0.5	metastasis
3	Distant skin metastasis, back	1	2699	ZNF423	299	105	0.5	metastasis
0	Primary, left ear	2	2700	LRRIQ4	215	107	0.5	primary
1	Lymph node metastasis, left cervical node	2	2700	LRRIQ4	236	110	0.5	metastasis
2	Locoregional skin metastasis, left ear	2	2700	LRRIQ4	276	60	0.5	metastasis
3	Distant skin metastasis, back	2	2700	LRRIQ4	247	87	0.5	metastasis
0	Primary, left ear	2	2701	BRIP1	101	48	0.5	primary
1	Lymph node metastasis, left cervical node	2	2701	BRIP1	119	38	0.5	metastasis
2	Locoregional skin metastasis, left ear	2	2701	BRIP1	66	17	0.5	metastasis
3	Distant skin metastasis, back	2	2701	BRIP1	110	38	0.5	metastasis
0	Primary, left ear	4	2702	MUC16	124	39	0.5	primary
1	Lymph node metastasis, left cervical node	4	2702	MUC16	121	31	0.5	metastasis
2	Locoregional skin metastasis, left ear	4	2702	MUC16	115	24	0.5	metastasis
3	Distant skin metastasis, back	4	2702	MUC16	94	32	0.5	metastasis
0	Primary, left ear	1	2703	PRKCB	287	129	0.5	primary
1	Lymph node metastasis, left cervical node	1	2703	PRKCB	345	112	0.5	metastasis
2	Locoregional skin metastasis, left ear	1	2703	PRKCB	278	55	0.5	metastasis
3	Distant skin metastasis, back	1	2703	PRKCB	278	96	0.5	metastasis
0	Primary, left ear	2	2704	DDX19B	40	12	0.5	primary
1	Lymph node metastasis, left cervical node	2	2704	DDX19B	54	30	0.5	metastasis
2	Locoregional skin metastasis, left ear	2	2704	DDX19B	69	15	0.5	metastasis
3	Distant skin metastasis, back	2	2704	DDX19B	50	26	0.5	metastasis
0	Primary, left ear	6	2705	PTH2R	113	78	0.5	primary
1	Lymph node metastasis, left cervical node	6	2705	PTH2R	143	44	0.5	metastasis
2	Locoregional skin metastasis, left ear	6	2705	PTH2R	53	6	0.5	metastasis
3	Distant skin metastasis, back	6	2705	PTH2R	108	42	0.5	metastasis
0	Primary, left ear	6	2706	2013-03-04 00	26	20	0.5	primary
1	Lymph node metastasis, left cervical node	6	2706	2013-03-04 00	35	10	0.5	metastasis
2	Locoregional skin metastasis, left ear	6	2706	2013-03-04 00	48	7	0.5	metastasis
3	Distant skin metastasis, back	6	2706	2013-03-04 00	42	9	0.5	metastasis
0	Primary, left ear	7	2707	LAMA3	153	46	0.5	primary
1	Lymph node metastasis, left cervical node	7	2707	LAMA3	146	54	0.5	metastasis
2	Locoregional skin metastasis, left ear	7	2707	LAMA3	225	51	0.5	metastasis
3	Distant skin metastasis, back	7	2707	LAMA3	167	44	0.5	metastasis
0	Primary, left ear	7	2708	VWA3B	45	16	0.5	primary
1	Lymph node metastasis, left cervical node	7	2708	VWA3B	34	13	0.5	metastasis
2	Locoregional skin metastasis, left ear	7	2708	VWA3B	21	8	0.5	metastasis
3	Distant skin metastasis, back	7	2708	VWA3B	37	5	0.5	metastasis
0	Primary, left ear	1	2709	PDZD7	80	39	0.5	primary
1	Lymph node metastasis, left cervical node	1	2709	PDZD7	87	25	0.5	metastasis
2	Locoregional skin metastasis, left ear	1	2709	PDZD7	104	19	0.5	metastasis
3	Distant skin metastasis, back	1	2709	PDZD7	113	41	0.5	metastasis
0	Primary, left ear	2	2710	RFX6	124	67	0.5	primary
1	Lymph node metastasis, left cervical node	2	2710	RFX6	128	56	0.5	metastasis
2	Locoregional skin metastasis, left ear	2	2710	RFX6	49	5	0.5	metastasis
3	Distant skin metastasis, back	2	2710	RFX6	115	39	0.5	metastasis
0	Primary, left ear	2	2711	LOC100130894	19	13	0.5	primary
1	Lymph node metastasis, left cervical node	2	2711	LOC100130894	27	7	0.5	metastasis
2	Locoregional skin metastasis, left ear	2	2711	LOC100130894	33	4	0.5	metastasis
3	Distant skin metastasis, back	2	2711	LOC100130894	29	11	0.5	metastasis
0	Primary, left ear	2	2712	PIEZO2	74	42	0.5	primary
1	Lymph node metastasis, left cervical node	2	2712	PIEZO2	87	36	0.5	metastasis
2	Locoregional skin metastasis, left ear	2	2712	PIEZO2	86	20	0.5	metastasis
3	Distant skin metastasis, back	2	2712	PIEZO2	82	32	0.5	metastasis
0	Primary, left ear	1	2713	ENTPD5	282	117	0.5	primary
1	Lymph node metastasis, left cervical node	1	2713	ENTPD5	404	132	0.5	metastasis
2	Locoregional skin metastasis, left ear	1	2713	ENTPD5	327	58	0.5	metastasis
3	Distant skin metastasis, back	1	2713	ENTPD5	273	99	0.5	metastasis
0	Primary, left ear	2	2714	CTNNA2	51	27	0.5	primary
1	Lymph node metastasis, left cervical node	2	2714	CTNNA2	70	22	0.5	metastasis
2	Locoregional skin metastasis, left ear	2	2714	CTNNA2	95	16	0.5	metastasis
3	Distant skin metastasis, back	2	2714	CTNNA2	55	21	0.5	metastasis
0	Primary, left ear	2	2715	MOV10	143	79	0.5	primary
1	Lymph node metastasis, left cervical node	2	2715	MOV10	200	71	0.5	metastasis
2	Locoregional skin metastasis, left ear	2	2715	MOV10	181	42	0.5	metastasis
3	Distant skin metastasis, back	2	2715	MOV10	157	65	0.5	metastasis
0	Primary, left ear	2	2716	NXN	76	33	0.5	primary
1	Lymph node metastasis, left cervical node	2	2716	NXN	79	32	0.5	metastasis
2	Locoregional skin metastasis, left ear	2	2716	NXN	96	28	0.5	metastasis
3	Distant skin metastasis, back	2	2716	NXN	87	30	0.5	metastasis
0	Primary, left ear	2	2717	TEKT3	163	88	0.5	primary
1	Lymph node metastasis, left cervical node	2	2717	TEKT3	200	77	0.5	metastasis
2	Locoregional skin metastasis, left ear	2	2717	TEKT3	133	32	0.5	metastasis
3	Distant skin metastasis, back	2	2717	TEKT3	163	51	0.5	metastasis
0	Primary, left ear	4	2718	DSCAM	135	48	0.5	primary
1	Lymph node metastasis, left cervical node	4	2718	DSCAM	151	47	0.5	metastasis
2	Locoregional skin metastasis, left ear	4	2718	DSCAM	191	43	0.5	metastasis
3	Distant skin metastasis, back	4	2718	DSCAM	134	42	0.5	metastasis
0	Primary, left ear	6	2719	ZZZ3	107	45	0.5	primary
1	Lymph node metastasis, left cervical node	6	2719	ZZZ3	166	47	0.5	metastasis
2	Locoregional skin metastasis, left ear	6	2719	ZZZ3	39	9	0.5	metastasis
3	Distant skin metastasis, back	6	2719	ZZZ3	111	26	0.5	metastasis
0	Primary, left ear	6	2720	QSOX2	101	51	0.5	primary
1	Lymph node metastasis, left cervical node	6	2720	QSOX2	123	31	0.5	metastasis
2	Locoregional skin metastasis, left ear	6	2720	QSOX2	89	12	0.5	metastasis
3	Distant skin metastasis, back	6	2720	QSOX2	102	26	0.5	metastasis
0	Primary, left ear	2	2721	MAX	171	76	0.5	primary
1	Lymph node metastasis, left cervical node	2	2721	MAX	215	84	0.5	metastasis
2	Locoregional skin metastasis, left ear	2	2721	MAX	201	36	0.5	metastasis
3	Distant skin metastasis, back	2	2721	MAX	170	75	0.5	metastasis
0	Primary, left ear	2	2722	ACTN2	21	6	0.5	primary
1	Lymph node metastasis, left cervical node	2	2722	ACTN2	19	9	0.5	metastasis
2	Locoregional skin metastasis, left ear	2	2722	ACTN2	12	6	0.5	metastasis
3	Distant skin metastasis, back	2	2722	ACTN2	20	8	0.5	metastasis
0	Primary, left ear	4	2723	OR13C8	171	64	0.5	primary
1	Lymph node metastasis, left cervical node	4	2723	OR13C8	196	60	0.5	metastasis
2	Locoregional skin metastasis, left ear	4	2723	OR13C8	160	28	0.5	metastasis
3	Distant skin metastasis, back	4	2723	OR13C8	143	42	0.5	metastasis
0	Primary, left ear	1	2724	DNAH2	645	279	0.5	primary
1	Lymph node metastasis, left cervical node	1	2724	DNAH2	830	258	0.5	metastasis
2	Locoregional skin metastasis, left ear	1	2724	DNAH2	988	210	0.5	metastasis
3	Distant skin metastasis, back	1	2724	DNAH2	781	296	0.5	metastasis
0	Primary, left ear	4	2725	CD226	199	68	0.5	primary
1	Lymph node metastasis, left cervical node	4	2725	CD226	196	62	0.5	metastasis
2	Locoregional skin metastasis, left ear	4	2725	CD226	296	50	0.5	metastasis
3	Distant skin metastasis, back	4	2725	CD226	172	54	0.5	metastasis
0	Primary, left ear	2	2726	ALDH3B1	17	4	0.5	primary
1	Lymph node metastasis, left cervical node	2	2726	ALDH3B1	18	12	0.5	metastasis
2	Locoregional skin metastasis, left ear	2	2726	ALDH3B1	28	10	0.5	metastasis
3	Distant skin metastasis, back	2	2726	ALDH3B1	18	14	0.5	metastasis
0	Primary, left ear	4	2727	PLK1S1	34	12	0.5	primary
1	Lymph node metastasis, left cervical node	4	2727	PLK1S1	36	6	0.5	metastasis
2	Locoregional skin metastasis, left ear	4	2727	PLK1S1	21	4	0.5	metastasis
3	Distant skin metastasis, back	4	2727	PLK1S1	35	10	0.5	metastasis
0	Primary, left ear	1	2728	ADAMTS10	119	50	0.5	primary
1	Lymph node metastasis, left cervical node	1	2728	ADAMTS10	178	55	0.5	metastasis
2	Locoregional skin metastasis, left ear	1	2728	ADAMTS10	184	45	0.5	metastasis
3	Distant skin metastasis, back	1	2728	ADAMTS10	146	49	0.5	metastasis
0	Primary, left ear	4	2729	CYP2C18	54	15	0.5	primary
1	Lymph node metastasis, left cervical node	4	2729	CYP2C18	89	16	0.5	metastasis
2	Locoregional skin metastasis, left ear	4	2729	CYP2C18	83	16	0.5	metastasis
3	Distant skin metastasis, back	4	2729	CYP2C18	72	13	0.5	metastasis
